{
  "before_code": "Statement\nconnection.createStatement()\npStatement.executeQuery(queryString)\nconnection.createStatement()\nqueryString\n",
  "after_code": "PreparedStatement\nconnection.prepareStatement(queryString)\npStatement.execute()\nconnection.prepareStatement(queryString)\n",
  "before_tree": {
    "label": "edit_root",
    "type": "edit_unit",
    "children": [
      {
        "type": "root",
        "children": [],
        "label": "Statement"
      },
      {
        "label": "createStatement",
        "type": "Invocation",
        "children": [
          {
            "label": "connection",
            "type": "FieldRead",
            "children": []
          }
        ]
      },
      {
        "label": "executeQuery",
        "type": "Invocation",
        "children": [
          {
            "label": "pStatement",
            "type": "VariableRead",
            "children": []
          },
          {
            "label": "queryString",
            "type": "VariableRead",
            "children": []
          }
        ]
      },
      {
        "label": "createStatement",
        "type": "Invocation",
        "children": [
          {
            "label": "connection",
            "type": "FieldRead",
            "children": []
          }
        ]
      },
      {
        "label": "queryString",
        "type": "VariableRead",
        "children": []
      }
    ]
  },
  "after_tree": {
    "label": "edit_root",
    "type": "edit_unit",
    "children": [
      {
        "type": "root",
        "children": [],
        "label": "PreparedStatement"
      },
      {
        "label": "prepareStatement",
        "type": "Invocation",
        "children": [
          {
            "label": "connection",
            "type": "FieldRead",
            "children": []
          },
          {
            "label": "queryString",
            "type": "VariableRead",
            "children": []
          }
        ]
      },
      {
        "label": "execute",
        "type": "Invocation",
        "children": [
          {
            "label": "pStatement",
            "type": "VariableRead",
            "children": []
          }
        ]
      },
      {
        "label": "prepareStatement",
        "type": "Invocation",
        "children": [
          {
            "label": "connection",
            "type": "FieldRead",
            "children": []
          },
          {
            "label": "queryString",
            "type": "VariableRead",
            "children": []
          }
        ]
      }
    ]
  }
}