{
  "before_code": "(((((((((\"UPDATE Usuarios SET \" + \"nome\u003d\") + pessoa.getNome()) + \",login\u003d\") + pessoa.getLogin()) + \",senha\u003d\") + pessoa.getSenha()) + \",email\u003d\") + pessoa.getEmail()) + \"+WHERE id\u003d\") + pessoa.getId()\nStatement\nconnection.createStatement(sql)\ncatch (SQLException e) {\r\n    e.printStackTrace();\r\n}\nsql\ncatch (SQLException e) {\r\n    e.printStackTrace();\r\n}\n",
  "after_code": "\"UPDATE Usuarios SET \" + \"nome\u003d?,login\u003d?, senha\u003d?, email\u003d? WHERE id\u003d?\"\nPreparedStatement\nconnection.prepareStatement(sql)\ncatch (SQLException e) {\r\n    e.printStackTrace();\r\n}\ntry {\r\n    stmt.setObject(1, pessoa.getNome());\r\n} catch (SQLException e) {\r\n    e.printStackTrace();\r\n}\ntry {\r\n    stmt.setObject(2, pessoa.getLogin());\r\n} catch (SQLException e) {\r\n    e.printStackTrace();\r\n}\ntry {\r\n    stmt.setObject(3, pessoa.getSenha());\r\n} catch (SQLException e) {\r\n    e.printStackTrace();\r\n}\ntry {\r\n    stmt.setObject(4, pessoa.getEmail());\r\n} catch (SQLException e) {\r\n    e.printStackTrace();\r\n}\ntry {\r\n    stmt.setObject(5, pessoa.getId());\r\n} catch (SQLException e) {\r\n    e.printStackTrace();\r\n}\ncatch (SQLException e) {\r\n    e.printStackTrace();\r\n}\n",
  "before_tree": {
    "label": "edit_root",
    "type": "edit_unit",
    "children": [
      {
        "label": "PLUS",
        "type": "BinaryOperator",
        "children": [
          {
            "label": "PLUS",
            "type": "BinaryOperator",
            "children": [
              {
                "label": "PLUS",
                "type": "BinaryOperator",
                "children": [
                  {
                    "label": "PLUS",
                    "type": "BinaryOperator",
                    "children": [
                      {
                        "label": "PLUS",
                        "type": "BinaryOperator",
                        "children": [
                          {
                            "label": "PLUS",
                            "type": "BinaryOperator",
                            "children": [
                              {
                                "label": "PLUS",
                                "type": "BinaryOperator",
                                "children": [
                                  {
                                    "label": "PLUS",
                                    "type": "BinaryOperator",
                                    "children": [
                                      {
                                        "label": "PLUS",
                                        "type": "BinaryOperator",
                                        "children": [
                                          {
                                            "label": "PLUS",
                                            "type": "BinaryOperator",
                                            "children": [
                                              {
                                                "label": "\"UPDATE Usuarios SET \"",
                                                "type": "Literal",
                                                "children": []
                                              },
                                              {
                                                "label": "\"nome\u003d\"",
                                                "type": "Literal",
                                                "children": []
                                              }
                                            ]
                                          },
                                          {
                                            "label": "getNome",
                                            "type": "Invocation",
                                            "children": [
                                              {
                                                "label": "pessoa",
                                                "type": "VariableRead",
                                                "children": []
                                              }
                                            ]
                                          }
                                        ]
                                      },
                                      {
                                        "label": "\",login\u003d\"",
                                        "type": "Literal",
                                        "children": []
                                      }
                                    ]
                                  },
                                  {
                                    "label": "getLogin",
                                    "type": "Invocation",
                                    "children": [
                                      {
                                        "label": "pessoa",
                                        "type": "VariableRead",
                                        "children": []
                                      }
                                    ]
                                  }
                                ]
                              },
                              {
                                "label": "\",senha\u003d\"",
                                "type": "Literal",
                                "children": []
                              }
                            ]
                          },
                          {
                            "label": "getSenha",
                            "type": "Invocation",
                            "children": [
                              {
                                "label": "pessoa",
                                "type": "VariableRead",
                                "children": []
                              }
                            ]
                          }
                        ]
                      },
                      {
                        "label": "\",email\u003d\"",
                        "type": "Literal",
                        "children": []
                      }
                    ]
                  },
                  {
                    "label": "getEmail",
                    "type": "Invocation",
                    "children": [
                      {
                        "label": "pessoa",
                        "type": "VariableRead",
                        "children": []
                      }
                    ]
                  }
                ]
              },
              {
                "label": "\"+WHERE id\u003d\"",
                "type": "Literal",
                "children": []
              }
            ]
          },
          {
            "label": "getId",
            "type": "Invocation",
            "children": [
              {
                "label": "pessoa",
                "type": "VariableRead",
                "children": []
              }
            ]
          }
        ]
      },
      {
        "type": "root",
        "children": [],
        "label": "Statement"
      },
      {
        "label": "createStatement",
        "type": "Invocation",
        "children": [
          {
            "label": "connection",
            "type": "FieldRead",
            "children": []
          },
          {
            "label": "sql",
            "type": "VariableRead",
            "children": []
          }
        ]
      },
      {
        "label": "",
        "type": "Catch",
        "children": [
          {
            "label": "e",
            "type": "CatchVariable",
            "children": [
              {
                "label": "SQLException",
                "type": "VARIABLE_TYPE",
                "children": []
              }
            ]
          },
          {
            "label": "printStackTrace",
            "type": "Invocation",
            "children": [
              {
                "label": "e",
                "type": "VariableRead",
                "children": []
              }
            ]
          }
        ]
      },
      {
        "label": "sql",
        "type": "VariableRead",
        "children": []
      },
      {
        "label": "",
        "type": "Catch",
        "children": [
          {
            "label": "e",
            "type": "CatchVariable",
            "children": [
              {
                "label": "SQLException",
                "type": "VARIABLE_TYPE",
                "children": []
              }
            ]
          },
          {
            "label": "printStackTrace",
            "type": "Invocation",
            "children": [
              {
                "label": "e",
                "type": "VariableRead",
                "children": []
              }
            ]
          }
        ]
      }
    ]
  },
  "after_tree": {
    "label": "edit_root",
    "type": "edit_unit",
    "children": [
      {
        "label": "PLUS",
        "type": "BinaryOperator",
        "children": [
          {
            "label": "\"UPDATE Usuarios SET \"",
            "type": "Literal",
            "children": []
          },
          {
            "label": "\"nome\u003d?,login\u003d?, senha\u003d?, email\u003d? WHERE id\u003d?\"",
            "type": "Literal",
            "children": []
          }
        ]
      },
      {
        "type": "root",
        "children": [],
        "label": "PreparedStatement"
      },
      {
        "label": "prepareStatement",
        "type": "Invocation",
        "children": [
          {
            "label": "connection",
            "type": "FieldRead",
            "children": []
          },
          {
            "label": "sql",
            "type": "VariableRead",
            "children": []
          }
        ]
      },
      {
        "label": "",
        "type": "Catch",
        "children": [
          {
            "label": "e",
            "type": "CatchVariable",
            "children": [
              {
                "label": "SQLException",
                "type": "VARIABLE_TYPE",
                "children": []
              }
            ]
          },
          {
            "label": "printStackTrace",
            "type": "Invocation",
            "children": [
              {
                "label": "e",
                "type": "VariableRead",
                "children": []
              }
            ]
          }
        ]
      },
      {
        "label": "",
        "type": "Try",
        "children": [
          {
            "label": "setObject",
            "type": "Invocation",
            "children": [
              {
                "label": "stmt",
                "type": "VariableRead",
                "children": []
              },
              {
                "label": "1",
                "type": "Literal",
                "children": []
              },
              {
                "label": "getNome",
                "type": "Invocation",
                "children": [
                  {
                    "label": "pessoa",
                    "type": "VariableRead",
                    "children": []
                  }
                ]
              }
            ]
          },
          {
            "label": "",
            "type": "Catch",
            "children": [
              {
                "label": "e",
                "type": "CatchVariable",
                "children": [
                  {
                    "label": "SQLException",
                    "type": "VARIABLE_TYPE",
                    "children": []
                  }
                ]
              },
              {
                "label": "printStackTrace",
                "type": "Invocation",
                "children": [
                  {
                    "label": "e",
                    "type": "VariableRead",
                    "children": []
                  }
                ]
              }
            ]
          }
        ]
      },
      {
        "label": "",
        "type": "Try",
        "children": [
          {
            "label": "setObject",
            "type": "Invocation",
            "children": [
              {
                "label": "stmt",
                "type": "VariableRead",
                "children": []
              },
              {
                "label": "2",
                "type": "Literal",
                "children": []
              },
              {
                "label": "getLogin",
                "type": "Invocation",
                "children": [
                  {
                    "label": "pessoa",
                    "type": "VariableRead",
                    "children": []
                  }
                ]
              }
            ]
          },
          {
            "label": "",
            "type": "Catch",
            "children": [
              {
                "label": "e",
                "type": "CatchVariable",
                "children": [
                  {
                    "label": "SQLException",
                    "type": "VARIABLE_TYPE",
                    "children": []
                  }
                ]
              },
              {
                "label": "printStackTrace",
                "type": "Invocation",
                "children": [
                  {
                    "label": "e",
                    "type": "VariableRead",
                    "children": []
                  }
                ]
              }
            ]
          }
        ]
      },
      {
        "label": "",
        "type": "Try",
        "children": [
          {
            "label": "setObject",
            "type": "Invocation",
            "children": [
              {
                "label": "stmt",
                "type": "VariableRead",
                "children": []
              },
              {
                "label": "3",
                "type": "Literal",
                "children": []
              },
              {
                "label": "getSenha",
                "type": "Invocation",
                "children": [
                  {
                    "label": "pessoa",
                    "type": "VariableRead",
                    "children": []
                  }
                ]
              }
            ]
          },
          {
            "label": "",
            "type": "Catch",
            "children": [
              {
                "label": "e",
                "type": "CatchVariable",
                "children": [
                  {
                    "label": "SQLException",
                    "type": "VARIABLE_TYPE",
                    "children": []
                  }
                ]
              },
              {
                "label": "printStackTrace",
                "type": "Invocation",
                "children": [
                  {
                    "label": "e",
                    "type": "VariableRead",
                    "children": []
                  }
                ]
              }
            ]
          }
        ]
      },
      {
        "label": "",
        "type": "Try",
        "children": [
          {
            "label": "setObject",
            "type": "Invocation",
            "children": [
              {
                "label": "stmt",
                "type": "VariableRead",
                "children": []
              },
              {
                "label": "4",
                "type": "Literal",
                "children": []
              },
              {
                "label": "getEmail",
                "type": "Invocation",
                "children": [
                  {
                    "label": "pessoa",
                    "type": "VariableRead",
                    "children": []
                  }
                ]
              }
            ]
          },
          {
            "label": "",
            "type": "Catch",
            "children": [
              {
                "label": "e",
                "type": "CatchVariable",
                "children": [
                  {
                    "label": "SQLException",
                    "type": "VARIABLE_TYPE",
                    "children": []
                  }
                ]
              },
              {
                "label": "printStackTrace",
                "type": "Invocation",
                "children": [
                  {
                    "label": "e",
                    "type": "VariableRead",
                    "children": []
                  }
                ]
              }
            ]
          }
        ]
      },
      {
        "label": "",
        "type": "Try",
        "children": [
          {
            "label": "setObject",
            "type": "Invocation",
            "children": [
              {
                "label": "stmt",
                "type": "VariableRead",
                "children": []
              },
              {
                "label": "5",
                "type": "Literal",
                "children": []
              },
              {
                "label": "getId",
                "type": "Invocation",
                "children": [
                  {
                    "label": "pessoa",
                    "type": "VariableRead",
                    "children": []
                  }
                ]
              }
            ]
          },
          {
            "label": "",
            "type": "Catch",
            "children": [
              {
                "label": "e",
                "type": "CatchVariable",
                "children": [
                  {
                    "label": "SQLException",
                    "type": "VARIABLE_TYPE",
                    "children": []
                  }
                ]
              },
              {
                "label": "printStackTrace",
                "type": "Invocation",
                "children": [
                  {
                    "label": "e",
                    "type": "VariableRead",
                    "children": []
                  }
                ]
              }
            ]
          }
        ]
      },
      {
        "label": "",
        "type": "Catch",
        "children": [
          {
            "label": "e",
            "type": "CatchVariable",
            "children": [
              {
                "label": "SQLException",
                "type": "VARIABLE_TYPE",
                "children": []
              }
            ]
          },
          {
            "label": "printStackTrace",
            "type": "Invocation",
            "children": [
              {
                "label": "e",
                "type": "VariableRead",
                "children": []
              }
            ]
          }
        ]
      }
    ]
  }
}