{
  "before_code": "Statement\nStatement pstmt \u003d conn.createStatement()\nStatement pstmt \u003d conn.createStatement()\nconn.createStatement()\nint\nint vrf \u003d pstmt.executeUpdate((\"delete from mensagem where id \u003d \u0027\" + id) + \"\u0027\")\npstmt.executeUpdate((\"delete from mensagem where id \u003d \u0027\" + id) + \"\u0027\")\n",
  "after_code": "PreparedStatement\nPreparedStatement pstmt \u003d conn.prepareStatement((\"delete from mensagem where id \u003d \u0027\" + id) + \"\u0027\")\nconn.prepareStatement((\"delete from mensagem where id \u003d \u0027\" + id) + \"\u0027\")\nint\nint vrf \u003d pstmt.executeUpdate()\nint vrf \u003d pstmt.executeUpdate()\npstmt.executeUpdate()\n",
  "before_tree": {
    "label": "edit_root",
    "type": "edit_unit",
    "children": [
      {
        "type": "root",
        "children": [],
        "label": "Statement"
      },
      {
        "label": "pstmt",
        "type": "LocalVariable",
        "children": [
          {
            "label": "Statement",
            "type": "VARIABLE_TYPE",
            "children": []
          },
          {
            "label": "createStatement",
            "type": "Invocation",
            "children": [
              {
                "label": "conn",
                "type": "FieldRead",
                "children": []
              }
            ]
          }
        ]
      },
      {
        "label": "pstmt",
        "type": "LocalVariable",
        "children": [
          {
            "label": "Statement",
            "type": "VARIABLE_TYPE",
            "children": []
          },
          {
            "label": "createStatement",
            "type": "Invocation",
            "children": [
              {
                "label": "conn",
                "type": "FieldRead",
                "children": []
              }
            ]
          }
        ]
      },
      {
        "label": "createStatement",
        "type": "Invocation",
        "children": [
          {
            "label": "conn",
            "type": "FieldRead",
            "children": []
          }
        ]
      },
      {
        "type": "root",
        "children": [],
        "label": "int"
      },
      {
        "label": "vrf",
        "type": "LocalVariable",
        "children": [
          {
            "label": "int",
            "type": "VARIABLE_TYPE",
            "children": []
          },
          {
            "label": "executeUpdate",
            "type": "Invocation",
            "children": [
              {
                "label": "pstmt",
                "type": "VariableRead",
                "children": []
              },
              {
                "label": "PLUS",
                "type": "BinaryOperator",
                "children": [
                  {
                    "label": "PLUS",
                    "type": "BinaryOperator",
                    "children": [
                      {
                        "label": "\"delete from mensagem where id \u003d \u0027\"",
                        "type": "Literal",
                        "children": []
                      },
                      {
                        "label": "id",
                        "type": "VariableRead",
                        "children": []
                      }
                    ]
                  },
                  {
                    "label": "\"\u0027\"",
                    "type": "Literal",
                    "children": []
                  }
                ]
              }
            ]
          }
        ]
      },
      {
        "label": "executeUpdate",
        "type": "Invocation",
        "children": [
          {
            "label": "pstmt",
            "type": "VariableRead",
            "children": []
          },
          {
            "label": "PLUS",
            "type": "BinaryOperator",
            "children": [
              {
                "label": "PLUS",
                "type": "BinaryOperator",
                "children": [
                  {
                    "label": "\"delete from mensagem where id \u003d \u0027\"",
                    "type": "Literal",
                    "children": []
                  },
                  {
                    "label": "id",
                    "type": "VariableRead",
                    "children": []
                  }
                ]
              },
              {
                "label": "\"\u0027\"",
                "type": "Literal",
                "children": []
              }
            ]
          }
        ]
      }
    ]
  },
  "after_tree": {
    "label": "edit_root",
    "type": "edit_unit",
    "children": [
      {
        "type": "root",
        "children": [],
        "label": "PreparedStatement"
      },
      {
        "label": "pstmt",
        "type": "LocalVariable",
        "children": [
          {
            "label": "PreparedStatement",
            "type": "VARIABLE_TYPE",
            "children": []
          },
          {
            "label": "prepareStatement",
            "type": "Invocation",
            "children": [
              {
                "label": "conn",
                "type": "FieldRead",
                "children": []
              },
              {
                "label": "PLUS",
                "type": "BinaryOperator",
                "children": [
                  {
                    "label": "PLUS",
                    "type": "BinaryOperator",
                    "children": [
                      {
                        "label": "\"delete from mensagem where id \u003d \u0027\"",
                        "type": "Literal",
                        "children": []
                      },
                      {
                        "label": "id",
                        "type": "VariableRead",
                        "children": []
                      }
                    ]
                  },
                  {
                    "label": "\"\u0027\"",
                    "type": "Literal",
                    "children": []
                  }
                ]
              }
            ]
          }
        ]
      },
      {
        "label": "prepareStatement",
        "type": "Invocation",
        "children": [
          {
            "label": "conn",
            "type": "FieldRead",
            "children": []
          },
          {
            "label": "PLUS",
            "type": "BinaryOperator",
            "children": [
              {
                "label": "PLUS",
                "type": "BinaryOperator",
                "children": [
                  {
                    "label": "\"delete from mensagem where id \u003d \u0027\"",
                    "type": "Literal",
                    "children": []
                  },
                  {
                    "label": "id",
                    "type": "VariableRead",
                    "children": []
                  }
                ]
              },
              {
                "label": "\"\u0027\"",
                "type": "Literal",
                "children": []
              }
            ]
          }
        ]
      },
      {
        "type": "root",
        "children": [],
        "label": "int"
      },
      {
        "label": "vrf",
        "type": "LocalVariable",
        "children": [
          {
            "label": "int",
            "type": "VARIABLE_TYPE",
            "children": []
          },
          {
            "label": "executeUpdate",
            "type": "Invocation",
            "children": [
              {
                "label": "pstmt",
                "type": "VariableRead",
                "children": []
              }
            ]
          }
        ]
      },
      {
        "label": "vrf",
        "type": "LocalVariable",
        "children": [
          {
            "label": "int",
            "type": "VARIABLE_TYPE",
            "children": []
          },
          {
            "label": "executeUpdate",
            "type": "Invocation",
            "children": [
              {
                "label": "pstmt",
                "type": "VariableRead",
                "children": []
              }
            ]
          }
        ]
      },
      {
        "label": "executeUpdate",
        "type": "Invocation",
        "children": [
          {
            "label": "pstmt",
            "type": "VariableRead",
            "children": []
          }
        ]
      }
    ]
  }
}