{
  "before_code": "c.createStatement()\njava.lang.String sql \u003d (((\"UPDATE ITEM set PRICE \u003d \u0027\" + PRICE) + \"\u0027 where ITEM_NAME LIKE \u0027\") + ITEM_NAME) + \"\u0027;\"\nsql\nc.createStatement()\nsql \u003d (((\"UPDATE ITEM set DEPARTMENT \u003d \u0027\" + DEPARTMENT) + \"\u0027 where ITEM_NAME LIKE \u0027\") + ITEM_NAME) + \"\u0027;\"\nsql\nstmt.close()\nShopNow.closeDB()\nc \u003d ShopNow.openDB()\nc.createStatement()\nsql \u003d (((\"UPDATE ITEM set DESCRIPTION \u003d \u0027\" + DESCRIPTION) + \"\u0027 where ITEM_NAME LIKE \u0027\") + ITEM_NAME) + \"\u0027;\"\nsql\nstmt.close()\nShopNow.closeDB()\nc \u003d ShopNow.openDB()\nstmt \u003d c.createStatement()\nstmt.executeUpdate(sql)\nstmt.close()\nShopNow.closeDB()\nc \u003d ShopNow.openDB()\nstmt \u003d c.createStatement()\nstmt.executeUpdate(sql)\nstmt.close()\nShopNow.closeDB()\nc \u003d ShopNow.openDB()\nstmt \u003d c.createStatement()\nstmt.executeUpdate(sql)\nstmt.close()\nShopNow.closeDB()\n",
  "after_code": "java.lang.String sql \u003d \"UPDATE ITEM set PRICE \u003d ? where ITEM_NAME LIKE ?;\"\nc.prepareStatement()\nstmt.setObject(1, PRICE)\nstmt.setObject(2, ITEM_NAME)\nsql \u003d \"UPDATE ITEM set DEPARTMENT \u003d ? where ITEM_NAME LIKE ?;\"\nc.prepareStatement(sql)\nstmt.setObject(1, DEPARTMENT)\nstmt.setObject(2, ITEM_NAME)\nstmt.close()\nShopNow.closeDB()\nc \u003d ShopNow.openDB()\nsql \u003d \"UPDATE ITEM set DESCRIPTION \u003d ? where ITEM_NAME LIKE ?;\"\nc.prepareStatement(sql)\nstmt.setObject(1, DESCRIPTION)\nstmt.setObject(2, ITEM_NAME)\nstmt.close()\nShopNow.closeDB()\nc \u003d ShopNow.openDB()\nstmt \u003d c.prepareStatement(sql)\nstmt.setObject(1, IMAGE)\nstmt.setObject(2, ITEM_NAME)\nstmt.executeUpdate()\nstmt.close()\nShopNow.closeDB()\nc \u003d ShopNow.openDB()\nstmt \u003d c.prepareStatement(sql)\nstmt.setObject(1, QUANTITY)\nstmt.setObject(2, ITEM_NAME)\nstmt.executeUpdate()\nstmt.close()\nShopNow.closeDB()\nc \u003d ShopNow.openDB()\nstmt \u003d c.prepareStatement(sql)\nstmt.setObject(1, ITEM_NAME)\nstmt.setObject(2, ITEM_NAME)\nstmt.executeUpdate()\nstmt.close()\nShopNow.closeDB()\n",
  "before_tree": {
    "label": "edit_root",
    "type": "edit_unit",
    "children": [
      {
        "label": "createStatement",
        "type": "Invocation",
        "children": [
          {
            "label": "c",
            "type": "FieldRead",
            "children": []
          }
        ]
      },
      {
        "label": "sql",
        "type": "LocalVariable",
        "children": [
          {
            "label": "java.lang.String",
            "type": "VARIABLE_TYPE",
            "children": []
          },
          {
            "label": "PLUS",
            "type": "BinaryOperator",
            "children": [
              {
                "label": "PLUS",
                "type": "BinaryOperator",
                "children": [
                  {
                    "label": "PLUS",
                    "type": "BinaryOperator",
                    "children": [
                      {
                        "label": "PLUS",
                        "type": "BinaryOperator",
                        "children": [
                          {
                            "label": "\"UPDATE ITEM set PRICE \u003d \u0027\"",
                            "type": "Literal",
                            "children": []
                          },
                          {
                            "label": "PRICE",
                            "type": "VariableRead",
                            "children": []
                          }
                        ]
                      },
                      {
                        "label": "\"\u0027 where ITEM_NAME LIKE \u0027\"",
                        "type": "Literal",
                        "children": []
                      }
                    ]
                  },
                  {
                    "label": "ITEM_NAME",
                    "type": "VariableRead",
                    "children": []
                  }
                ]
              },
              {
                "label": "\"\u0027;\"",
                "type": "Literal",
                "children": []
              }
            ]
          }
        ]
      },
      {
        "label": "sql",
        "type": "VariableRead",
        "children": []
      },
      {
        "label": "createStatement",
        "type": "Invocation",
        "children": [
          {
            "label": "c",
            "type": "FieldRead",
            "children": []
          }
        ]
      },
      {
        "label": "\u003d",
        "type": "Assignment",
        "children": [
          {
            "label": "sql",
            "type": "VariableWrite",
            "children": []
          },
          {
            "label": "PLUS",
            "type": "BinaryOperator",
            "children": [
              {
                "label": "PLUS",
                "type": "BinaryOperator",
                "children": [
                  {
                    "label": "PLUS",
                    "type": "BinaryOperator",
                    "children": [
                      {
                        "label": "PLUS",
                        "type": "BinaryOperator",
                        "children": [
                          {
                            "label": "\"UPDATE ITEM set DEPARTMENT \u003d \u0027\"",
                            "type": "Literal",
                            "children": []
                          },
                          {
                            "label": "DEPARTMENT",
                            "type": "VariableRead",
                            "children": []
                          }
                        ]
                      },
                      {
                        "label": "\"\u0027 where ITEM_NAME LIKE \u0027\"",
                        "type": "Literal",
                        "children": []
                      }
                    ]
                  },
                  {
                    "label": "ITEM_NAME",
                    "type": "VariableRead",
                    "children": []
                  }
                ]
              },
              {
                "label": "\"\u0027;\"",
                "type": "Literal",
                "children": []
              }
            ]
          }
        ]
      },
      {
        "label": "sql",
        "type": "VariableRead",
        "children": []
      },
      {
        "label": "close",
        "type": "Invocation",
        "children": [
          {
            "label": "stmt",
            "type": "FieldRead",
            "children": []
          }
        ]
      },
      {
        "label": "closeDB",
        "type": "Invocation",
        "children": [
          {
            "label": "ShopNow",
            "type": "TypeAccess",
            "children": []
          }
        ]
      },
      {
        "label": "\u003d",
        "type": "Assignment",
        "children": [
          {
            "label": "c",
            "type": "FieldWrite",
            "children": []
          },
          {
            "label": "openDB",
            "type": "Invocation",
            "children": [
              {
                "label": "ShopNow",
                "type": "TypeAccess",
                "children": []
              }
            ]
          }
        ]
      },
      {
        "label": "createStatement",
        "type": "Invocation",
        "children": [
          {
            "label": "c",
            "type": "FieldRead",
            "children": []
          }
        ]
      },
      {
        "label": "\u003d",
        "type": "Assignment",
        "children": [
          {
            "label": "sql",
            "type": "VariableWrite",
            "children": []
          },
          {
            "label": "PLUS",
            "type": "BinaryOperator",
            "children": [
              {
                "label": "PLUS",
                "type": "BinaryOperator",
                "children": [
                  {
                    "label": "PLUS",
                    "type": "BinaryOperator",
                    "children": [
                      {
                        "label": "PLUS",
                        "type": "BinaryOperator",
                        "children": [
                          {
                            "label": "\"UPDATE ITEM set DESCRIPTION \u003d \u0027\"",
                            "type": "Literal",
                            "children": []
                          },
                          {
                            "label": "DESCRIPTION",
                            "type": "VariableRead",
                            "children": []
                          }
                        ]
                      },
                      {
                        "label": "\"\u0027 where ITEM_NAME LIKE \u0027\"",
                        "type": "Literal",
                        "children": []
                      }
                    ]
                  },
                  {
                    "label": "ITEM_NAME",
                    "type": "VariableRead",
                    "children": []
                  }
                ]
              },
              {
                "label": "\"\u0027;\"",
                "type": "Literal",
                "children": []
              }
            ]
          }
        ]
      },
      {
        "label": "sql",
        "type": "VariableRead",
        "children": []
      },
      {
        "label": "close",
        "type": "Invocation",
        "children": [
          {
            "label": "stmt",
            "type": "FieldRead",
            "children": []
          }
        ]
      },
      {
        "label": "closeDB",
        "type": "Invocation",
        "children": [
          {
            "label": "ShopNow",
            "type": "TypeAccess",
            "children": []
          }
        ]
      },
      {
        "label": "\u003d",
        "type": "Assignment",
        "children": [
          {
            "label": "c",
            "type": "FieldWrite",
            "children": []
          },
          {
            "label": "openDB",
            "type": "Invocation",
            "children": [
              {
                "label": "ShopNow",
                "type": "TypeAccess",
                "children": []
              }
            ]
          }
        ]
      },
      {
        "label": "\u003d",
        "type": "Assignment",
        "children": [
          {
            "label": "stmt",
            "type": "FieldWrite",
            "children": []
          },
          {
            "label": "createStatement",
            "type": "Invocation",
            "children": [
              {
                "label": "c",
                "type": "FieldRead",
                "children": []
              }
            ]
          }
        ]
      },
      {
        "label": "executeUpdate",
        "type": "Invocation",
        "children": [
          {
            "label": "stmt",
            "type": "FieldRead",
            "children": []
          },
          {
            "label": "sql",
            "type": "VariableRead",
            "children": []
          }
        ]
      },
      {
        "label": "close",
        "type": "Invocation",
        "children": [
          {
            "label": "stmt",
            "type": "FieldRead",
            "children": []
          }
        ]
      },
      {
        "label": "closeDB",
        "type": "Invocation",
        "children": [
          {
            "label": "ShopNow",
            "type": "TypeAccess",
            "children": []
          }
        ]
      },
      {
        "label": "\u003d",
        "type": "Assignment",
        "children": [
          {
            "label": "c",
            "type": "FieldWrite",
            "children": []
          },
          {
            "label": "openDB",
            "type": "Invocation",
            "children": [
              {
                "label": "ShopNow",
                "type": "TypeAccess",
                "children": []
              }
            ]
          }
        ]
      },
      {
        "label": "\u003d",
        "type": "Assignment",
        "children": [
          {
            "label": "stmt",
            "type": "FieldWrite",
            "children": []
          },
          {
            "label": "createStatement",
            "type": "Invocation",
            "children": [
              {
                "label": "c",
                "type": "FieldRead",
                "children": []
              }
            ]
          }
        ]
      },
      {
        "label": "executeUpdate",
        "type": "Invocation",
        "children": [
          {
            "label": "stmt",
            "type": "FieldRead",
            "children": []
          },
          {
            "label": "sql",
            "type": "VariableRead",
            "children": []
          }
        ]
      },
      {
        "label": "close",
        "type": "Invocation",
        "children": [
          {
            "label": "stmt",
            "type": "FieldRead",
            "children": []
          }
        ]
      },
      {
        "label": "closeDB",
        "type": "Invocation",
        "children": [
          {
            "label": "ShopNow",
            "type": "TypeAccess",
            "children": []
          }
        ]
      },
      {
        "label": "\u003d",
        "type": "Assignment",
        "children": [
          {
            "label": "c",
            "type": "FieldWrite",
            "children": []
          },
          {
            "label": "openDB",
            "type": "Invocation",
            "children": [
              {
                "label": "ShopNow",
                "type": "TypeAccess",
                "children": []
              }
            ]
          }
        ]
      },
      {
        "label": "\u003d",
        "type": "Assignment",
        "children": [
          {
            "label": "stmt",
            "type": "FieldWrite",
            "children": []
          },
          {
            "label": "createStatement",
            "type": "Invocation",
            "children": [
              {
                "label": "c",
                "type": "FieldRead",
                "children": []
              }
            ]
          }
        ]
      },
      {
        "label": "executeUpdate",
        "type": "Invocation",
        "children": [
          {
            "label": "stmt",
            "type": "FieldRead",
            "children": []
          },
          {
            "label": "sql",
            "type": "VariableRead",
            "children": []
          }
        ]
      },
      {
        "label": "close",
        "type": "Invocation",
        "children": [
          {
            "label": "stmt",
            "type": "FieldRead",
            "children": []
          }
        ]
      },
      {
        "label": "closeDB",
        "type": "Invocation",
        "children": [
          {
            "label": "ShopNow",
            "type": "TypeAccess",
            "children": []
          }
        ]
      }
    ]
  },
  "after_tree": {
    "label": "edit_root",
    "type": "edit_unit",
    "children": [
      {
        "label": "sql",
        "type": "LocalVariable",
        "children": [
          {
            "label": "java.lang.String",
            "type": "VARIABLE_TYPE",
            "children": []
          },
          {
            "label": "\"UPDATE ITEM set PRICE \u003d ? where ITEM_NAME LIKE ?;\"",
            "type": "Literal",
            "children": []
          }
        ]
      },
      {
        "label": "prepareStatement",
        "type": "Invocation",
        "children": [
          {
            "label": "c",
            "type": "FieldRead",
            "children": []
          }
        ]
      },
      {
        "label": "setObject",
        "type": "Invocation",
        "children": [
          {
            "label": "stmt",
            "type": "FieldRead",
            "children": []
          },
          {
            "label": "1",
            "type": "Literal",
            "children": []
          },
          {
            "label": "PRICE",
            "type": "VariableRead",
            "children": []
          }
        ]
      },
      {
        "label": "setObject",
        "type": "Invocation",
        "children": [
          {
            "label": "stmt",
            "type": "FieldRead",
            "children": []
          },
          {
            "label": "2",
            "type": "Literal",
            "children": []
          },
          {
            "label": "ITEM_NAME",
            "type": "VariableRead",
            "children": []
          }
        ]
      },
      {
        "label": "\u003d",
        "type": "Assignment",
        "children": [
          {
            "label": "sql",
            "type": "VariableWrite",
            "children": []
          },
          {
            "label": "\"UPDATE ITEM set DEPARTMENT \u003d ? where ITEM_NAME LIKE ?;\"",
            "type": "Literal",
            "children": []
          }
        ]
      },
      {
        "label": "prepareStatement",
        "type": "Invocation",
        "children": [
          {
            "label": "c",
            "type": "FieldRead",
            "children": []
          },
          {
            "label": "sql",
            "type": "VariableRead",
            "children": []
          }
        ]
      },
      {
        "label": "setObject",
        "type": "Invocation",
        "children": [
          {
            "label": "stmt",
            "type": "FieldRead",
            "children": []
          },
          {
            "label": "1",
            "type": "Literal",
            "children": []
          },
          {
            "label": "DEPARTMENT",
            "type": "VariableRead",
            "children": []
          }
        ]
      },
      {
        "label": "setObject",
        "type": "Invocation",
        "children": [
          {
            "label": "stmt",
            "type": "FieldRead",
            "children": []
          },
          {
            "label": "2",
            "type": "Literal",
            "children": []
          },
          {
            "label": "ITEM_NAME",
            "type": "VariableRead",
            "children": []
          }
        ]
      },
      {
        "label": "close",
        "type": "Invocation",
        "children": [
          {
            "label": "stmt",
            "type": "FieldRead",
            "children": []
          }
        ]
      },
      {
        "label": "closeDB",
        "type": "Invocation",
        "children": [
          {
            "label": "ShopNow",
            "type": "TypeAccess",
            "children": []
          }
        ]
      },
      {
        "label": "\u003d",
        "type": "Assignment",
        "children": [
          {
            "label": "c",
            "type": "FieldWrite",
            "children": []
          },
          {
            "label": "openDB",
            "type": "Invocation",
            "children": [
              {
                "label": "ShopNow",
                "type": "TypeAccess",
                "children": []
              }
            ]
          }
        ]
      },
      {
        "label": "\u003d",
        "type": "Assignment",
        "children": [
          {
            "label": "sql",
            "type": "VariableWrite",
            "children": []
          },
          {
            "label": "\"UPDATE ITEM set DESCRIPTION \u003d ? where ITEM_NAME LIKE ?;\"",
            "type": "Literal",
            "children": []
          }
        ]
      },
      {
        "label": "prepareStatement",
        "type": "Invocation",
        "children": [
          {
            "label": "c",
            "type": "FieldRead",
            "children": []
          },
          {
            "label": "sql",
            "type": "VariableRead",
            "children": []
          }
        ]
      },
      {
        "label": "setObject",
        "type": "Invocation",
        "children": [
          {
            "label": "stmt",
            "type": "FieldRead",
            "children": []
          },
          {
            "label": "1",
            "type": "Literal",
            "children": []
          },
          {
            "label": "DESCRIPTION",
            "type": "VariableRead",
            "children": []
          }
        ]
      },
      {
        "label": "setObject",
        "type": "Invocation",
        "children": [
          {
            "label": "stmt",
            "type": "FieldRead",
            "children": []
          },
          {
            "label": "2",
            "type": "Literal",
            "children": []
          },
          {
            "label": "ITEM_NAME",
            "type": "VariableRead",
            "children": []
          }
        ]
      },
      {
        "label": "close",
        "type": "Invocation",
        "children": [
          {
            "label": "stmt",
            "type": "FieldRead",
            "children": []
          }
        ]
      },
      {
        "label": "closeDB",
        "type": "Invocation",
        "children": [
          {
            "label": "ShopNow",
            "type": "TypeAccess",
            "children": []
          }
        ]
      },
      {
        "label": "\u003d",
        "type": "Assignment",
        "children": [
          {
            "label": "c",
            "type": "FieldWrite",
            "children": []
          },
          {
            "label": "openDB",
            "type": "Invocation",
            "children": [
              {
                "label": "ShopNow",
                "type": "TypeAccess",
                "children": []
              }
            ]
          }
        ]
      },
      {
        "label": "\u003d",
        "type": "Assignment",
        "children": [
          {
            "label": "stmt",
            "type": "FieldWrite",
            "children": []
          },
          {
            "label": "prepareStatement",
            "type": "Invocation",
            "children": [
              {
                "label": "c",
                "type": "FieldRead",
                "children": []
              },
              {
                "label": "sql",
                "type": "VariableRead",
                "children": []
              }
            ]
          }
        ]
      },
      {
        "label": "setObject",
        "type": "Invocation",
        "children": [
          {
            "label": "stmt",
            "type": "FieldRead",
            "children": []
          },
          {
            "label": "1",
            "type": "Literal",
            "children": []
          },
          {
            "label": "IMAGE",
            "type": "VariableRead",
            "children": []
          }
        ]
      },
      {
        "label": "setObject",
        "type": "Invocation",
        "children": [
          {
            "label": "stmt",
            "type": "FieldRead",
            "children": []
          },
          {
            "label": "2",
            "type": "Literal",
            "children": []
          },
          {
            "label": "ITEM_NAME",
            "type": "VariableRead",
            "children": []
          }
        ]
      },
      {
        "label": "executeUpdate",
        "type": "Invocation",
        "children": [
          {
            "label": "stmt",
            "type": "FieldRead",
            "children": []
          }
        ]
      },
      {
        "label": "close",
        "type": "Invocation",
        "children": [
          {
            "label": "stmt",
            "type": "FieldRead",
            "children": []
          }
        ]
      },
      {
        "label": "closeDB",
        "type": "Invocation",
        "children": [
          {
            "label": "ShopNow",
            "type": "TypeAccess",
            "children": []
          }
        ]
      },
      {
        "label": "\u003d",
        "type": "Assignment",
        "children": [
          {
            "label": "c",
            "type": "FieldWrite",
            "children": []
          },
          {
            "label": "openDB",
            "type": "Invocation",
            "children": [
              {
                "label": "ShopNow",
                "type": "TypeAccess",
                "children": []
              }
            ]
          }
        ]
      },
      {
        "label": "\u003d",
        "type": "Assignment",
        "children": [
          {
            "label": "stmt",
            "type": "FieldWrite",
            "children": []
          },
          {
            "label": "prepareStatement",
            "type": "Invocation",
            "children": [
              {
                "label": "c",
                "type": "FieldRead",
                "children": []
              },
              {
                "label": "sql",
                "type": "VariableRead",
                "children": []
              }
            ]
          }
        ]
      },
      {
        "label": "setObject",
        "type": "Invocation",
        "children": [
          {
            "label": "stmt",
            "type": "FieldRead",
            "children": []
          },
          {
            "label": "1",
            "type": "Literal",
            "children": []
          },
          {
            "label": "QUANTITY",
            "type": "VariableRead",
            "children": []
          }
        ]
      },
      {
        "label": "setObject",
        "type": "Invocation",
        "children": [
          {
            "label": "stmt",
            "type": "FieldRead",
            "children": []
          },
          {
            "label": "2",
            "type": "Literal",
            "children": []
          },
          {
            "label": "ITEM_NAME",
            "type": "VariableRead",
            "children": []
          }
        ]
      },
      {
        "label": "executeUpdate",
        "type": "Invocation",
        "children": [
          {
            "label": "stmt",
            "type": "FieldRead",
            "children": []
          }
        ]
      },
      {
        "label": "close",
        "type": "Invocation",
        "children": [
          {
            "label": "stmt",
            "type": "FieldRead",
            "children": []
          }
        ]
      },
      {
        "label": "closeDB",
        "type": "Invocation",
        "children": [
          {
            "label": "ShopNow",
            "type": "TypeAccess",
            "children": []
          }
        ]
      },
      {
        "label": "\u003d",
        "type": "Assignment",
        "children": [
          {
            "label": "c",
            "type": "FieldWrite",
            "children": []
          },
          {
            "label": "openDB",
            "type": "Invocation",
            "children": [
              {
                "label": "ShopNow",
                "type": "TypeAccess",
                "children": []
              }
            ]
          }
        ]
      },
      {
        "label": "\u003d",
        "type": "Assignment",
        "children": [
          {
            "label": "stmt",
            "type": "FieldWrite",
            "children": []
          },
          {
            "label": "prepareStatement",
            "type": "Invocation",
            "children": [
              {
                "label": "c",
                "type": "FieldRead",
                "children": []
              },
              {
                "label": "sql",
                "type": "VariableRead",
                "children": []
              }
            ]
          }
        ]
      },
      {
        "label": "setObject",
        "type": "Invocation",
        "children": [
          {
            "label": "stmt",
            "type": "FieldRead",
            "children": []
          },
          {
            "label": "1",
            "type": "Literal",
            "children": []
          },
          {
            "label": "ITEM_NAME",
            "type": "VariableRead",
            "children": []
          }
        ]
      },
      {
        "label": "setObject",
        "type": "Invocation",
        "children": [
          {
            "label": "stmt",
            "type": "FieldRead",
            "children": []
          },
          {
            "label": "2",
            "type": "Literal",
            "children": []
          },
          {
            "label": "ITEM_NAME",
            "type": "VariableRead",
            "children": []
          }
        ]
      },
      {
        "label": "executeUpdate",
        "type": "Invocation",
        "children": [
          {
            "label": "stmt",
            "type": "FieldRead",
            "children": []
          }
        ]
      },
      {
        "label": "close",
        "type": "Invocation",
        "children": [
          {
            "label": "stmt",
            "type": "FieldRead",
            "children": []
          }
        ]
      },
      {
        "label": "closeDB",
        "type": "Invocation",
        "children": [
          {
            "label": "ShopNow",
            "type": "TypeAccess",
            "children": []
          }
        ]
      }
    ]
  }
}