{
  "before_code": "Statement\nconn.createStatement()\nsql \u003d ((((\"UPDATE member SET memo\u003d\" + memos[i]) + \", rating\u003d\") + java.lang.Integer.parseInt(ratings[i])) + \" WHERE id\u003d\") + ids[i]\nsql\n",
  "after_code": "PreparedStatement\n\"UPDATE member SET memo\u003d?, rating\u003d? WHERE id\u003d?\"\nconn.prepareStatement(sql)\nps.setObject(1, memos[i])\nps.setObject(2, java.lang.Integer.parseInt(ratings[i]))\nps.setObject(3, ids[i])\n",
  "before_tree": {
    "label": "edit_root",
    "type": "edit_unit",
    "children": [
      {
        "type": "root",
        "children": [],
        "label": "Statement"
      },
      {
        "label": "createStatement",
        "type": "Invocation",
        "children": [
          {
            "label": "conn",
            "type": "VariableRead",
            "children": []
          }
        ]
      },
      {
        "label": "\u003d",
        "type": "Assignment",
        "children": [
          {
            "label": "sql",
            "type": "VariableWrite",
            "children": []
          },
          {
            "label": "PLUS",
            "type": "BinaryOperator",
            "children": [
              {
                "label": "PLUS",
                "type": "BinaryOperator",
                "children": [
                  {
                    "label": "PLUS",
                    "type": "BinaryOperator",
                    "children": [
                      {
                        "label": "PLUS",
                        "type": "BinaryOperator",
                        "children": [
                          {
                            "label": "PLUS",
                            "type": "BinaryOperator",
                            "children": [
                              {
                                "label": "\"UPDATE member SET memo\u003d\"",
                                "type": "Literal",
                                "children": []
                              },
                              {
                                "label": "",
                                "type": "ArrayRead",
                                "children": [
                                  {
                                    "label": "memos",
                                    "type": "VariableRead",
                                    "children": []
                                  },
                                  {
                                    "label": "i",
                                    "type": "VariableRead",
                                    "children": []
                                  }
                                ]
                              }
                            ]
                          },
                          {
                            "label": "\", rating\u003d\"",
                            "type": "Literal",
                            "children": []
                          }
                        ]
                      },
                      {
                        "label": "parseInt",
                        "type": "Invocation",
                        "children": [
                          {
                            "label": "java.lang.Integer",
                            "type": "TypeAccess",
                            "children": []
                          },
                          {
                            "label": "",
                            "type": "ArrayRead",
                            "children": [
                              {
                                "label": "ratings",
                                "type": "VariableRead",
                                "children": []
                              },
                              {
                                "label": "i",
                                "type": "VariableRead",
                                "children": []
                              }
                            ]
                          }
                        ]
                      }
                    ]
                  },
                  {
                    "label": "\" WHERE id\u003d\"",
                    "type": "Literal",
                    "children": []
                  }
                ]
              },
              {
                "label": "",
                "type": "ArrayRead",
                "children": [
                  {
                    "label": "ids",
                    "type": "VariableRead",
                    "children": []
                  },
                  {
                    "label": "i",
                    "type": "VariableRead",
                    "children": []
                  }
                ]
              }
            ]
          }
        ]
      },
      {
        "label": "sql",
        "type": "VariableRead",
        "children": []
      }
    ]
  },
  "after_tree": {
    "label": "edit_root",
    "type": "edit_unit",
    "children": [
      {
        "type": "root",
        "children": [],
        "label": "PreparedStatement"
      },
      {
        "label": "\"UPDATE member SET memo\u003d?, rating\u003d? WHERE id\u003d?\"",
        "type": "Literal",
        "children": []
      },
      {
        "label": "prepareStatement",
        "type": "Invocation",
        "children": [
          {
            "label": "conn",
            "type": "VariableRead",
            "children": []
          },
          {
            "label": "sql",
            "type": "VariableRead",
            "children": []
          }
        ]
      },
      {
        "label": "setObject",
        "type": "Invocation",
        "children": [
          {
            "label": "ps",
            "type": "VariableRead",
            "children": []
          },
          {
            "label": "1",
            "type": "Literal",
            "children": []
          },
          {
            "label": "",
            "type": "ArrayRead",
            "children": [
              {
                "label": "memos",
                "type": "VariableRead",
                "children": []
              },
              {
                "label": "i",
                "type": "VariableRead",
                "children": []
              }
            ]
          }
        ]
      },
      {
        "label": "setObject",
        "type": "Invocation",
        "children": [
          {
            "label": "ps",
            "type": "VariableRead",
            "children": []
          },
          {
            "label": "2",
            "type": "Literal",
            "children": []
          },
          {
            "label": "parseInt",
            "type": "Invocation",
            "children": [
              {
                "label": "java.lang.Integer",
                "type": "TypeAccess",
                "children": []
              },
              {
                "label": "",
                "type": "ArrayRead",
                "children": [
                  {
                    "label": "ratings",
                    "type": "VariableRead",
                    "children": []
                  },
                  {
                    "label": "i",
                    "type": "VariableRead",
                    "children": []
                  }
                ]
              }
            ]
          }
        ]
      },
      {
        "label": "setObject",
        "type": "Invocation",
        "children": [
          {
            "label": "ps",
            "type": "VariableRead",
            "children": []
          },
          {
            "label": "3",
            "type": "Literal",
            "children": []
          },
          {
            "label": "",
            "type": "ArrayRead",
            "children": [
              {
                "label": "ids",
                "type": "VariableRead",
                "children": []
              },
              {
                "label": "i",
                "type": "VariableRead",
                "children": []
              }
            ]
          }
        ]
      }
    ]
  }
}