{
  "before_code": "(\"DELETE FROM organisms WHERE complete_name\u003d\u0027\" + result[5]) + \"\u0027 \"\nStatement\nsql_borrar\n(((((((((((((\"INSERT INTO organisms VALUES (\u0027\" + result[0]) + \"\u0027, \u0027\") + result[1]) + \"\u0027, \u0027\") + result[2]) + \"\u0027, \u0027\") + result[3]) + \"\u0027, UPPER(\u0027\") + result[4]) + \"\u0027), \u0027\") + result[5]) + \"\u0027, \u0027\") + result[6]) + \"\u0027)\"\nStatement\nsql_guardar\n",
  "after_code": "\"DELETE FROM organisms WHERE complete_name\u003d\u0027?\u0027 \"\nPreparedStatement\nsql_borrar\nsentencia.setObject(1, result[5])\n\"INSERT INTO organisms VALUES (\u0027?\u0027, \u0027?\u0027, \u0027?\u0027, \u0027?\u0027, UPPER(\u0027?\u0027), \u0027?\u0027, \u0027?\u0027)\"\nPreparedStatement\nsql_guardar\nsentencia.setObject(1, result[0])\nsentencia.setObject(2, result[1])\nsentencia.setObject(3, result[2])\nsentencia.setObject(4, result[3])\nsentencia.setObject(5, result[4])\nsentencia.setObject(6, result[5])\nsentencia.setObject(7, result[6])\n",
  "before_tree": {
    "label": "edit_root",
    "type": "edit_unit",
    "children": [
      {
        "label": "PLUS",
        "type": "BinaryOperator",
        "children": [
          {
            "label": "PLUS",
            "type": "BinaryOperator",
            "children": [
              {
                "label": "\"DELETE FROM organisms WHERE complete_name\u003d\u0027\"",
                "type": "Literal",
                "children": []
              },
              {
                "label": "",
                "type": "ArrayRead",
                "children": [
                  {
                    "label": "result",
                    "type": "VariableRead",
                    "children": []
                  },
                  {
                    "label": "5",
                    "type": "Literal",
                    "children": []
                  }
                ]
              }
            ]
          },
          {
            "label": "\"\u0027 \"",
            "type": "Literal",
            "children": []
          }
        ]
      },
      {
        "type": "root",
        "children": [],
        "label": "Statement"
      },
      {
        "label": "sql_borrar",
        "type": "VariableRead",
        "children": []
      },
      {
        "label": "PLUS",
        "type": "BinaryOperator",
        "children": [
          {
            "label": "PLUS",
            "type": "BinaryOperator",
            "children": [
              {
                "label": "PLUS",
                "type": "BinaryOperator",
                "children": [
                  {
                    "label": "PLUS",
                    "type": "BinaryOperator",
                    "children": [
                      {
                        "label": "PLUS",
                        "type": "BinaryOperator",
                        "children": [
                          {
                            "label": "PLUS",
                            "type": "BinaryOperator",
                            "children": [
                              {
                                "label": "PLUS",
                                "type": "BinaryOperator",
                                "children": [
                                  {
                                    "label": "PLUS",
                                    "type": "BinaryOperator",
                                    "children": [
                                      {
                                        "label": "PLUS",
                                        "type": "BinaryOperator",
                                        "children": [
                                          {
                                            "label": "PLUS",
                                            "type": "BinaryOperator",
                                            "children": [
                                              {
                                                "label": "PLUS",
                                                "type": "BinaryOperator",
                                                "children": [
                                                  {
                                                    "label": "PLUS",
                                                    "type": "BinaryOperator",
                                                    "children": [
                                                      {
                                                        "label": "PLUS",
                                                        "type": "BinaryOperator",
                                                        "children": [
                                                          {
                                                            "label": "PLUS",
                                                            "type": "BinaryOperator",
                                                            "children": [
                                                              {
                                                                "label": "\"INSERT INTO organisms VALUES (\u0027\"",
                                                                "type": "Literal",
                                                                "children": []
                                                              },
                                                              {
                                                                "label": "",
                                                                "type": "ArrayRead",
                                                                "children": [
                                                                  {
                                                                    "label": "result",
                                                                    "type": "VariableRead",
                                                                    "children": []
                                                                  },
                                                                  {
                                                                    "label": "0",
                                                                    "type": "Literal",
                                                                    "children": []
                                                                  }
                                                                ]
                                                              }
                                                            ]
                                                          },
                                                          {
                                                            "label": "\"\u0027, \u0027\"",
                                                            "type": "Literal",
                                                            "children": []
                                                          }
                                                        ]
                                                      },
                                                      {
                                                        "label": "",
                                                        "type": "ArrayRead",
                                                        "children": [
                                                          {
                                                            "label": "result",
                                                            "type": "VariableRead",
                                                            "children": []
                                                          },
                                                          {
                                                            "label": "1",
                                                            "type": "Literal",
                                                            "children": []
                                                          }
                                                        ]
                                                      }
                                                    ]
                                                  },
                                                  {
                                                    "label": "\"\u0027, \u0027\"",
                                                    "type": "Literal",
                                                    "children": []
                                                  }
                                                ]
                                              },
                                              {
                                                "label": "",
                                                "type": "ArrayRead",
                                                "children": [
                                                  {
                                                    "label": "result",
                                                    "type": "VariableRead",
                                                    "children": []
                                                  },
                                                  {
                                                    "label": "2",
                                                    "type": "Literal",
                                                    "children": []
                                                  }
                                                ]
                                              }
                                            ]
                                          },
                                          {
                                            "label": "\"\u0027, \u0027\"",
                                            "type": "Literal",
                                            "children": []
                                          }
                                        ]
                                      },
                                      {
                                        "label": "",
                                        "type": "ArrayRead",
                                        "children": [
                                          {
                                            "label": "result",
                                            "type": "VariableRead",
                                            "children": []
                                          },
                                          {
                                            "label": "3",
                                            "type": "Literal",
                                            "children": []
                                          }
                                        ]
                                      }
                                    ]
                                  },
                                  {
                                    "label": "\"\u0027, UPPER(\u0027\"",
                                    "type": "Literal",
                                    "children": []
                                  }
                                ]
                              },
                              {
                                "label": "",
                                "type": "ArrayRead",
                                "children": [
                                  {
                                    "label": "result",
                                    "type": "VariableRead",
                                    "children": []
                                  },
                                  {
                                    "label": "4",
                                    "type": "Literal",
                                    "children": []
                                  }
                                ]
                              }
                            ]
                          },
                          {
                            "label": "\"\u0027), \u0027\"",
                            "type": "Literal",
                            "children": []
                          }
                        ]
                      },
                      {
                        "label": "",
                        "type": "ArrayRead",
                        "children": [
                          {
                            "label": "result",
                            "type": "VariableRead",
                            "children": []
                          },
                          {
                            "label": "5",
                            "type": "Literal",
                            "children": []
                          }
                        ]
                      }
                    ]
                  },
                  {
                    "label": "\"\u0027, \u0027\"",
                    "type": "Literal",
                    "children": []
                  }
                ]
              },
              {
                "label": "",
                "type": "ArrayRead",
                "children": [
                  {
                    "label": "result",
                    "type": "VariableRead",
                    "children": []
                  },
                  {
                    "label": "6",
                    "type": "Literal",
                    "children": []
                  }
                ]
              }
            ]
          },
          {
            "label": "\"\u0027)\"",
            "type": "Literal",
            "children": []
          }
        ]
      },
      {
        "type": "root",
        "children": [],
        "label": "Statement"
      },
      {
        "label": "sql_guardar",
        "type": "VariableRead",
        "children": []
      }
    ]
  },
  "after_tree": {
    "label": "edit_root",
    "type": "edit_unit",
    "children": [
      {
        "label": "\"DELETE FROM organisms WHERE complete_name\u003d\u0027?\u0027 \"",
        "type": "Literal",
        "children": []
      },
      {
        "type": "root",
        "children": [],
        "label": "PreparedStatement"
      },
      {
        "label": "sql_borrar",
        "type": "VariableRead",
        "children": []
      },
      {
        "label": "setObject",
        "type": "Invocation",
        "children": [
          {
            "label": "sentencia",
            "type": "VariableRead",
            "children": []
          },
          {
            "label": "1",
            "type": "Literal",
            "children": []
          },
          {
            "label": "",
            "type": "ArrayRead",
            "children": [
              {
                "label": "result",
                "type": "VariableRead",
                "children": []
              },
              {
                "label": "5",
                "type": "Literal",
                "children": []
              }
            ]
          }
        ]
      },
      {
        "label": "\"INSERT INTO organisms VALUES (\u0027?\u0027, \u0027?\u0027, \u0027?\u0027, \u0027?\u0027, UPPER(\u0027?\u0027), \u0027?\u0027, \u0027?\u0027)\"",
        "type": "Literal",
        "children": []
      },
      {
        "type": "root",
        "children": [],
        "label": "PreparedStatement"
      },
      {
        "label": "sql_guardar",
        "type": "VariableRead",
        "children": []
      },
      {
        "label": "setObject",
        "type": "Invocation",
        "children": [
          {
            "label": "sentencia",
            "type": "VariableRead",
            "children": []
          },
          {
            "label": "1",
            "type": "Literal",
            "children": []
          },
          {
            "label": "",
            "type": "ArrayRead",
            "children": [
              {
                "label": "result",
                "type": "VariableRead",
                "children": []
              },
              {
                "label": "0",
                "type": "Literal",
                "children": []
              }
            ]
          }
        ]
      },
      {
        "label": "setObject",
        "type": "Invocation",
        "children": [
          {
            "label": "sentencia",
            "type": "VariableRead",
            "children": []
          },
          {
            "label": "2",
            "type": "Literal",
            "children": []
          },
          {
            "label": "",
            "type": "ArrayRead",
            "children": [
              {
                "label": "result",
                "type": "VariableRead",
                "children": []
              },
              {
                "label": "1",
                "type": "Literal",
                "children": []
              }
            ]
          }
        ]
      },
      {
        "label": "setObject",
        "type": "Invocation",
        "children": [
          {
            "label": "sentencia",
            "type": "VariableRead",
            "children": []
          },
          {
            "label": "3",
            "type": "Literal",
            "children": []
          },
          {
            "label": "",
            "type": "ArrayRead",
            "children": [
              {
                "label": "result",
                "type": "VariableRead",
                "children": []
              },
              {
                "label": "2",
                "type": "Literal",
                "children": []
              }
            ]
          }
        ]
      },
      {
        "label": "setObject",
        "type": "Invocation",
        "children": [
          {
            "label": "sentencia",
            "type": "VariableRead",
            "children": []
          },
          {
            "label": "4",
            "type": "Literal",
            "children": []
          },
          {
            "label": "",
            "type": "ArrayRead",
            "children": [
              {
                "label": "result",
                "type": "VariableRead",
                "children": []
              },
              {
                "label": "3",
                "type": "Literal",
                "children": []
              }
            ]
          }
        ]
      },
      {
        "label": "setObject",
        "type": "Invocation",
        "children": [
          {
            "label": "sentencia",
            "type": "VariableRead",
            "children": []
          },
          {
            "label": "5",
            "type": "Literal",
            "children": []
          },
          {
            "label": "",
            "type": "ArrayRead",
            "children": [
              {
                "label": "result",
                "type": "VariableRead",
                "children": []
              },
              {
                "label": "4",
                "type": "Literal",
                "children": []
              }
            ]
          }
        ]
      },
      {
        "label": "setObject",
        "type": "Invocation",
        "children": [
          {
            "label": "sentencia",
            "type": "VariableRead",
            "children": []
          },
          {
            "label": "6",
            "type": "Literal",
            "children": []
          },
          {
            "label": "",
            "type": "ArrayRead",
            "children": [
              {
                "label": "result",
                "type": "VariableRead",
                "children": []
              },
              {
                "label": "5",
                "type": "Literal",
                "children": []
              }
            ]
          }
        ]
      },
      {
        "label": "setObject",
        "type": "Invocation",
        "children": [
          {
            "label": "sentencia",
            "type": "VariableRead",
            "children": []
          },
          {
            "label": "7",
            "type": "Literal",
            "children": []
          },
          {
            "label": "",
            "type": "ArrayRead",
            "children": [
              {
                "label": "result",
                "type": "VariableRead",
                "children": []
              },
              {
                "label": "6",
                "type": "Literal",
                "children": []
              }
            ]
          }
        ]
      }
    ]
  }
}