{
  "before_code": "Statement\nsql.getConn().createStatement()\nstate.executeUpdate((\"INSERT INTO maps VALUES (\u0027\" + name) + \"\u0027)\")\n",
  "after_code": "java.lang.String st \u003d \"INSERT INTO maps VALUES (\u0027?\u0027)\"\nPreparedStatement\nsql.getConn().prepareStatement(st)\nstate.setObject(1, name)\nstate.executeUpdate()\n",
  "before_tree": {
    "label": "edit_root",
    "type": "edit_unit",
    "children": [
      {
        "type": "root",
        "children": [],
        "label": "Statement"
      },
      {
        "label": "createStatement",
        "type": "Invocation",
        "children": [
          {
            "label": "getConn",
            "type": "Invocation",
            "children": [
              {
                "label": "sql",
                "type": "FieldRead",
                "children": []
              }
            ]
          }
        ]
      },
      {
        "label": "executeUpdate",
        "type": "Invocation",
        "children": [
          {
            "label": "state",
            "type": "VariableRead",
            "children": []
          },
          {
            "label": "PLUS",
            "type": "BinaryOperator",
            "children": [
              {
                "label": "PLUS",
                "type": "BinaryOperator",
                "children": [
                  {
                    "label": "\"INSERT INTO maps VALUES (\u0027\"",
                    "type": "Literal",
                    "children": []
                  },
                  {
                    "label": "name",
                    "type": "VariableRead",
                    "children": []
                  }
                ]
              },
              {
                "label": "\"\u0027)\"",
                "type": "Literal",
                "children": []
              }
            ]
          }
        ]
      }
    ]
  },
  "after_tree": {
    "label": "edit_root",
    "type": "edit_unit",
    "children": [
      {
        "label": "st",
        "type": "LocalVariable",
        "children": [
          {
            "label": "java.lang.String",
            "type": "VARIABLE_TYPE",
            "children": []
          },
          {
            "label": "\"INSERT INTO maps VALUES (\u0027?\u0027)\"",
            "type": "Literal",
            "children": []
          }
        ]
      },
      {
        "type": "root",
        "children": [],
        "label": "PreparedStatement"
      },
      {
        "label": "prepareStatement",
        "type": "Invocation",
        "children": [
          {
            "label": "getConn",
            "type": "Invocation",
            "children": [
              {
                "label": "sql",
                "type": "FieldRead",
                "children": []
              }
            ]
          },
          {
            "label": "st",
            "type": "VariableRead",
            "children": []
          }
        ]
      },
      {
        "label": "setObject",
        "type": "Invocation",
        "children": [
          {
            "label": "state",
            "type": "VariableRead",
            "children": []
          },
          {
            "label": "1",
            "type": "Literal",
            "children": []
          },
          {
            "label": "name",
            "type": "VariableRead",
            "children": []
          }
        ]
      },
      {
        "label": "executeUpdate",
        "type": "Invocation",
        "children": [
          {
            "label": "state",
            "type": "VariableRead",
            "children": []
          }
        ]
      }
    ]
  }
}