{
  "before_code": "(((\"UPDATE tblAchievements SET fldProgress\u003d\" + newProgressResult) + \" WHERE id\u003d\") + ID) + \";\"\nStatement\nconn.createStatement()\npstmt.executeUpdate(sql)\n",
  "after_code": "\"UPDATE tblAchievements SET fldProgress\u003d? WHERE id\u003d?;\"\nPreparedStatement\nconn.prepareStatement(sql)\npstmt.setObject(1, newProgressResult)\npstmt.setObject(2, ID)\npstmt.executeUpdate()\n",
  "before_tree": {
    "label": "edit_root",
    "type": "edit_unit",
    "children": [
      {
        "label": "PLUS",
        "type": "BinaryOperator",
        "children": [
          {
            "label": "PLUS",
            "type": "BinaryOperator",
            "children": [
              {
                "label": "PLUS",
                "type": "BinaryOperator",
                "children": [
                  {
                    "label": "PLUS",
                    "type": "BinaryOperator",
                    "children": [
                      {
                        "label": "\"UPDATE tblAchievements SET fldProgress\u003d\"",
                        "type": "Literal",
                        "children": []
                      },
                      {
                        "label": "newProgressResult",
                        "type": "VariableRead",
                        "children": []
                      }
                    ]
                  },
                  {
                    "label": "\" WHERE id\u003d\"",
                    "type": "Literal",
                    "children": []
                  }
                ]
              },
              {
                "label": "ID",
                "type": "VariableRead",
                "children": []
              }
            ]
          },
          {
            "label": "\";\"",
            "type": "Literal",
            "children": []
          }
        ]
      },
      {
        "type": "root",
        "children": [],
        "label": "Statement"
      },
      {
        "label": "createStatement",
        "type": "Invocation",
        "children": [
          {
            "label": "conn",
            "type": "VariableRead",
            "children": []
          }
        ]
      },
      {
        "label": "executeUpdate",
        "type": "Invocation",
        "children": [
          {
            "label": "pstmt",
            "type": "VariableRead",
            "children": []
          },
          {
            "label": "sql",
            "type": "VariableRead",
            "children": []
          }
        ]
      }
    ]
  },
  "after_tree": {
    "label": "edit_root",
    "type": "edit_unit",
    "children": [
      {
        "label": "\"UPDATE tblAchievements SET fldProgress\u003d? WHERE id\u003d?;\"",
        "type": "Literal",
        "children": []
      },
      {
        "type": "root",
        "children": [],
        "label": "PreparedStatement"
      },
      {
        "label": "prepareStatement",
        "type": "Invocation",
        "children": [
          {
            "label": "conn",
            "type": "VariableRead",
            "children": []
          },
          {
            "label": "sql",
            "type": "VariableRead",
            "children": []
          }
        ]
      },
      {
        "label": "setObject",
        "type": "Invocation",
        "children": [
          {
            "label": "pstmt",
            "type": "VariableRead",
            "children": []
          },
          {
            "label": "1",
            "type": "Literal",
            "children": []
          },
          {
            "label": "newProgressResult",
            "type": "VariableRead",
            "children": []
          }
        ]
      },
      {
        "label": "setObject",
        "type": "Invocation",
        "children": [
          {
            "label": "pstmt",
            "type": "VariableRead",
            "children": []
          },
          {
            "label": "2",
            "type": "Literal",
            "children": []
          },
          {
            "label": "ID",
            "type": "VariableRead",
            "children": []
          }
        ]
      },
      {
        "label": "executeUpdate",
        "type": "Invocation",
        "children": [
          {
            "label": "pstmt",
            "type": "VariableRead",
            "children": []
          }
        ]
      }
    ]
  }
}