{
  "before_code": "Statement\n(\"UPDATE member \" + ((\"SET pwd\u003d\u0027x\u0027, name\u003d\u0027x\u0027, phone\u003d\u0027010-0000-0000\u0027, address\u003d\u0027x\u0027, \" + \"memo\u003d\u0027x\u0027, rating\u003d3, e_key\u003d\u00270\u0027 \") + \"WHERE id \u003d \")) + strId\nconn.createStatement()\nsql\n",
  "after_code": "PreparedStatement\n\"UPDATE member \" + ((\"SET pwd\u003d\u0027x\u0027, name\u003d\u0027x\u0027, phone\u003d\u0027010-0000-0000\u0027, address\u003d\u0027x\u0027, \" + \"memo\u003d\u0027x\u0027, rating\u003d3, e_key\u003d\u00270\u0027 \") + \"WHERE id \u003d ?\")\nconn.prepareStatement(sql)\nps.setObject(1, strId)\n",
  "before_tree": {
    "label": "edit_root",
    "type": "edit_unit",
    "children": [
      {
        "type": "root",
        "children": [],
        "label": "Statement"
      },
      {
        "label": "PLUS",
        "type": "BinaryOperator",
        "children": [
          {
            "label": "PLUS",
            "type": "BinaryOperator",
            "children": [
              {
                "label": "\"UPDATE member \"",
                "type": "Literal",
                "children": []
              },
              {
                "label": "PLUS",
                "type": "BinaryOperator",
                "children": [
                  {
                    "label": "PLUS",
                    "type": "BinaryOperator",
                    "children": [
                      {
                        "label": "\"SET pwd\u003d\u0027x\u0027, name\u003d\u0027x\u0027, phone\u003d\u0027010-0000-0000\u0027, address\u003d\u0027x\u0027, \"",
                        "type": "Literal",
                        "children": []
                      },
                      {
                        "label": "\"memo\u003d\u0027x\u0027, rating\u003d3, e_key\u003d\u00270\u0027 \"",
                        "type": "Literal",
                        "children": []
                      }
                    ]
                  },
                  {
                    "label": "\"WHERE id \u003d \"",
                    "type": "Literal",
                    "children": []
                  }
                ]
              }
            ]
          },
          {
            "label": "strId",
            "type": "VariableRead",
            "children": []
          }
        ]
      },
      {
        "label": "createStatement",
        "type": "Invocation",
        "children": [
          {
            "label": "conn",
            "type": "VariableRead",
            "children": []
          }
        ]
      },
      {
        "label": "sql",
        "type": "VariableRead",
        "children": []
      }
    ]
  },
  "after_tree": {
    "label": "edit_root",
    "type": "edit_unit",
    "children": [
      {
        "type": "root",
        "children": [],
        "label": "PreparedStatement"
      },
      {
        "label": "PLUS",
        "type": "BinaryOperator",
        "children": [
          {
            "label": "\"UPDATE member \"",
            "type": "Literal",
            "children": []
          },
          {
            "label": "PLUS",
            "type": "BinaryOperator",
            "children": [
              {
                "label": "PLUS",
                "type": "BinaryOperator",
                "children": [
                  {
                    "label": "\"SET pwd\u003d\u0027x\u0027, name\u003d\u0027x\u0027, phone\u003d\u0027010-0000-0000\u0027, address\u003d\u0027x\u0027, \"",
                    "type": "Literal",
                    "children": []
                  },
                  {
                    "label": "\"memo\u003d\u0027x\u0027, rating\u003d3, e_key\u003d\u00270\u0027 \"",
                    "type": "Literal",
                    "children": []
                  }
                ]
              },
              {
                "label": "\"WHERE id \u003d ?\"",
                "type": "Literal",
                "children": []
              }
            ]
          }
        ]
      },
      {
        "label": "prepareStatement",
        "type": "Invocation",
        "children": [
          {
            "label": "conn",
            "type": "VariableRead",
            "children": []
          },
          {
            "label": "sql",
            "type": "VariableRead",
            "children": []
          }
        ]
      },
      {
        "label": "setObject",
        "type": "Invocation",
        "children": [
          {
            "label": "ps",
            "type": "VariableRead",
            "children": []
          },
          {
            "label": "1",
            "type": "Literal",
            "children": []
          },
          {
            "label": "strId",
            "type": "VariableRead",
            "children": []
          }
        ]
      }
    ]
  }
}