{
  "before_code": "Statement\nconn.createStatement()\njava.lang.String prestec \u003d (((((\"insert into practica7.PRESTEC values (DEFAULT, \" + ID_Bibliotecari) + \", \") + ID_Soci) + \", \") + ID_Copia) + \", now(), NULL)\"\nprestec\n",
  "after_code": "java.lang.String prestec \u003d \"insert into practica7.PRESTEC values (DEFAULT, ?,?,?, now(), NULL)\"\nPreparedStatement\nconn.prepareStatement(prestec)\nafegeixPrestecStmt.setObject(1, ID_Bibliotecari)\nafegeixPrestecStmt.setObject(2, ID_Soci)\nafegeixPrestecStmt.setObject(3, ID_Copia)\n",
  "before_tree": {
    "label": "edit_root",
    "type": "edit_unit",
    "children": [
      {
        "type": "root",
        "children": [],
        "label": "Statement"
      },
      {
        "label": "createStatement",
        "type": "Invocation",
        "children": [
          {
            "label": "conn",
            "type": "VariableRead",
            "children": []
          }
        ]
      },
      {
        "label": "prestec",
        "type": "LocalVariable",
        "children": [
          {
            "label": "java.lang.String",
            "type": "VARIABLE_TYPE",
            "children": []
          },
          {
            "label": "PLUS",
            "type": "BinaryOperator",
            "children": [
              {
                "label": "PLUS",
                "type": "BinaryOperator",
                "children": [
                  {
                    "label": "PLUS",
                    "type": "BinaryOperator",
                    "children": [
                      {
                        "label": "PLUS",
                        "type": "BinaryOperator",
                        "children": [
                          {
                            "label": "PLUS",
                            "type": "BinaryOperator",
                            "children": [
                              {
                                "label": "PLUS",
                                "type": "BinaryOperator",
                                "children": [
                                  {
                                    "label": "\"insert into practica7.PRESTEC values (DEFAULT, \"",
                                    "type": "Literal",
                                    "children": []
                                  },
                                  {
                                    "label": "ID_Bibliotecari",
                                    "type": "VariableRead",
                                    "children": []
                                  }
                                ]
                              },
                              {
                                "label": "\", \"",
                                "type": "Literal",
                                "children": []
                              }
                            ]
                          },
                          {
                            "label": "ID_Soci",
                            "type": "VariableRead",
                            "children": []
                          }
                        ]
                      },
                      {
                        "label": "\", \"",
                        "type": "Literal",
                        "children": []
                      }
                    ]
                  },
                  {
                    "label": "ID_Copia",
                    "type": "VariableRead",
                    "children": []
                  }
                ]
              },
              {
                "label": "\", now(), NULL)\"",
                "type": "Literal",
                "children": []
              }
            ]
          }
        ]
      },
      {
        "label": "prestec",
        "type": "VariableRead",
        "children": []
      }
    ]
  },
  "after_tree": {
    "label": "edit_root",
    "type": "edit_unit",
    "children": [
      {
        "label": "prestec",
        "type": "LocalVariable",
        "children": [
          {
            "label": "java.lang.String",
            "type": "VARIABLE_TYPE",
            "children": []
          },
          {
            "label": "\"insert into practica7.PRESTEC values (DEFAULT, ?,?,?, now(), NULL)\"",
            "type": "Literal",
            "children": []
          }
        ]
      },
      {
        "type": "root",
        "children": [],
        "label": "PreparedStatement"
      },
      {
        "label": "prepareStatement",
        "type": "Invocation",
        "children": [
          {
            "label": "conn",
            "type": "VariableRead",
            "children": []
          },
          {
            "label": "prestec",
            "type": "VariableRead",
            "children": []
          }
        ]
      },
      {
        "label": "setObject",
        "type": "Invocation",
        "children": [
          {
            "label": "afegeixPrestecStmt",
            "type": "VariableRead",
            "children": []
          },
          {
            "label": "1",
            "type": "Literal",
            "children": []
          },
          {
            "label": "ID_Bibliotecari",
            "type": "VariableRead",
            "children": []
          }
        ]
      },
      {
        "label": "setObject",
        "type": "Invocation",
        "children": [
          {
            "label": "afegeixPrestecStmt",
            "type": "VariableRead",
            "children": []
          },
          {
            "label": "2",
            "type": "Literal",
            "children": []
          },
          {
            "label": "ID_Soci",
            "type": "VariableRead",
            "children": []
          }
        ]
      },
      {
        "label": "setObject",
        "type": "Invocation",
        "children": [
          {
            "label": "afegeixPrestecStmt",
            "type": "VariableRead",
            "children": []
          },
          {
            "label": "3",
            "type": "Literal",
            "children": []
          },
          {
            "label": "ID_Copia",
            "type": "VariableRead",
            "children": []
          }
        ]
      }
    ]
  }
}