{
  "before_code": "@java.lang.SuppressWarnings(\"unchecked\")\nQuery\u003cjava.lang.Object[]\u003e\n@java.lang.SuppressWarnings(\"unchecked\")\r\nQuery\u003cjava.lang.Object[]\u003e query \u003d getSession().createQuery((((\"select a1.item_id, a1.item_name, a3.member_no, a3.nickname, MAX(a2.time), a5.status, a1.done, a1.getter_id.member_no, a1.getter_rate, a1.giver_rate, MIN(a2.readed) from MessageContextBean a2 JOIN a2.itemBean a1 LEFT JOIN a2.memberBean_speaker a3 LEFT JOIN RequestListBean a5 with a1.item_id \u003d a5.item_id AND a3.member_no \u003d a5.requester_id where a1.member_id.member_no \u003d \" + member_id) + \" AND a3.member_no \u003c\u003e \") + member_id) + \" GROUP BY a1.item_id, a1.item_name, a3.member_no, a3.nickname, a5.status, a1.done, a1.getter_id.member_no, a1.getter_rate, a1.giver_rate ORDER BY MAX(a2.time) DESC\")\ngetSession()\n",
  "after_code": "@java.lang.SuppressWarnings(\"unchecked\")\nQuery\u003cjava.lang.Object[]\u003e\n@java.lang.SuppressWarnings(\"unchecked\")\r\nQuery\u003cjava.lang.Object[]\u003e query \u003d getSession().createQuery(\"select a1.item_id, a1.item_name, a3.member_no, a3.nickname, MAX(a2.time), a5.status, a1.done, a1.getter_id.member_no, a1.getter_rate, a1.giver_rate, MIN(a2.readed) from MessageContextBean a2 JOIN a2.itemBean a1 LEFT JOIN a2.memberBean_speaker a3 LEFT JOIN RequestListBean a5 with a1.item_id \u003d a5.item_id AND a3.member_no \u003d a5.requester_id where a1.member_id.member_no \u003d ? AND a3.member_no \u003c\u003e ? GROUP BY a1.item_id, a1.item_name, a3.member_no, a3.nickname, a5.status, a1.done, a1.getter_id.member_no, a1.getter_rate, a1.giver_rate ORDER BY MAX(a2.time) DESC\")\ngetSession()\nquery.setParameter(0, member_id)\nquery.setParameter(1, member_id)\n",
  "before_tree": {
    "label": "edit_root",
    "type": "edit_unit",
    "children": [
      {
        "label": "",
        "type": "Annotation",
        "children": [
          {
            "label": "\"unchecked\"",
            "type": "Literal",
            "children": []
          }
        ]
      },
      {
        "type": "root",
        "children": [],
        "label": "Query\u003cjava.lang.Object[]\u003e"
      },
      {
        "label": "query",
        "type": "LocalVariable",
        "children": [
          {
            "label": "Query",
            "type": "VARIABLE_TYPE",
            "children": []
          },
          {
            "label": "",
            "type": "Annotation",
            "children": [
              {
                "label": "\"unchecked\"",
                "type": "Literal",
                "children": []
              }
            ]
          },
          {
            "label": "createQuery",
            "type": "Invocation",
            "children": [
              {
                "label": "getSession",
                "type": "Invocation",
                "children": [
                  {
                    "label": "Dummy",
                    "type": "TypeAccess",
                    "children": []
                  }
                ]
              },
              {
                "label": "PLUS",
                "type": "BinaryOperator",
                "children": [
                  {
                    "label": "PLUS",
                    "type": "BinaryOperator",
                    "children": [
                      {
                        "label": "PLUS",
                        "type": "BinaryOperator",
                        "children": [
                          {
                            "label": "PLUS",
                            "type": "BinaryOperator",
                            "children": [
                              {
                                "label": "\"select a1.item_id, a1.item_name, a3.member_no, a3.nickname, MAX(a2.time), a5.status, a1.done, a1.getter_id.member_no, a1.getter_rate, a1.giver_rate, MIN(a2.readed) from MessageContextBean a2 JOIN a2.itemBean a1 LEFT JOIN a2.memberBean_speaker a3 LEFT JOIN RequestListBean a5 with a1.item_id \u003d a5.item_id AND a3.member_no \u003d a5.requester_id where a1.member_id.member_no \u003d \"",
                                "type": "Literal",
                                "children": []
                              },
                              {
                                "label": "member_id",
                                "type": "VariableRead",
                                "children": []
                              }
                            ]
                          },
                          {
                            "label": "\" AND a3.member_no \u003c\u003e \"",
                            "type": "Literal",
                            "children": []
                          }
                        ]
                      },
                      {
                        "label": "member_id",
                        "type": "VariableRead",
                        "children": []
                      }
                    ]
                  },
                  {
                    "label": "\" GROUP BY a1.item_id, a1.item_name, a3.member_no, a3.nickname, a5.status, a1.done, a1.getter_id.member_no, a1.getter_rate, a1.giver_rate ORDER BY MAX(a2.time) DESC\"",
                    "type": "Literal",
                    "children": []
                  }
                ]
              }
            ]
          }
        ]
      },
      {
        "label": "getSession",
        "type": "Invocation",
        "children": [
          {
            "label": "Dummy",
            "type": "TypeAccess",
            "children": []
          }
        ]
      }
    ]
  },
  "after_tree": {
    "label": "edit_root",
    "type": "edit_unit",
    "children": [
      {
        "label": "",
        "type": "Annotation",
        "children": [
          {
            "label": "\"unchecked\"",
            "type": "Literal",
            "children": []
          }
        ]
      },
      {
        "type": "root",
        "children": [],
        "label": "Query\u003cjava.lang.Object[]\u003e"
      },
      {
        "label": "query",
        "type": "LocalVariable",
        "children": [
          {
            "label": "Query",
            "type": "VARIABLE_TYPE",
            "children": []
          },
          {
            "label": "",
            "type": "Annotation",
            "children": [
              {
                "label": "\"unchecked\"",
                "type": "Literal",
                "children": []
              }
            ]
          },
          {
            "label": "createQuery",
            "type": "Invocation",
            "children": [
              {
                "label": "getSession",
                "type": "Invocation",
                "children": [
                  {
                    "label": "Dummy",
                    "type": "TypeAccess",
                    "children": []
                  }
                ]
              },
              {
                "label": "\"select a1.item_id, a1.item_name, a3.member_no, a3.nickname, MAX(a2.time), a5.status, a1.done, a1.getter_id.member_no, a1.getter_rate, a1.giver_rate, MIN(a2.readed) from MessageContextBean a2 JOIN a2.itemBean a1 LEFT JOIN a2.memberBean_speaker a3 LEFT JOIN RequestListBean a5 with a1.item_id \u003d a5.item_id AND a3.member_no \u003d a5.requester_id where a1.member_id.member_no \u003d ? AND a3.member_no \u003c\u003e ? GROUP BY a1.item_id, a1.item_name, a3.member_no, a3.nickname, a5.status, a1.done, a1.getter_id.member_no, a1.getter_rate, a1.giver_rate ORDER BY MAX(a2.time) DESC\"",
                "type": "Literal",
                "children": []
              }
            ]
          }
        ]
      },
      {
        "label": "getSession",
        "type": "Invocation",
        "children": [
          {
            "label": "Dummy",
            "type": "TypeAccess",
            "children": []
          }
        ]
      },
      {
        "label": "setParameter",
        "type": "Invocation",
        "children": [
          {
            "label": "query",
            "type": "VariableRead",
            "children": []
          },
          {
            "label": "0",
            "type": "Literal",
            "children": []
          },
          {
            "label": "member_id",
            "type": "VariableRead",
            "children": []
          }
        ]
      },
      {
        "label": "setParameter",
        "type": "Invocation",
        "children": [
          {
            "label": "query",
            "type": "VariableRead",
            "children": []
          },
          {
            "label": "1",
            "type": "Literal",
            "children": []
          },
          {
            "label": "member_id",
            "type": "VariableRead",
            "children": []
          }
        ]
      }
    ]
  }
}