{
  "before_code": "(\"SELECT * FROM instructor WHERE idinstructor !\u003d \" + instrId) + \" ORDER BY lname\"\nStatement\nconnection.createStatement()\nloadInstrQuery\n",
  "after_code": "\"SELECT * FROM instructor WHERE idinstructor !\u003d ? ORDER BY lname\"\nPreparedStatement\nconnection.prepareStatement(loadInstrQuery)\nps.setObject(1, instrId)\n",
  "before_tree": {
    "label": "edit_root",
    "type": "edit_unit",
    "children": [
      {
        "label": "PLUS",
        "type": "BinaryOperator",
        "children": [
          {
            "label": "PLUS",
            "type": "BinaryOperator",
            "children": [
              {
                "label": "\"SELECT * FROM instructor WHERE idinstructor !\u003d \"",
                "type": "Literal",
                "children": []
              },
              {
                "label": "instrId",
                "type": "FieldRead",
                "children": []
              }
            ]
          },
          {
            "label": "\" ORDER BY lname\"",
            "type": "Literal",
            "children": []
          }
        ]
      },
      {
        "type": "root",
        "children": [],
        "label": "Statement"
      },
      {
        "label": "createStatement",
        "type": "Invocation",
        "children": [
          {
            "label": "connection",
            "type": "VariableRead",
            "children": []
          }
        ]
      },
      {
        "label": "loadInstrQuery",
        "type": "VariableRead",
        "children": []
      }
    ]
  },
  "after_tree": {
    "label": "edit_root",
    "type": "edit_unit",
    "children": [
      {
        "label": "\"SELECT * FROM instructor WHERE idinstructor !\u003d ? ORDER BY lname\"",
        "type": "Literal",
        "children": []
      },
      {
        "type": "root",
        "children": [],
        "label": "PreparedStatement"
      },
      {
        "label": "prepareStatement",
        "type": "Invocation",
        "children": [
          {
            "label": "connection",
            "type": "VariableRead",
            "children": []
          },
          {
            "label": "loadInstrQuery",
            "type": "VariableRead",
            "children": []
          }
        ]
      },
      {
        "label": "setObject",
        "type": "Invocation",
        "children": [
          {
            "label": "ps",
            "type": "VariableRead",
            "children": []
          },
          {
            "label": "1",
            "type": "Literal",
            "children": []
          },
          {
            "label": "instrId",
            "type": "FieldRead",
            "children": []
          }
        ]
      }
    ]
  }
}