{
  "before_code": "java.lang.String\njava.lang.String s \u003d (((((((\"select SQL_CALC_FOUND_ROWS * FROM movie m JOIN order_movie om ON m.movie_id \u003d om.movie_id JOIN user_order uo ON uo.order_id \u003d om.order_id\\n\" + (\"JOIN user u ON u.user_id \u003d uo.user_id JOIN categories c ON c.category_id \u003d m.category_id\\n\" + \"WHERE u.user_id \u003d \")) + user_id) + \" AND c.name \u003d \") + category) + \" AND uo.confirm_no \u003d 1 ORDER BY uo.date_create desc limit \") + offset) + \",\") + noOfRecords\n\"select SQL_CALC_FOUND_ROWS * FROM movie m JOIN order_movie om ON m.movie_id \u003d om.movie_id JOIN user_order uo ON uo.order_id \u003d om.order_id\\n\"\n(\"JOIN user u ON u.user_id \u003d uo.user_id JOIN categories c ON c.category_id \u003d m.category_id\\n\" + \"WHERE u.user_id \u003d \")\n\"WHERE u.user_id \u003d \"\nStatement pstm \u003d con.createStatement()\ns\ncon.createStatement()\n\"SELECT FOUND_ROWS()\"\n",
  "after_code": "java.lang.String\njava.lang.String s \u003d \"select SQL_CALC_FOUND_ROWS * FROM movie m JOIN order_movie om ON m.movie_id \u003d om.movie_id JOIN user_order uo ON uo.order_id \u003d om.order_id\\n\" + (\"JOIN user u ON u.user_id \u003d uo.user_id JOIN categories c ON c.category_id \u003d m.category_id\\n\" + \"WHERE u.user_id \u003d ? AND c.name \u003d ? AND uo.confirm_no \u003d 1 ORDER BY uo.date_create desc limit ?,? \")\n\"select SQL_CALC_FOUND_ROWS * FROM movie m JOIN order_movie om ON m.movie_id \u003d om.movie_id JOIN user_order uo ON uo.order_id \u003d om.order_id\\n\"\n(\"JOIN user u ON u.user_id \u003d uo.user_id JOIN categories c ON c.category_id \u003d m.category_id\\n\" + \"WHERE u.user_id \u003d ? AND c.name \u003d ? AND uo.confirm_no \u003d 1 ORDER BY uo.date_create desc limit ?,? \")\n\"WHERE u.user_id \u003d ? AND c.name \u003d ? AND uo.confirm_no \u003d 1 ORDER BY uo.date_create desc limit ?,? \"\nPreparedStatement pstm \u003d con.prepareStatement(s)\npstm.setObject(1, user_id)\npstm.setObject(2, category)\npstm.setObject(3, offset)\npstm.setObject(4, noOfRecords)\ncon.prepareStatement(\"SELECT FOUND_ROWS()\")\n",
  "before_tree": {
    "label": "edit_root",
    "type": "edit_unit",
    "children": [
      {
        "type": "root",
        "children": [],
        "label": "java.lang.String"
      },
      {
        "label": "s",
        "type": "LocalVariable",
        "children": [
          {
            "label": "java.lang.String",
            "type": "VARIABLE_TYPE",
            "children": []
          },
          {
            "label": "PLUS",
            "type": "BinaryOperator",
            "children": [
              {
                "label": "PLUS",
                "type": "BinaryOperator",
                "children": [
                  {
                    "label": "PLUS",
                    "type": "BinaryOperator",
                    "children": [
                      {
                        "label": "PLUS",
                        "type": "BinaryOperator",
                        "children": [
                          {
                            "label": "PLUS",
                            "type": "BinaryOperator",
                            "children": [
                              {
                                "label": "PLUS",
                                "type": "BinaryOperator",
                                "children": [
                                  {
                                    "label": "PLUS",
                                    "type": "BinaryOperator",
                                    "children": [
                                      {
                                        "label": "PLUS",
                                        "type": "BinaryOperator",
                                        "children": [
                                          {
                                            "label": "\"select SQL_CALC_FOUND_ROWS * FROM movie m JOIN order_movie om ON m.movie_id \u003d om.movie_id JOIN user_order uo ON uo.order_id \u003d om.order_id\\n\"",
                                            "type": "Literal",
                                            "children": []
                                          },
                                          {
                                            "label": "PLUS",
                                            "type": "BinaryOperator",
                                            "children": [
                                              {
                                                "label": "\"JOIN user u ON u.user_id \u003d uo.user_id JOIN categories c ON c.category_id \u003d m.category_id\\n\"",
                                                "type": "Literal",
                                                "children": []
                                              },
                                              {
                                                "label": "\"WHERE u.user_id \u003d \"",
                                                "type": "Literal",
                                                "children": []
                                              }
                                            ]
                                          }
                                        ]
                                      },
                                      {
                                        "label": "user_id",
                                        "type": "VariableRead",
                                        "children": []
                                      }
                                    ]
                                  },
                                  {
                                    "label": "\" AND c.name \u003d \"",
                                    "type": "Literal",
                                    "children": []
                                  }
                                ]
                              },
                              {
                                "label": "category",
                                "type": "VariableRead",
                                "children": []
                              }
                            ]
                          },
                          {
                            "label": "\" AND uo.confirm_no \u003d 1 ORDER BY uo.date_create desc limit \"",
                            "type": "Literal",
                            "children": []
                          }
                        ]
                      },
                      {
                        "label": "offset",
                        "type": "VariableRead",
                        "children": []
                      }
                    ]
                  },
                  {
                    "label": "\",\"",
                    "type": "Literal",
                    "children": []
                  }
                ]
              },
              {
                "label": "noOfRecords",
                "type": "VariableRead",
                "children": []
              }
            ]
          }
        ]
      },
      {
        "label": "\"select SQL_CALC_FOUND_ROWS * FROM movie m JOIN order_movie om ON m.movie_id \u003d om.movie_id JOIN user_order uo ON uo.order_id \u003d om.order_id\\n\"",
        "type": "Literal",
        "children": []
      },
      {
        "label": "PLUS",
        "type": "BinaryOperator",
        "children": [
          {
            "label": "\"JOIN user u ON u.user_id \u003d uo.user_id JOIN categories c ON c.category_id \u003d m.category_id\\n\"",
            "type": "Literal",
            "children": []
          },
          {
            "label": "\"WHERE u.user_id \u003d \"",
            "type": "Literal",
            "children": []
          }
        ]
      },
      {
        "label": "\"WHERE u.user_id \u003d \"",
        "type": "Literal",
        "children": []
      },
      {
        "label": "pstm",
        "type": "LocalVariable",
        "children": [
          {
            "label": "Statement",
            "type": "VARIABLE_TYPE",
            "children": []
          },
          {
            "label": "createStatement",
            "type": "Invocation",
            "children": [
              {
                "label": "con",
                "type": "VariableRead",
                "children": []
              }
            ]
          }
        ]
      },
      {
        "label": "s",
        "type": "VariableRead",
        "children": []
      },
      {
        "label": "createStatement",
        "type": "Invocation",
        "children": [
          {
            "label": "con",
            "type": "VariableRead",
            "children": []
          }
        ]
      },
      {
        "label": "\"SELECT FOUND_ROWS()\"",
        "type": "Literal",
        "children": []
      }
    ]
  },
  "after_tree": {
    "label": "edit_root",
    "type": "edit_unit",
    "children": [
      {
        "type": "root",
        "children": [],
        "label": "java.lang.String"
      },
      {
        "label": "s",
        "type": "LocalVariable",
        "children": [
          {
            "label": "java.lang.String",
            "type": "VARIABLE_TYPE",
            "children": []
          },
          {
            "label": "PLUS",
            "type": "BinaryOperator",
            "children": [
              {
                "label": "\"select SQL_CALC_FOUND_ROWS * FROM movie m JOIN order_movie om ON m.movie_id \u003d om.movie_id JOIN user_order uo ON uo.order_id \u003d om.order_id\\n\"",
                "type": "Literal",
                "children": []
              },
              {
                "label": "PLUS",
                "type": "BinaryOperator",
                "children": [
                  {
                    "label": "\"JOIN user u ON u.user_id \u003d uo.user_id JOIN categories c ON c.category_id \u003d m.category_id\\n\"",
                    "type": "Literal",
                    "children": []
                  },
                  {
                    "label": "\"WHERE u.user_id \u003d ? AND c.name \u003d ? AND uo.confirm_no \u003d 1 ORDER BY uo.date_create desc limit ?,? \"",
                    "type": "Literal",
                    "children": []
                  }
                ]
              }
            ]
          }
        ]
      },
      {
        "label": "\"select SQL_CALC_FOUND_ROWS * FROM movie m JOIN order_movie om ON m.movie_id \u003d om.movie_id JOIN user_order uo ON uo.order_id \u003d om.order_id\\n\"",
        "type": "Literal",
        "children": []
      },
      {
        "label": "PLUS",
        "type": "BinaryOperator",
        "children": [
          {
            "label": "\"JOIN user u ON u.user_id \u003d uo.user_id JOIN categories c ON c.category_id \u003d m.category_id\\n\"",
            "type": "Literal",
            "children": []
          },
          {
            "label": "\"WHERE u.user_id \u003d ? AND c.name \u003d ? AND uo.confirm_no \u003d 1 ORDER BY uo.date_create desc limit ?,? \"",
            "type": "Literal",
            "children": []
          }
        ]
      },
      {
        "label": "\"WHERE u.user_id \u003d ? AND c.name \u003d ? AND uo.confirm_no \u003d 1 ORDER BY uo.date_create desc limit ?,? \"",
        "type": "Literal",
        "children": []
      },
      {
        "label": "pstm",
        "type": "LocalVariable",
        "children": [
          {
            "label": "PreparedStatement",
            "type": "VARIABLE_TYPE",
            "children": []
          },
          {
            "label": "prepareStatement",
            "type": "Invocation",
            "children": [
              {
                "label": "con",
                "type": "VariableRead",
                "children": []
              },
              {
                "label": "s",
                "type": "VariableRead",
                "children": []
              }
            ]
          }
        ]
      },
      {
        "label": "setObject",
        "type": "Invocation",
        "children": [
          {
            "label": "pstm",
            "type": "VariableRead",
            "children": []
          },
          {
            "label": "1",
            "type": "Literal",
            "children": []
          },
          {
            "label": "user_id",
            "type": "VariableRead",
            "children": []
          }
        ]
      },
      {
        "label": "setObject",
        "type": "Invocation",
        "children": [
          {
            "label": "pstm",
            "type": "VariableRead",
            "children": []
          },
          {
            "label": "2",
            "type": "Literal",
            "children": []
          },
          {
            "label": "category",
            "type": "VariableRead",
            "children": []
          }
        ]
      },
      {
        "label": "setObject",
        "type": "Invocation",
        "children": [
          {
            "label": "pstm",
            "type": "VariableRead",
            "children": []
          },
          {
            "label": "3",
            "type": "Literal",
            "children": []
          },
          {
            "label": "offset",
            "type": "VariableRead",
            "children": []
          }
        ]
      },
      {
        "label": "setObject",
        "type": "Invocation",
        "children": [
          {
            "label": "pstm",
            "type": "VariableRead",
            "children": []
          },
          {
            "label": "4",
            "type": "Literal",
            "children": []
          },
          {
            "label": "noOfRecords",
            "type": "VariableRead",
            "children": []
          }
        ]
      },
      {
        "label": "prepareStatement",
        "type": "Invocation",
        "children": [
          {
            "label": "con",
            "type": "VariableRead",
            "children": []
          },
          {
            "label": "\"SELECT FOUND_ROWS()\"",
            "type": "Literal",
            "children": []
          }
        ]
      }
    ]
  }
}