{
  "before_code": "c.createStatement()\n\"SELECT MAX(ID) as id FROM ADMIN\"\njava.lang.String\njava.lang.String sql \u003d ((((((((((((\"INSERT INTO ADMIN (ID,PASSWORD,EMAIL,FIRST_NAME,LAST_NAME,PHONE)\" + \"VALUES (\") + maxid) + \", \u0027\") + PASSWORD) + \"\u0027,\u0027\") + EMAIL) + \"\u0027,\u0027\") + FIRST_NAME) + \"\u0027,\u0027\") + LAST_NAME) + \"\u0027,\u0027\") + PHONE) + \"\u0027);\"\n\"INSERT INTO ADMIN (ID,PASSWORD,EMAIL,FIRST_NAME,LAST_NAME,PHONE)\"\n\"VALUES (\"\n\"VALUES (\"\nsql\n",
  "after_code": "c.prepareStatement(\"SELECT MAX(ID) as id FROM ADMIN\")\njava.lang.String\njava.lang.String sql \u003d \"INSERT INTO ADMIN (ID,PASSWORD,EMAIL,FIRST_NAME,LAST_NAME,PHONE)\" + \"VALUES (?,?,?,?,?,?);\"\n\"INSERT INTO ADMIN (ID,PASSWORD,EMAIL,FIRST_NAME,LAST_NAME,PHONE)\"\n\"VALUES (?,?,?,?,?,?);\"\n\"VALUES (?,?,?,?,?,?);\"\nstmt \u003d c.prepareStatement(sql)\nstmt.setObject(1, maxid)\nstmt.setObject(2, PASSWORD)\nstmt.setObject(3, EMAIL)\nstmt.setObject(4, FIRST_NAME)\nstmt.setObject(5, LAST_NAME)\nstmt.setObject(6, PHONE)\n",
  "before_tree": {
    "label": "edit_root",
    "type": "edit_unit",
    "children": [
      {
        "label": "createStatement",
        "type": "Invocation",
        "children": [
          {
            "label": "c",
            "type": "FieldRead",
            "children": []
          }
        ]
      },
      {
        "label": "\"SELECT MAX(ID) as id FROM ADMIN\"",
        "type": "Literal",
        "children": []
      },
      {
        "type": "root",
        "children": [],
        "label": "java.lang.String"
      },
      {
        "label": "sql",
        "type": "LocalVariable",
        "children": [
          {
            "label": "java.lang.String",
            "type": "VARIABLE_TYPE",
            "children": []
          },
          {
            "label": "PLUS",
            "type": "BinaryOperator",
            "children": [
              {
                "label": "PLUS",
                "type": "BinaryOperator",
                "children": [
                  {
                    "label": "PLUS",
                    "type": "BinaryOperator",
                    "children": [
                      {
                        "label": "PLUS",
                        "type": "BinaryOperator",
                        "children": [
                          {
                            "label": "PLUS",
                            "type": "BinaryOperator",
                            "children": [
                              {
                                "label": "PLUS",
                                "type": "BinaryOperator",
                                "children": [
                                  {
                                    "label": "PLUS",
                                    "type": "BinaryOperator",
                                    "children": [
                                      {
                                        "label": "PLUS",
                                        "type": "BinaryOperator",
                                        "children": [
                                          {
                                            "label": "PLUS",
                                            "type": "BinaryOperator",
                                            "children": [
                                              {
                                                "label": "PLUS",
                                                "type": "BinaryOperator",
                                                "children": [
                                                  {
                                                    "label": "PLUS",
                                                    "type": "BinaryOperator",
                                                    "children": [
                                                      {
                                                        "label": "PLUS",
                                                        "type": "BinaryOperator",
                                                        "children": [
                                                          {
                                                            "label": "PLUS",
                                                            "type": "BinaryOperator",
                                                            "children": [
                                                              {
                                                                "label": "\"INSERT INTO ADMIN (ID,PASSWORD,EMAIL,FIRST_NAME,LAST_NAME,PHONE)\"",
                                                                "type": "Literal",
                                                                "children": []
                                                              },
                                                              {
                                                                "label": "\"VALUES (\"",
                                                                "type": "Literal",
                                                                "children": []
                                                              }
                                                            ]
                                                          },
                                                          {
                                                            "label": "maxid",
                                                            "type": "VariableRead",
                                                            "children": []
                                                          }
                                                        ]
                                                      },
                                                      {
                                                        "label": "\", \u0027\"",
                                                        "type": "Literal",
                                                        "children": []
                                                      }
                                                    ]
                                                  },
                                                  {
                                                    "label": "PASSWORD",
                                                    "type": "VariableRead",
                                                    "children": []
                                                  }
                                                ]
                                              },
                                              {
                                                "label": "\"\u0027,\u0027\"",
                                                "type": "Literal",
                                                "children": []
                                              }
                                            ]
                                          },
                                          {
                                            "label": "EMAIL",
                                            "type": "VariableRead",
                                            "children": []
                                          }
                                        ]
                                      },
                                      {
                                        "label": "\"\u0027,\u0027\"",
                                        "type": "Literal",
                                        "children": []
                                      }
                                    ]
                                  },
                                  {
                                    "label": "FIRST_NAME",
                                    "type": "VariableRead",
                                    "children": []
                                  }
                                ]
                              },
                              {
                                "label": "\"\u0027,\u0027\"",
                                "type": "Literal",
                                "children": []
                              }
                            ]
                          },
                          {
                            "label": "LAST_NAME",
                            "type": "VariableRead",
                            "children": []
                          }
                        ]
                      },
                      {
                        "label": "\"\u0027,\u0027\"",
                        "type": "Literal",
                        "children": []
                      }
                    ]
                  },
                  {
                    "label": "PHONE",
                    "type": "VariableRead",
                    "children": []
                  }
                ]
              },
              {
                "label": "\"\u0027);\"",
                "type": "Literal",
                "children": []
              }
            ]
          }
        ]
      },
      {
        "label": "\"INSERT INTO ADMIN (ID,PASSWORD,EMAIL,FIRST_NAME,LAST_NAME,PHONE)\"",
        "type": "Literal",
        "children": []
      },
      {
        "label": "\"VALUES (\"",
        "type": "Literal",
        "children": []
      },
      {
        "label": "\"VALUES (\"",
        "type": "Literal",
        "children": []
      },
      {
        "label": "sql",
        "type": "VariableRead",
        "children": []
      }
    ]
  },
  "after_tree": {
    "label": "edit_root",
    "type": "edit_unit",
    "children": [
      {
        "label": "prepareStatement",
        "type": "Invocation",
        "children": [
          {
            "label": "c",
            "type": "FieldRead",
            "children": []
          },
          {
            "label": "\"SELECT MAX(ID) as id FROM ADMIN\"",
            "type": "Literal",
            "children": []
          }
        ]
      },
      {
        "type": "root",
        "children": [],
        "label": "java.lang.String"
      },
      {
        "label": "sql",
        "type": "LocalVariable",
        "children": [
          {
            "label": "java.lang.String",
            "type": "VARIABLE_TYPE",
            "children": []
          },
          {
            "label": "PLUS",
            "type": "BinaryOperator",
            "children": [
              {
                "label": "\"INSERT INTO ADMIN (ID,PASSWORD,EMAIL,FIRST_NAME,LAST_NAME,PHONE)\"",
                "type": "Literal",
                "children": []
              },
              {
                "label": "\"VALUES (?,?,?,?,?,?);\"",
                "type": "Literal",
                "children": []
              }
            ]
          }
        ]
      },
      {
        "label": "\"INSERT INTO ADMIN (ID,PASSWORD,EMAIL,FIRST_NAME,LAST_NAME,PHONE)\"",
        "type": "Literal",
        "children": []
      },
      {
        "label": "\"VALUES (?,?,?,?,?,?);\"",
        "type": "Literal",
        "children": []
      },
      {
        "label": "\"VALUES (?,?,?,?,?,?);\"",
        "type": "Literal",
        "children": []
      },
      {
        "label": "\u003d",
        "type": "Assignment",
        "children": [
          {
            "label": "stmt",
            "type": "FieldWrite",
            "children": []
          },
          {
            "label": "prepareStatement",
            "type": "Invocation",
            "children": [
              {
                "label": "c",
                "type": "FieldRead",
                "children": []
              },
              {
                "label": "sql",
                "type": "VariableRead",
                "children": []
              }
            ]
          }
        ]
      },
      {
        "label": "setObject",
        "type": "Invocation",
        "children": [
          {
            "label": "stmt",
            "type": "FieldRead",
            "children": []
          },
          {
            "label": "1",
            "type": "Literal",
            "children": []
          },
          {
            "label": "maxid",
            "type": "VariableRead",
            "children": []
          }
        ]
      },
      {
        "label": "setObject",
        "type": "Invocation",
        "children": [
          {
            "label": "stmt",
            "type": "FieldRead",
            "children": []
          },
          {
            "label": "2",
            "type": "Literal",
            "children": []
          },
          {
            "label": "PASSWORD",
            "type": "VariableRead",
            "children": []
          }
        ]
      },
      {
        "label": "setObject",
        "type": "Invocation",
        "children": [
          {
            "label": "stmt",
            "type": "FieldRead",
            "children": []
          },
          {
            "label": "3",
            "type": "Literal",
            "children": []
          },
          {
            "label": "EMAIL",
            "type": "VariableRead",
            "children": []
          }
        ]
      },
      {
        "label": "setObject",
        "type": "Invocation",
        "children": [
          {
            "label": "stmt",
            "type": "FieldRead",
            "children": []
          },
          {
            "label": "4",
            "type": "Literal",
            "children": []
          },
          {
            "label": "FIRST_NAME",
            "type": "VariableRead",
            "children": []
          }
        ]
      },
      {
        "label": "setObject",
        "type": "Invocation",
        "children": [
          {
            "label": "stmt",
            "type": "FieldRead",
            "children": []
          },
          {
            "label": "5",
            "type": "Literal",
            "children": []
          },
          {
            "label": "LAST_NAME",
            "type": "VariableRead",
            "children": []
          }
        ]
      },
      {
        "label": "setObject",
        "type": "Invocation",
        "children": [
          {
            "label": "stmt",
            "type": "FieldRead",
            "children": []
          },
          {
            "label": "6",
            "type": "Literal",
            "children": []
          },
          {
            "label": "PHONE",
            "type": "VariableRead",
            "children": []
          }
        ]
      }
    ]
  }
}