{
  "before_code": "Statement\nconn.createStatement()\np.executeUpdate(\"Delete from Cadre_Didactice where id_Cadru_Didactic \u003d \" + id_Cadru_Didactic)\n",
  "after_code": "PreparedStatement\nconn.prepareStatement(\"Delete from Cadre_Didactice where id_Cadru_Didactic \u003d ?\")\np.setObject(1, id_Cadru_Didactic)\np.executeUpdate()\n",
  "before_tree": {
    "label": "edit_root",
    "type": "edit_unit",
    "children": [
      {
        "type": "root",
        "children": [],
        "label": "Statement"
      },
      {
        "label": "createStatement",
        "type": "Invocation",
        "children": [
          {
            "label": "conn",
            "type": "VariableRead",
            "children": []
          }
        ]
      },
      {
        "label": "executeUpdate",
        "type": "Invocation",
        "children": [
          {
            "label": "p",
            "type": "VariableRead",
            "children": []
          },
          {
            "label": "PLUS",
            "type": "BinaryOperator",
            "children": [
              {
                "label": "\"Delete from Cadre_Didactice where id_Cadru_Didactic \u003d \"",
                "type": "Literal",
                "children": []
              },
              {
                "label": "id_Cadru_Didactic",
                "type": "VariableRead",
                "children": []
              }
            ]
          }
        ]
      }
    ]
  },
  "after_tree": {
    "label": "edit_root",
    "type": "edit_unit",
    "children": [
      {
        "type": "root",
        "children": [],
        "label": "PreparedStatement"
      },
      {
        "label": "prepareStatement",
        "type": "Invocation",
        "children": [
          {
            "label": "conn",
            "type": "VariableRead",
            "children": []
          },
          {
            "label": "\"Delete from Cadre_Didactice where id_Cadru_Didactic \u003d ?\"",
            "type": "Literal",
            "children": []
          }
        ]
      },
      {
        "label": "setObject",
        "type": "Invocation",
        "children": [
          {
            "label": "p",
            "type": "VariableRead",
            "children": []
          },
          {
            "label": "1",
            "type": "Literal",
            "children": []
          },
          {
            "label": "id_Cadru_Didactic",
            "type": "VariableRead",
            "children": []
          }
        ]
      },
      {
        "label": "executeUpdate",
        "type": "Invocation",
        "children": [
          {
            "label": "p",
            "type": "VariableRead",
            "children": []
          }
        ]
      }
    ]
  }
}