{
  "before_code": "Statement\n(((\"SELECT DISTINCT order_num \" + (\"FROM bespeak \" + \"WHERE id \u003d \")) + id) + \" AND order_state NOT IN(7, 8, 9) \")\n\"ORDER BY order_num DESC\"\nconn.createStatement()\nsql\n",
  "after_code": "PreparedStatement\n\"SELECT DISTINCT order_num \"\n((\"FROM bespeak \" + \"WHERE id \u003d ? AND order_state NOT IN(7, 8, 9) \") + \"ORDER BY order_num DESC\")\n(\"FROM bespeak \" + \"WHERE id \u003d ? AND order_state NOT IN(7, 8, 9) \")\n\"WHERE id \u003d ? AND order_state NOT IN(7, 8, 9) \"\n\"ORDER BY order_num DESC\"\nconn.prepareStatement(sql)\nps.setObject(1, id)\n",
  "before_tree": {
    "label": "edit_root",
    "type": "edit_unit",
    "children": [
      {
        "type": "root",
        "children": [],
        "label": "Statement"
      },
      {
        "label": "PLUS",
        "type": "BinaryOperator",
        "children": [
          {
            "label": "PLUS",
            "type": "BinaryOperator",
            "children": [
              {
                "label": "PLUS",
                "type": "BinaryOperator",
                "children": [
                  {
                    "label": "\"SELECT DISTINCT order_num \"",
                    "type": "Literal",
                    "children": []
                  },
                  {
                    "label": "PLUS",
                    "type": "BinaryOperator",
                    "children": [
                      {
                        "label": "\"FROM bespeak \"",
                        "type": "Literal",
                        "children": []
                      },
                      {
                        "label": "\"WHERE id \u003d \"",
                        "type": "Literal",
                        "children": []
                      }
                    ]
                  }
                ]
              },
              {
                "label": "id",
                "type": "VariableRead",
                "children": []
              }
            ]
          },
          {
            "label": "\" AND order_state NOT IN(7, 8, 9) \"",
            "type": "Literal",
            "children": []
          }
        ]
      },
      {
        "label": "\"ORDER BY order_num DESC\"",
        "type": "Literal",
        "children": []
      },
      {
        "label": "createStatement",
        "type": "Invocation",
        "children": [
          {
            "label": "conn",
            "type": "VariableRead",
            "children": []
          }
        ]
      },
      {
        "label": "sql",
        "type": "VariableRead",
        "children": []
      }
    ]
  },
  "after_tree": {
    "label": "edit_root",
    "type": "edit_unit",
    "children": [
      {
        "type": "root",
        "children": [],
        "label": "PreparedStatement"
      },
      {
        "label": "\"SELECT DISTINCT order_num \"",
        "type": "Literal",
        "children": []
      },
      {
        "label": "PLUS",
        "type": "BinaryOperator",
        "children": [
          {
            "label": "PLUS",
            "type": "BinaryOperator",
            "children": [
              {
                "label": "\"FROM bespeak \"",
                "type": "Literal",
                "children": []
              },
              {
                "label": "\"WHERE id \u003d ? AND order_state NOT IN(7, 8, 9) \"",
                "type": "Literal",
                "children": []
              }
            ]
          },
          {
            "label": "\"ORDER BY order_num DESC\"",
            "type": "Literal",
            "children": []
          }
        ]
      },
      {
        "label": "PLUS",
        "type": "BinaryOperator",
        "children": [
          {
            "label": "\"FROM bespeak \"",
            "type": "Literal",
            "children": []
          },
          {
            "label": "\"WHERE id \u003d ? AND order_state NOT IN(7, 8, 9) \"",
            "type": "Literal",
            "children": []
          }
        ]
      },
      {
        "label": "\"WHERE id \u003d ? AND order_state NOT IN(7, 8, 9) \"",
        "type": "Literal",
        "children": []
      },
      {
        "label": "\"ORDER BY order_num DESC\"",
        "type": "Literal",
        "children": []
      },
      {
        "label": "prepareStatement",
        "type": "Invocation",
        "children": [
          {
            "label": "conn",
            "type": "VariableRead",
            "children": []
          },
          {
            "label": "sql",
            "type": "VariableRead",
            "children": []
          }
        ]
      },
      {
        "label": "setObject",
        "type": "Invocation",
        "children": [
          {
            "label": "ps",
            "type": "VariableRead",
            "children": []
          },
          {
            "label": "1",
            "type": "Literal",
            "children": []
          },
          {
            "label": "id",
            "type": "VariableRead",
            "children": []
          }
        ]
      }
    ]
  }
}