{
  "before_code": "Statement\nconnexion.createStatement()\n(((\"UPDATE VARIETE SET aoc \u003d \" + aoc) + \" where libelle \u003d \u0027\") + variete.getLibelle()) + \"\u0027 ;\"\n",
  "after_code": "PreparedStatement\nconnexion.prepareStatement(\"UPDATE VARIETE SET aoc \u003d ?  where libelle \u003d ?;\")\nrequete.setObject(1, aoc)\nrequete.setObject(2, variete.getLibelle())\n",
  "before_tree": {
    "label": "edit_root",
    "type": "edit_unit",
    "children": [
      {
        "type": "root",
        "children": [],
        "label": "Statement"
      },
      {
        "label": "createStatement",
        "type": "Invocation",
        "children": [
          {
            "label": "connexion",
            "type": "VariableRead",
            "children": []
          }
        ]
      },
      {
        "label": "PLUS",
        "type": "BinaryOperator",
        "children": [
          {
            "label": "PLUS",
            "type": "BinaryOperator",
            "children": [
              {
                "label": "PLUS",
                "type": "BinaryOperator",
                "children": [
                  {
                    "label": "PLUS",
                    "type": "BinaryOperator",
                    "children": [
                      {
                        "label": "\"UPDATE VARIETE SET aoc \u003d \"",
                        "type": "Literal",
                        "children": []
                      },
                      {
                        "label": "aoc",
                        "type": "VariableRead",
                        "children": []
                      }
                    ]
                  },
                  {
                    "label": "\" where libelle \u003d \u0027\"",
                    "type": "Literal",
                    "children": []
                  }
                ]
              },
              {
                "label": "getLibelle",
                "type": "Invocation",
                "children": [
                  {
                    "label": "variete",
                    "type": "VariableRead",
                    "children": []
                  }
                ]
              }
            ]
          },
          {
            "label": "\"\u0027 ;\"",
            "type": "Literal",
            "children": []
          }
        ]
      }
    ]
  },
  "after_tree": {
    "label": "edit_root",
    "type": "edit_unit",
    "children": [
      {
        "type": "root",
        "children": [],
        "label": "PreparedStatement"
      },
      {
        "label": "prepareStatement",
        "type": "Invocation",
        "children": [
          {
            "label": "connexion",
            "type": "VariableRead",
            "children": []
          },
          {
            "label": "\"UPDATE VARIETE SET aoc \u003d ?  where libelle \u003d ?;\"",
            "type": "Literal",
            "children": []
          }
        ]
      },
      {
        "label": "setObject",
        "type": "Invocation",
        "children": [
          {
            "label": "requete",
            "type": "VariableRead",
            "children": []
          },
          {
            "label": "1",
            "type": "Literal",
            "children": []
          },
          {
            "label": "aoc",
            "type": "VariableRead",
            "children": []
          }
        ]
      },
      {
        "label": "setObject",
        "type": "Invocation",
        "children": [
          {
            "label": "requete",
            "type": "VariableRead",
            "children": []
          },
          {
            "label": "2",
            "type": "Literal",
            "children": []
          },
          {
            "label": "getLibelle",
            "type": "Invocation",
            "children": [
              {
                "label": "variete",
                "type": "VariableRead",
                "children": []
              }
            ]
          }
        ]
      }
    ]
  }
}