{
  "before_code": "Statement\ndatabaseConnection.createStatement()\njava.lang.String Login_SQL_QUERY \u003d (((\"Select Password from \" + dbTableName) + \" where Username \u003d \u0027\") + username) + \"\u0027;\"\nLogin_SQL_QUERY\n",
  "after_code": "java.lang.String Login_SQL_QUERY \u003d \"Select Password from ? where Username \u003d ?;\"\nPreparedStatement\ndatabaseConnection.prepareStatement(Login_SQL_QUERY)\nLoginUserStmt.setObject(1, dbTableName)\nLoginUserStmt.setObject(2, username)\n",
  "before_tree": {
    "label": "edit_root",
    "type": "edit_unit",
    "children": [
      {
        "type": "root",
        "children": [],
        "label": "Statement"
      },
      {
        "label": "createStatement",
        "type": "Invocation",
        "children": [
          {
            "label": "databaseConnection",
            "type": "FieldRead",
            "children": []
          }
        ]
      },
      {
        "label": "Login_SQL_QUERY",
        "type": "LocalVariable",
        "children": [
          {
            "label": "java.lang.String",
            "type": "VARIABLE_TYPE",
            "children": []
          },
          {
            "label": "PLUS",
            "type": "BinaryOperator",
            "children": [
              {
                "label": "PLUS",
                "type": "BinaryOperator",
                "children": [
                  {
                    "label": "PLUS",
                    "type": "BinaryOperator",
                    "children": [
                      {
                        "label": "PLUS",
                        "type": "BinaryOperator",
                        "children": [
                          {
                            "label": "\"Select Password from \"",
                            "type": "Literal",
                            "children": []
                          },
                          {
                            "label": "dbTableName",
                            "type": "FieldRead",
                            "children": []
                          }
                        ]
                      },
                      {
                        "label": "\" where Username \u003d \u0027\"",
                        "type": "Literal",
                        "children": []
                      }
                    ]
                  },
                  {
                    "label": "username",
                    "type": "VariableRead",
                    "children": []
                  }
                ]
              },
              {
                "label": "\"\u0027;\"",
                "type": "Literal",
                "children": []
              }
            ]
          }
        ]
      },
      {
        "label": "Login_SQL_QUERY",
        "type": "VariableRead",
        "children": []
      }
    ]
  },
  "after_tree": {
    "label": "edit_root",
    "type": "edit_unit",
    "children": [
      {
        "label": "Login_SQL_QUERY",
        "type": "LocalVariable",
        "children": [
          {
            "label": "java.lang.String",
            "type": "VARIABLE_TYPE",
            "children": []
          },
          {
            "label": "\"Select Password from ? where Username \u003d ?;\"",
            "type": "Literal",
            "children": []
          }
        ]
      },
      {
        "type": "root",
        "children": [],
        "label": "PreparedStatement"
      },
      {
        "label": "prepareStatement",
        "type": "Invocation",
        "children": [
          {
            "label": "databaseConnection",
            "type": "FieldRead",
            "children": []
          },
          {
            "label": "Login_SQL_QUERY",
            "type": "VariableRead",
            "children": []
          }
        ]
      },
      {
        "label": "setObject",
        "type": "Invocation",
        "children": [
          {
            "label": "LoginUserStmt",
            "type": "VariableRead",
            "children": []
          },
          {
            "label": "1",
            "type": "Literal",
            "children": []
          },
          {
            "label": "dbTableName",
            "type": "FieldRead",
            "children": []
          }
        ]
      },
      {
        "label": "setObject",
        "type": "Invocation",
        "children": [
          {
            "label": "LoginUserStmt",
            "type": "VariableRead",
            "children": []
          },
          {
            "label": "2",
            "type": "Literal",
            "children": []
          },
          {
            "label": "username",
            "type": "VariableRead",
            "children": []
          }
        ]
      }
    ]
  }
}