{
  "before_code": "java.lang.String\njava.lang.String sql \u003d (((((((((((\"update inception_music set musicName \u003d \" + music.getMusicName()) + \", musicStyle \u003d \") + music.getMusicStyle()) + \",\") + \" musicLanguage \u003d \") + music.getMusicLanguage()) + \", artistName \u003d \") + music.getArtistName()) + \", albumName \u003d \") + music.getAlbumName()) + \" where id \u003d \") + music.getId()\n\"update inception_music set musicName \u003d \"\n\"update inception_music set musicName \u003d \"\nmusic.getMusicName()\n\", musicStyle \u003d \"\n\", musicStyle \u003d \"\nmusic.getMusicStyle()\nmusic.getMusicLanguage()\nmusic.getArtistName()\nmusic.getAlbumName()\nmusic.getId()\nStatement\nutil.getConnection().createStatement()\nps.executeQuery(sql)\n",
  "after_code": "java.lang.String\njava.lang.String sql \u003d \"update inception_music set musicName \u003d ?, musicStyle \u003d ?,\" + \" musicLanguage \u003d ?, artistName \u003d ?, albumName \u003d ? where id \u003d ?\"\n\"update inception_music set musicName \u003d ?, musicStyle \u003d ?,\"\n\"update inception_music set musicName \u003d ?, musicStyle \u003d ?,\"\n\" musicLanguage \u003d ?, artistName \u003d ?, albumName \u003d ? where id \u003d ?\"\n\" musicLanguage \u003d ?, artistName \u003d ?, albumName \u003d ? where id \u003d ?\"\nPreparedStatement\nutil.getConnection().prepareStatement(sql)\nps.setObject(1, music.getMusicName())\nps.setObject(2, music.getMusicStyle())\nps.setObject(3, music.getMusicLanguage())\nps.setObject(4, music.getArtistName())\nps.setObject(5, music.getAlbumName())\nps.setObject(6, music.getId())\nps.execute()\n",
  "before_tree": {
    "label": "edit_root",
    "type": "edit_unit",
    "children": [
      {
        "type": "root",
        "children": [],
        "label": "java.lang.String"
      },
      {
        "label": "sql",
        "type": "LocalVariable",
        "children": [
          {
            "label": "java.lang.String",
            "type": "VARIABLE_TYPE",
            "children": []
          },
          {
            "label": "PLUS",
            "type": "BinaryOperator",
            "children": [
              {
                "label": "PLUS",
                "type": "BinaryOperator",
                "children": [
                  {
                    "label": "PLUS",
                    "type": "BinaryOperator",
                    "children": [
                      {
                        "label": "PLUS",
                        "type": "BinaryOperator",
                        "children": [
                          {
                            "label": "PLUS",
                            "type": "BinaryOperator",
                            "children": [
                              {
                                "label": "PLUS",
                                "type": "BinaryOperator",
                                "children": [
                                  {
                                    "label": "PLUS",
                                    "type": "BinaryOperator",
                                    "children": [
                                      {
                                        "label": "PLUS",
                                        "type": "BinaryOperator",
                                        "children": [
                                          {
                                            "label": "PLUS",
                                            "type": "BinaryOperator",
                                            "children": [
                                              {
                                                "label": "PLUS",
                                                "type": "BinaryOperator",
                                                "children": [
                                                  {
                                                    "label": "PLUS",
                                                    "type": "BinaryOperator",
                                                    "children": [
                                                      {
                                                        "label": "PLUS",
                                                        "type": "BinaryOperator",
                                                        "children": [
                                                          {
                                                            "label": "\"update inception_music set musicName \u003d \"",
                                                            "type": "Literal",
                                                            "children": []
                                                          },
                                                          {
                                                            "label": "getMusicName",
                                                            "type": "Invocation",
                                                            "children": [
                                                              {
                                                                "label": "music",
                                                                "type": "VariableRead",
                                                                "children": []
                                                              }
                                                            ]
                                                          }
                                                        ]
                                                      },
                                                      {
                                                        "label": "\", musicStyle \u003d \"",
                                                        "type": "Literal",
                                                        "children": []
                                                      }
                                                    ]
                                                  },
                                                  {
                                                    "label": "getMusicStyle",
                                                    "type": "Invocation",
                                                    "children": [
                                                      {
                                                        "label": "music",
                                                        "type": "VariableRead",
                                                        "children": []
                                                      }
                                                    ]
                                                  }
                                                ]
                                              },
                                              {
                                                "label": "\",\"",
                                                "type": "Literal",
                                                "children": []
                                              }
                                            ]
                                          },
                                          {
                                            "label": "\" musicLanguage \u003d \"",
                                            "type": "Literal",
                                            "children": []
                                          }
                                        ]
                                      },
                                      {
                                        "label": "getMusicLanguage",
                                        "type": "Invocation",
                                        "children": [
                                          {
                                            "label": "music",
                                            "type": "VariableRead",
                                            "children": []
                                          }
                                        ]
                                      }
                                    ]
                                  },
                                  {
                                    "label": "\", artistName \u003d \"",
                                    "type": "Literal",
                                    "children": []
                                  }
                                ]
                              },
                              {
                                "label": "getArtistName",
                                "type": "Invocation",
                                "children": [
                                  {
                                    "label": "music",
                                    "type": "VariableRead",
                                    "children": []
                                  }
                                ]
                              }
                            ]
                          },
                          {
                            "label": "\", albumName \u003d \"",
                            "type": "Literal",
                            "children": []
                          }
                        ]
                      },
                      {
                        "label": "getAlbumName",
                        "type": "Invocation",
                        "children": [
                          {
                            "label": "music",
                            "type": "VariableRead",
                            "children": []
                          }
                        ]
                      }
                    ]
                  },
                  {
                    "label": "\" where id \u003d \"",
                    "type": "Literal",
                    "children": []
                  }
                ]
              },
              {
                "label": "getId",
                "type": "Invocation",
                "children": [
                  {
                    "label": "music",
                    "type": "VariableRead",
                    "children": []
                  }
                ]
              }
            ]
          }
        ]
      },
      {
        "label": "\"update inception_music set musicName \u003d \"",
        "type": "Literal",
        "children": []
      },
      {
        "label": "\"update inception_music set musicName \u003d \"",
        "type": "Literal",
        "children": []
      },
      {
        "label": "getMusicName",
        "type": "Invocation",
        "children": [
          {
            "label": "music",
            "type": "VariableRead",
            "children": []
          }
        ]
      },
      {
        "label": "\", musicStyle \u003d \"",
        "type": "Literal",
        "children": []
      },
      {
        "label": "\", musicStyle \u003d \"",
        "type": "Literal",
        "children": []
      },
      {
        "label": "getMusicStyle",
        "type": "Invocation",
        "children": [
          {
            "label": "music",
            "type": "VariableRead",
            "children": []
          }
        ]
      },
      {
        "label": "getMusicLanguage",
        "type": "Invocation",
        "children": [
          {
            "label": "music",
            "type": "VariableRead",
            "children": []
          }
        ]
      },
      {
        "label": "getArtistName",
        "type": "Invocation",
        "children": [
          {
            "label": "music",
            "type": "VariableRead",
            "children": []
          }
        ]
      },
      {
        "label": "getAlbumName",
        "type": "Invocation",
        "children": [
          {
            "label": "music",
            "type": "VariableRead",
            "children": []
          }
        ]
      },
      {
        "label": "getId",
        "type": "Invocation",
        "children": [
          {
            "label": "music",
            "type": "VariableRead",
            "children": []
          }
        ]
      },
      {
        "type": "root",
        "children": [],
        "label": "Statement"
      },
      {
        "label": "createStatement",
        "type": "Invocation",
        "children": [
          {
            "label": "getConnection",
            "type": "Invocation",
            "children": [
              {
                "label": "util",
                "type": "FieldRead",
                "children": []
              }
            ]
          }
        ]
      },
      {
        "label": "executeQuery",
        "type": "Invocation",
        "children": [
          {
            "label": "ps",
            "type": "VariableRead",
            "children": []
          },
          {
            "label": "sql",
            "type": "VariableRead",
            "children": []
          }
        ]
      }
    ]
  },
  "after_tree": {
    "label": "edit_root",
    "type": "edit_unit",
    "children": [
      {
        "type": "root",
        "children": [],
        "label": "java.lang.String"
      },
      {
        "label": "sql",
        "type": "LocalVariable",
        "children": [
          {
            "label": "java.lang.String",
            "type": "VARIABLE_TYPE",
            "children": []
          },
          {
            "label": "PLUS",
            "type": "BinaryOperator",
            "children": [
              {
                "label": "\"update inception_music set musicName \u003d ?, musicStyle \u003d ?,\"",
                "type": "Literal",
                "children": []
              },
              {
                "label": "\" musicLanguage \u003d ?, artistName \u003d ?, albumName \u003d ? where id \u003d ?\"",
                "type": "Literal",
                "children": []
              }
            ]
          }
        ]
      },
      {
        "label": "\"update inception_music set musicName \u003d ?, musicStyle \u003d ?,\"",
        "type": "Literal",
        "children": []
      },
      {
        "label": "\"update inception_music set musicName \u003d ?, musicStyle \u003d ?,\"",
        "type": "Literal",
        "children": []
      },
      {
        "label": "\" musicLanguage \u003d ?, artistName \u003d ?, albumName \u003d ? where id \u003d ?\"",
        "type": "Literal",
        "children": []
      },
      {
        "label": "\" musicLanguage \u003d ?, artistName \u003d ?, albumName \u003d ? where id \u003d ?\"",
        "type": "Literal",
        "children": []
      },
      {
        "type": "root",
        "children": [],
        "label": "PreparedStatement"
      },
      {
        "label": "prepareStatement",
        "type": "Invocation",
        "children": [
          {
            "label": "getConnection",
            "type": "Invocation",
            "children": [
              {
                "label": "util",
                "type": "FieldRead",
                "children": []
              }
            ]
          },
          {
            "label": "sql",
            "type": "VariableRead",
            "children": []
          }
        ]
      },
      {
        "label": "setObject",
        "type": "Invocation",
        "children": [
          {
            "label": "ps",
            "type": "VariableRead",
            "children": []
          },
          {
            "label": "1",
            "type": "Literal",
            "children": []
          },
          {
            "label": "getMusicName",
            "type": "Invocation",
            "children": [
              {
                "label": "music",
                "type": "VariableRead",
                "children": []
              }
            ]
          }
        ]
      },
      {
        "label": "setObject",
        "type": "Invocation",
        "children": [
          {
            "label": "ps",
            "type": "VariableRead",
            "children": []
          },
          {
            "label": "2",
            "type": "Literal",
            "children": []
          },
          {
            "label": "getMusicStyle",
            "type": "Invocation",
            "children": [
              {
                "label": "music",
                "type": "VariableRead",
                "children": []
              }
            ]
          }
        ]
      },
      {
        "label": "setObject",
        "type": "Invocation",
        "children": [
          {
            "label": "ps",
            "type": "VariableRead",
            "children": []
          },
          {
            "label": "3",
            "type": "Literal",
            "children": []
          },
          {
            "label": "getMusicLanguage",
            "type": "Invocation",
            "children": [
              {
                "label": "music",
                "type": "VariableRead",
                "children": []
              }
            ]
          }
        ]
      },
      {
        "label": "setObject",
        "type": "Invocation",
        "children": [
          {
            "label": "ps",
            "type": "VariableRead",
            "children": []
          },
          {
            "label": "4",
            "type": "Literal",
            "children": []
          },
          {
            "label": "getArtistName",
            "type": "Invocation",
            "children": [
              {
                "label": "music",
                "type": "VariableRead",
                "children": []
              }
            ]
          }
        ]
      },
      {
        "label": "setObject",
        "type": "Invocation",
        "children": [
          {
            "label": "ps",
            "type": "VariableRead",
            "children": []
          },
          {
            "label": "5",
            "type": "Literal",
            "children": []
          },
          {
            "label": "getAlbumName",
            "type": "Invocation",
            "children": [
              {
                "label": "music",
                "type": "VariableRead",
                "children": []
              }
            ]
          }
        ]
      },
      {
        "label": "setObject",
        "type": "Invocation",
        "children": [
          {
            "label": "ps",
            "type": "VariableRead",
            "children": []
          },
          {
            "label": "6",
            "type": "Literal",
            "children": []
          },
          {
            "label": "getId",
            "type": "Invocation",
            "children": [
              {
                "label": "music",
                "type": "VariableRead",
                "children": []
              }
            ]
          }
        ]
      },
      {
        "label": "execute",
        "type": "Invocation",
        "children": [
          {
            "label": "ps",
            "type": "VariableRead",
            "children": []
          }
        ]
      }
    ]
  }
}