{
  "before_code": "Statement\n((((((\"select * from \" + TBL_NAME) + \" where \") + FIELD_ID_PIANO) + \"\u003d\") + search_id) + \" order by \") + FIELD_NOME\nconn.createStatement()\nquery\n",
  "after_code": "PreparedStatement\n\"select * from ? where ?\u003d?\" + \" order by ?\"\nconn.prepareStatement(query)\nst.setObject(1, TBL_NAME)\nst.setObject(2, FIELD_ID_PIANO)\nst.setObject(3, search_id)\nst.setObject(4, FIELD_NOME)\n",
  "before_tree": {
    "label": "edit_root",
    "type": "edit_unit",
    "children": [
      {
        "type": "root",
        "children": [],
        "label": "Statement"
      },
      {
        "label": "PLUS",
        "type": "BinaryOperator",
        "children": [
          {
            "label": "PLUS",
            "type": "BinaryOperator",
            "children": [
              {
                "label": "PLUS",
                "type": "BinaryOperator",
                "children": [
                  {
                    "label": "PLUS",
                    "type": "BinaryOperator",
                    "children": [
                      {
                        "label": "PLUS",
                        "type": "BinaryOperator",
                        "children": [
                          {
                            "label": "PLUS",
                            "type": "BinaryOperator",
                            "children": [
                              {
                                "label": "PLUS",
                                "type": "BinaryOperator",
                                "children": [
                                  {
                                    "label": "\"select * from \"",
                                    "type": "Literal",
                                    "children": []
                                  },
                                  {
                                    "label": "TBL_NAME",
                                    "type": "FieldRead",
                                    "children": []
                                  }
                                ]
                              },
                              {
                                "label": "\" where \"",
                                "type": "Literal",
                                "children": []
                              }
                            ]
                          },
                          {
                            "label": "FIELD_ID_PIANO",
                            "type": "FieldRead",
                            "children": []
                          }
                        ]
                      },
                      {
                        "label": "\"\u003d\"",
                        "type": "Literal",
                        "children": []
                      }
                    ]
                  },
                  {
                    "label": "search_id",
                    "type": "VariableRead",
                    "children": []
                  }
                ]
              },
              {
                "label": "\" order by \"",
                "type": "Literal",
                "children": []
              }
            ]
          },
          {
            "label": "FIELD_NOME",
            "type": "FieldRead",
            "children": []
          }
        ]
      },
      {
        "label": "createStatement",
        "type": "Invocation",
        "children": [
          {
            "label": "conn",
            "type": "FieldRead",
            "children": []
          }
        ]
      },
      {
        "label": "query",
        "type": "VariableRead",
        "children": []
      }
    ]
  },
  "after_tree": {
    "label": "edit_root",
    "type": "edit_unit",
    "children": [
      {
        "type": "root",
        "children": [],
        "label": "PreparedStatement"
      },
      {
        "label": "PLUS",
        "type": "BinaryOperator",
        "children": [
          {
            "label": "\"select * from ? where ?\u003d?\"",
            "type": "Literal",
            "children": []
          },
          {
            "label": "\" order by ?\"",
            "type": "Literal",
            "children": []
          }
        ]
      },
      {
        "label": "prepareStatement",
        "type": "Invocation",
        "children": [
          {
            "label": "conn",
            "type": "FieldRead",
            "children": []
          },
          {
            "label": "query",
            "type": "VariableRead",
            "children": []
          }
        ]
      },
      {
        "label": "setObject",
        "type": "Invocation",
        "children": [
          {
            "label": "st",
            "type": "VariableRead",
            "children": []
          },
          {
            "label": "1",
            "type": "Literal",
            "children": []
          },
          {
            "label": "TBL_NAME",
            "type": "TypeAccess",
            "children": []
          }
        ]
      },
      {
        "label": "setObject",
        "type": "Invocation",
        "children": [
          {
            "label": "st",
            "type": "VariableRead",
            "children": []
          },
          {
            "label": "2",
            "type": "Literal",
            "children": []
          },
          {
            "label": "FIELD_ID_PIANO",
            "type": "TypeAccess",
            "children": []
          }
        ]
      },
      {
        "label": "setObject",
        "type": "Invocation",
        "children": [
          {
            "label": "st",
            "type": "VariableRead",
            "children": []
          },
          {
            "label": "3",
            "type": "Literal",
            "children": []
          },
          {
            "label": "search_id",
            "type": "VariableRead",
            "children": []
          }
        ]
      },
      {
        "label": "setObject",
        "type": "Invocation",
        "children": [
          {
            "label": "st",
            "type": "VariableRead",
            "children": []
          },
          {
            "label": "4",
            "type": "Literal",
            "children": []
          },
          {
            "label": "FIELD_NOME",
            "type": "TypeAccess",
            "children": []
          }
        ]
      }
    ]
  }
}