{
  "before_code": "(((((((((\"INSERT INTO instructor(fname,lname,faculty,email,password)  VALUES (\" + firstNameTextBox.getText()) + \",\") + lastNameTextBox.getText()) + \",\") + facultyInstrTextBox.getText()) + \",\") + emailTextBox.getText()) + \",\") + BCrypt.hashpw(passBox.getText(), BCrypt.gensalt())) + \")\"\nStatement\nconnection.createStatement()\naddInstrQuery\n",
  "after_code": "\"INSERT INTO instructor(fname,lname,faculty,email,password) VALUES (?,?,?,?,?)\"\nPreparedStatement\nconnection.prepareStatement(addInstrQuery)\nps.setObject(1, firstNameTextBox.getText())\nps.setObject(2, lastNameTextBox.getText())\nps.setObject(3, facultyInstrTextBox.getText())\nps.setObject(4, emailTextBox.getText())\nps.setObject(5, BCrypt.hashpw(passBox.getText(), BCrypt.gensalt()))\n",
  "before_tree": {
    "label": "edit_root",
    "type": "edit_unit",
    "children": [
      {
        "label": "PLUS",
        "type": "BinaryOperator",
        "children": [
          {
            "label": "PLUS",
            "type": "BinaryOperator",
            "children": [
              {
                "label": "PLUS",
                "type": "BinaryOperator",
                "children": [
                  {
                    "label": "PLUS",
                    "type": "BinaryOperator",
                    "children": [
                      {
                        "label": "PLUS",
                        "type": "BinaryOperator",
                        "children": [
                          {
                            "label": "PLUS",
                            "type": "BinaryOperator",
                            "children": [
                              {
                                "label": "PLUS",
                                "type": "BinaryOperator",
                                "children": [
                                  {
                                    "label": "PLUS",
                                    "type": "BinaryOperator",
                                    "children": [
                                      {
                                        "label": "PLUS",
                                        "type": "BinaryOperator",
                                        "children": [
                                          {
                                            "label": "PLUS",
                                            "type": "BinaryOperator",
                                            "children": [
                                              {
                                                "label": "\"INSERT INTO instructor(fname,lname,faculty,email,password)  VALUES (\"",
                                                "type": "Literal",
                                                "children": []
                                              },
                                              {
                                                "label": "getText",
                                                "type": "Invocation",
                                                "children": [
                                                  {
                                                    "label": "firstNameTextBox",
                                                    "type": "FieldRead",
                                                    "children": []
                                                  }
                                                ]
                                              }
                                            ]
                                          },
                                          {
                                            "label": "\",\"",
                                            "type": "Literal",
                                            "children": []
                                          }
                                        ]
                                      },
                                      {
                                        "label": "getText",
                                        "type": "Invocation",
                                        "children": [
                                          {
                                            "label": "lastNameTextBox",
                                            "type": "FieldRead",
                                            "children": []
                                          }
                                        ]
                                      }
                                    ]
                                  },
                                  {
                                    "label": "\",\"",
                                    "type": "Literal",
                                    "children": []
                                  }
                                ]
                              },
                              {
                                "label": "getText",
                                "type": "Invocation",
                                "children": [
                                  {
                                    "label": "facultyInstrTextBox",
                                    "type": "FieldRead",
                                    "children": []
                                  }
                                ]
                              }
                            ]
                          },
                          {
                            "label": "\",\"",
                            "type": "Literal",
                            "children": []
                          }
                        ]
                      },
                      {
                        "label": "getText",
                        "type": "Invocation",
                        "children": [
                          {
                            "label": "emailTextBox",
                            "type": "FieldRead",
                            "children": []
                          }
                        ]
                      }
                    ]
                  },
                  {
                    "label": "\",\"",
                    "type": "Literal",
                    "children": []
                  }
                ]
              },
              {
                "label": "hashpw",
                "type": "Invocation",
                "children": [
                  {
                    "label": "BCrypt",
                    "type": "TypeAccess",
                    "children": []
                  },
                  {
                    "label": "getText",
                    "type": "Invocation",
                    "children": [
                      {
                        "label": "passBox",
                        "type": "FieldRead",
                        "children": []
                      }
                    ]
                  },
                  {
                    "label": "gensalt",
                    "type": "Invocation",
                    "children": [
                      {
                        "label": "BCrypt",
                        "type": "TypeAccess",
                        "children": []
                      }
                    ]
                  }
                ]
              }
            ]
          },
          {
            "label": "\")\"",
            "type": "Literal",
            "children": []
          }
        ]
      },
      {
        "type": "root",
        "children": [],
        "label": "Statement"
      },
      {
        "label": "createStatement",
        "type": "Invocation",
        "children": [
          {
            "label": "connection",
            "type": "VariableRead",
            "children": []
          }
        ]
      },
      {
        "label": "addInstrQuery",
        "type": "VariableRead",
        "children": []
      }
    ]
  },
  "after_tree": {
    "label": "edit_root",
    "type": "edit_unit",
    "children": [
      {
        "label": "\"INSERT INTO instructor(fname,lname,faculty,email,password) VALUES (?,?,?,?,?)\"",
        "type": "Literal",
        "children": []
      },
      {
        "type": "root",
        "children": [],
        "label": "PreparedStatement"
      },
      {
        "label": "prepareStatement",
        "type": "Invocation",
        "children": [
          {
            "label": "connection",
            "type": "VariableRead",
            "children": []
          },
          {
            "label": "addInstrQuery",
            "type": "VariableRead",
            "children": []
          }
        ]
      },
      {
        "label": "setObject",
        "type": "Invocation",
        "children": [
          {
            "label": "ps",
            "type": "VariableRead",
            "children": []
          },
          {
            "label": "1",
            "type": "Literal",
            "children": []
          },
          {
            "label": "getText",
            "type": "Invocation",
            "children": [
              {
                "label": "firstNameTextBox",
                "type": "FieldRead",
                "children": []
              }
            ]
          }
        ]
      },
      {
        "label": "setObject",
        "type": "Invocation",
        "children": [
          {
            "label": "ps",
            "type": "VariableRead",
            "children": []
          },
          {
            "label": "2",
            "type": "Literal",
            "children": []
          },
          {
            "label": "getText",
            "type": "Invocation",
            "children": [
              {
                "label": "lastNameTextBox",
                "type": "FieldRead",
                "children": []
              }
            ]
          }
        ]
      },
      {
        "label": "setObject",
        "type": "Invocation",
        "children": [
          {
            "label": "ps",
            "type": "VariableRead",
            "children": []
          },
          {
            "label": "3",
            "type": "Literal",
            "children": []
          },
          {
            "label": "getText",
            "type": "Invocation",
            "children": [
              {
                "label": "facultyInstrTextBox",
                "type": "FieldRead",
                "children": []
              }
            ]
          }
        ]
      },
      {
        "label": "setObject",
        "type": "Invocation",
        "children": [
          {
            "label": "ps",
            "type": "VariableRead",
            "children": []
          },
          {
            "label": "4",
            "type": "Literal",
            "children": []
          },
          {
            "label": "getText",
            "type": "Invocation",
            "children": [
              {
                "label": "emailTextBox",
                "type": "FieldRead",
                "children": []
              }
            ]
          }
        ]
      },
      {
        "label": "setObject",
        "type": "Invocation",
        "children": [
          {
            "label": "ps",
            "type": "VariableRead",
            "children": []
          },
          {
            "label": "5",
            "type": "Literal",
            "children": []
          },
          {
            "label": "hashpw",
            "type": "Invocation",
            "children": [
              {
                "label": "BCrypt",
                "type": "TypeAccess",
                "children": []
              },
              {
                "label": "getText",
                "type": "Invocation",
                "children": [
                  {
                    "label": "passBox",
                    "type": "FieldRead",
                    "children": []
                  }
                ]
              },
              {
                "label": "gensalt",
                "type": "Invocation",
                "children": [
                  {
                    "label": "BCrypt",
                    "type": "TypeAccess",
                    "children": []
                  }
                ]
              }
            ]
          }
        ]
      }
    ]
  }
}