{
  "before_code": "Statement\nconn.createStatement()\nstate.executeUpdate(((((\"UPDATE stats SET kills \u003d \" + getKills(p)) + score) + \" WHERE player \u003d \u0027\") + uuid) + \"\u0027\")\nstate.executeUpdate(((((\"UPDATE stats SET death \u003d \" + getDeaths(p)) + 1) + \" WHERE player \u003d \u0027\") + uuid) + \"\u0027\")\n",
  "after_code": "PreparedStatement\njava.lang.String query\nquery \u003d \"UPDATE stats SET kills \u003d ? WHERE player \u003d \u0027?\u0027\"\nconn.prepareStatement(query)\nstate.setObject(1, getKills(p) + score)\nstate.setObject(2, uuid)\nstate.executeUpdate()\nquery \u003d \"UPDATE stats SET death \u003d ? WHERE player \u003d \u0027?\u0027\"\nstate.setObject(1, getDeaths(p) + 1)\nstate.setObject(2, uuid)\nstate.executeUpdate()\n",
  "before_tree": {
    "label": "edit_root",
    "type": "edit_unit",
    "children": [
      {
        "type": "root",
        "children": [],
        "label": "Statement"
      },
      {
        "label": "createStatement",
        "type": "Invocation",
        "children": [
          {
            "label": "conn",
            "type": "FieldRead",
            "children": []
          }
        ]
      },
      {
        "label": "executeUpdate",
        "type": "Invocation",
        "children": [
          {
            "label": "state",
            "type": "VariableRead",
            "children": []
          },
          {
            "label": "PLUS",
            "type": "BinaryOperator",
            "children": [
              {
                "label": "PLUS",
                "type": "BinaryOperator",
                "children": [
                  {
                    "label": "PLUS",
                    "type": "BinaryOperator",
                    "children": [
                      {
                        "label": "PLUS",
                        "type": "BinaryOperator",
                        "children": [
                          {
                            "label": "PLUS",
                            "type": "BinaryOperator",
                            "children": [
                              {
                                "label": "\"UPDATE stats SET kills \u003d \"",
                                "type": "Literal",
                                "children": []
                              },
                              {
                                "label": "getKills",
                                "type": "Invocation",
                                "children": [
                                  {
                                    "label": "Dummy",
                                    "type": "TypeAccess",
                                    "children": []
                                  },
                                  {
                                    "label": "p",
                                    "type": "VariableRead",
                                    "children": []
                                  }
                                ]
                              }
                            ]
                          },
                          {
                            "label": "score",
                            "type": "VariableRead",
                            "children": []
                          }
                        ]
                      },
                      {
                        "label": "\" WHERE player \u003d \u0027\"",
                        "type": "Literal",
                        "children": []
                      }
                    ]
                  },
                  {
                    "label": "uuid",
                    "type": "VariableRead",
                    "children": []
                  }
                ]
              },
              {
                "label": "\"\u0027\"",
                "type": "Literal",
                "children": []
              }
            ]
          }
        ]
      },
      {
        "label": "executeUpdate",
        "type": "Invocation",
        "children": [
          {
            "label": "state",
            "type": "VariableRead",
            "children": []
          },
          {
            "label": "PLUS",
            "type": "BinaryOperator",
            "children": [
              {
                "label": "PLUS",
                "type": "BinaryOperator",
                "children": [
                  {
                    "label": "PLUS",
                    "type": "BinaryOperator",
                    "children": [
                      {
                        "label": "PLUS",
                        "type": "BinaryOperator",
                        "children": [
                          {
                            "label": "PLUS",
                            "type": "BinaryOperator",
                            "children": [
                              {
                                "label": "\"UPDATE stats SET death \u003d \"",
                                "type": "Literal",
                                "children": []
                              },
                              {
                                "label": "getDeaths",
                                "type": "Invocation",
                                "children": [
                                  {
                                    "label": "Dummy",
                                    "type": "TypeAccess",
                                    "children": []
                                  },
                                  {
                                    "label": "p",
                                    "type": "VariableRead",
                                    "children": []
                                  }
                                ]
                              }
                            ]
                          },
                          {
                            "label": "1",
                            "type": "Literal",
                            "children": []
                          }
                        ]
                      },
                      {
                        "label": "\" WHERE player \u003d \u0027\"",
                        "type": "Literal",
                        "children": []
                      }
                    ]
                  },
                  {
                    "label": "uuid",
                    "type": "VariableRead",
                    "children": []
                  }
                ]
              },
              {
                "label": "\"\u0027\"",
                "type": "Literal",
                "children": []
              }
            ]
          }
        ]
      }
    ]
  },
  "after_tree": {
    "label": "edit_root",
    "type": "edit_unit",
    "children": [
      {
        "type": "root",
        "children": [],
        "label": "PreparedStatement"
      },
      {
        "label": "query",
        "type": "LocalVariable",
        "children": [
          {
            "label": "java.lang.String",
            "type": "VARIABLE_TYPE",
            "children": []
          }
        ]
      },
      {
        "label": "\u003d",
        "type": "Assignment",
        "children": [
          {
            "label": "query",
            "type": "VariableWrite",
            "children": []
          },
          {
            "label": "\"UPDATE stats SET kills \u003d ? WHERE player \u003d \u0027?\u0027\"",
            "type": "Literal",
            "children": []
          }
        ]
      },
      {
        "label": "prepareStatement",
        "type": "Invocation",
        "children": [
          {
            "label": "conn",
            "type": "FieldRead",
            "children": []
          },
          {
            "label": "query",
            "type": "VariableRead",
            "children": []
          }
        ]
      },
      {
        "label": "setObject",
        "type": "Invocation",
        "children": [
          {
            "label": "state",
            "type": "VariableRead",
            "children": []
          },
          {
            "label": "1",
            "type": "Literal",
            "children": []
          },
          {
            "label": "PLUS",
            "type": "BinaryOperator",
            "children": [
              {
                "label": "getKills",
                "type": "Invocation",
                "children": [
                  {
                    "label": "Dummy",
                    "type": "TypeAccess",
                    "children": []
                  },
                  {
                    "label": "p",
                    "type": "VariableRead",
                    "children": []
                  }
                ]
              },
              {
                "label": "score",
                "type": "VariableRead",
                "children": []
              }
            ]
          }
        ]
      },
      {
        "label": "setObject",
        "type": "Invocation",
        "children": [
          {
            "label": "state",
            "type": "VariableRead",
            "children": []
          },
          {
            "label": "2",
            "type": "Literal",
            "children": []
          },
          {
            "label": "uuid",
            "type": "VariableRead",
            "children": []
          }
        ]
      },
      {
        "label": "executeUpdate",
        "type": "Invocation",
        "children": [
          {
            "label": "state",
            "type": "VariableRead",
            "children": []
          }
        ]
      },
      {
        "label": "\u003d",
        "type": "Assignment",
        "children": [
          {
            "label": "query",
            "type": "VariableWrite",
            "children": []
          },
          {
            "label": "\"UPDATE stats SET death \u003d ? WHERE player \u003d \u0027?\u0027\"",
            "type": "Literal",
            "children": []
          }
        ]
      },
      {
        "label": "setObject",
        "type": "Invocation",
        "children": [
          {
            "label": "state",
            "type": "VariableRead",
            "children": []
          },
          {
            "label": "1",
            "type": "Literal",
            "children": []
          },
          {
            "label": "PLUS",
            "type": "BinaryOperator",
            "children": [
              {
                "label": "getDeaths",
                "type": "Invocation",
                "children": [
                  {
                    "label": "Dummy",
                    "type": "TypeAccess",
                    "children": []
                  },
                  {
                    "label": "p",
                    "type": "VariableRead",
                    "children": []
                  }
                ]
              },
              {
                "label": "1",
                "type": "Literal",
                "children": []
              }
            ]
          }
        ]
      },
      {
        "label": "setObject",
        "type": "Invocation",
        "children": [
          {
            "label": "state",
            "type": "VariableRead",
            "children": []
          },
          {
            "label": "2",
            "type": "Literal",
            "children": []
          },
          {
            "label": "uuid",
            "type": "VariableRead",
            "children": []
          }
        ]
      },
      {
        "label": "executeUpdate",
        "type": "Invocation",
        "children": [
          {
            "label": "state",
            "type": "VariableRead",
            "children": []
          }
        ]
      }
    ]
  }
}