{
  "before_code": "((((((((((((((\"UPDATE service_order \" + \"SET need_by_date \u003d \") + new java.sql.Date(serviceOrder.getNeedByDate().getTime())) + \", service_type_mow \u003d \") + serviceOrder.getServiceTypeMow()) + \", service_type_edge \u003d \") + serviceOrder.getServiceTypeEdge()) + \", \") + \"service_type_rake \u003d \") + serviceOrder.getServiceTypeRake()) + \", instruction \u003d \") + serviceOrder.getInstruction()) + \", change_user_name \u003d javauser, change_date \u003d \") + GenericUtilities.getCurrentTimeStamp()) + \" \")\n\"WHERE id \u003d \"\nserviceOrder.getId()\nStatement\nCONN.createStatement()\nsql\n",
  "after_code": "\"UPDATE service_order \"\n\"SET need_by_date \u003d ?, service_type_mow \u003d ?, service_type_edge \u003d ?, \"\n(\"SET need_by_date \u003d ?, service_type_mow \u003d ?, service_type_edge \u003d ?, \" + \"service_type_rake \u003d ?, instruction \u003d ?, change_user_name \u003d javauser, change_date \u003d ? \")\n\"service_type_rake \u003d ?, instruction \u003d ?, change_user_name \u003d javauser, change_date \u003d ? \"\n\"WHERE id \u003d ?\"\nPreparedStatement\nCONN.prepareStatement(sql)\npstat.setDate(1, new java.sql.Date(serviceOrder.getNeedByDate().getTime()))\npstat.setObject(2, serviceOrder.getServiceTypeMow())\npstat.setObject(3, serviceOrder.getServiceTypeEdge())\npstat.setObject(4, serviceOrder.getServiceTypeRake())\npstat.setObject(5, serviceOrder.getInstruction())\npstat.setTimestamp(6, GenericUtilities.getCurrentTimeStamp())\npstat.setObject(7, serviceOrder.getId())\n",
  "before_tree": {
    "label": "edit_root",
    "type": "edit_unit",
    "children": [
      {
        "label": "PLUS",
        "type": "BinaryOperator",
        "children": [
          {
            "label": "PLUS",
            "type": "BinaryOperator",
            "children": [
              {
                "label": "PLUS",
                "type": "BinaryOperator",
                "children": [
                  {
                    "label": "PLUS",
                    "type": "BinaryOperator",
                    "children": [
                      {
                        "label": "PLUS",
                        "type": "BinaryOperator",
                        "children": [
                          {
                            "label": "PLUS",
                            "type": "BinaryOperator",
                            "children": [
                              {
                                "label": "PLUS",
                                "type": "BinaryOperator",
                                "children": [
                                  {
                                    "label": "PLUS",
                                    "type": "BinaryOperator",
                                    "children": [
                                      {
                                        "label": "PLUS",
                                        "type": "BinaryOperator",
                                        "children": [
                                          {
                                            "label": "PLUS",
                                            "type": "BinaryOperator",
                                            "children": [
                                              {
                                                "label": "PLUS",
                                                "type": "BinaryOperator",
                                                "children": [
                                                  {
                                                    "label": "PLUS",
                                                    "type": "BinaryOperator",
                                                    "children": [
                                                      {
                                                        "label": "PLUS",
                                                        "type": "BinaryOperator",
                                                        "children": [
                                                          {
                                                            "label": "PLUS",
                                                            "type": "BinaryOperator",
                                                            "children": [
                                                              {
                                                                "label": "\"UPDATE service_order \"",
                                                                "type": "Literal",
                                                                "children": []
                                                              },
                                                              {
                                                                "label": "\"SET need_by_date \u003d \"",
                                                                "type": "Literal",
                                                                "children": []
                                                              }
                                                            ]
                                                          },
                                                          {
                                                            "label": "java.util.Date(java.lang.String)",
                                                            "type": "ConstructorCall",
                                                            "children": [
                                                              {
                                                                "label": "getTime",
                                                                "type": "Invocation",
                                                                "children": [
                                                                  {
                                                                    "label": "getNeedByDate",
                                                                    "type": "Invocation",
                                                                    "children": [
                                                                      {
                                                                        "label": "serviceOrder",
                                                                        "type": "VariableRead",
                                                                        "children": []
                                                                      }
                                                                    ]
                                                                  }
                                                                ]
                                                              }
                                                            ]
                                                          }
                                                        ]
                                                      },
                                                      {
                                                        "label": "\", service_type_mow \u003d \"",
                                                        "type": "Literal",
                                                        "children": []
                                                      }
                                                    ]
                                                  },
                                                  {
                                                    "label": "getServiceTypeMow",
                                                    "type": "Invocation",
                                                    "children": [
                                                      {
                                                        "label": "serviceOrder",
                                                        "type": "VariableRead",
                                                        "children": []
                                                      }
                                                    ]
                                                  }
                                                ]
                                              },
                                              {
                                                "label": "\", service_type_edge \u003d \"",
                                                "type": "Literal",
                                                "children": []
                                              }
                                            ]
                                          },
                                          {
                                            "label": "getServiceTypeEdge",
                                            "type": "Invocation",
                                            "children": [
                                              {
                                                "label": "serviceOrder",
                                                "type": "VariableRead",
                                                "children": []
                                              }
                                            ]
                                          }
                                        ]
                                      },
                                      {
                                        "label": "\", \"",
                                        "type": "Literal",
                                        "children": []
                                      }
                                    ]
                                  },
                                  {
                                    "label": "\"service_type_rake \u003d \"",
                                    "type": "Literal",
                                    "children": []
                                  }
                                ]
                              },
                              {
                                "label": "getServiceTypeRake",
                                "type": "Invocation",
                                "children": [
                                  {
                                    "label": "serviceOrder",
                                    "type": "VariableRead",
                                    "children": []
                                  }
                                ]
                              }
                            ]
                          },
                          {
                            "label": "\", instruction \u003d \"",
                            "type": "Literal",
                            "children": []
                          }
                        ]
                      },
                      {
                        "label": "getInstruction",
                        "type": "Invocation",
                        "children": [
                          {
                            "label": "serviceOrder",
                            "type": "VariableRead",
                            "children": []
                          }
                        ]
                      }
                    ]
                  },
                  {
                    "label": "\", change_user_name \u003d javauser, change_date \u003d \"",
                    "type": "Literal",
                    "children": []
                  }
                ]
              },
              {
                "label": "getCurrentTimeStamp",
                "type": "Invocation",
                "children": [
                  {
                    "label": "GenericUtilities",
                    "type": "TypeAccess",
                    "children": []
                  }
                ]
              }
            ]
          },
          {
            "label": "\" \"",
            "type": "Literal",
            "children": []
          }
        ]
      },
      {
        "label": "\"WHERE id \u003d \"",
        "type": "Literal",
        "children": []
      },
      {
        "label": "getId",
        "type": "Invocation",
        "children": [
          {
            "label": "serviceOrder",
            "type": "VariableRead",
            "children": []
          }
        ]
      },
      {
        "type": "root",
        "children": [],
        "label": "Statement"
      },
      {
        "label": "createStatement",
        "type": "Invocation",
        "children": [
          {
            "label": "CONN",
            "type": "TypeAccess",
            "children": []
          }
        ]
      },
      {
        "label": "sql",
        "type": "VariableRead",
        "children": []
      }
    ]
  },
  "after_tree": {
    "label": "edit_root",
    "type": "edit_unit",
    "children": [
      {
        "label": "\"UPDATE service_order \"",
        "type": "Literal",
        "children": []
      },
      {
        "label": "\"SET need_by_date \u003d ?, service_type_mow \u003d ?, service_type_edge \u003d ?, \"",
        "type": "Literal",
        "children": []
      },
      {
        "label": "PLUS",
        "type": "BinaryOperator",
        "children": [
          {
            "label": "\"SET need_by_date \u003d ?, service_type_mow \u003d ?, service_type_edge \u003d ?, \"",
            "type": "Literal",
            "children": []
          },
          {
            "label": "\"service_type_rake \u003d ?, instruction \u003d ?, change_user_name \u003d javauser, change_date \u003d ? \"",
            "type": "Literal",
            "children": []
          }
        ]
      },
      {
        "label": "\"service_type_rake \u003d ?, instruction \u003d ?, change_user_name \u003d javauser, change_date \u003d ? \"",
        "type": "Literal",
        "children": []
      },
      {
        "label": "\"WHERE id \u003d ?\"",
        "type": "Literal",
        "children": []
      },
      {
        "type": "root",
        "children": [],
        "label": "PreparedStatement"
      },
      {
        "label": "prepareStatement",
        "type": "Invocation",
        "children": [
          {
            "label": "CONN",
            "type": "TypeAccess",
            "children": []
          },
          {
            "label": "sql",
            "type": "VariableRead",
            "children": []
          }
        ]
      },
      {
        "label": "setDate",
        "type": "Invocation",
        "children": [
          {
            "label": "pstat",
            "type": "VariableRead",
            "children": []
          },
          {
            "label": "1",
            "type": "Literal",
            "children": []
          },
          {
            "label": "java.util.Date(java.lang.String)",
            "type": "ConstructorCall",
            "children": [
              {
                "label": "getTime",
                "type": "Invocation",
                "children": [
                  {
                    "label": "getNeedByDate",
                    "type": "Invocation",
                    "children": [
                      {
                        "label": "serviceOrder",
                        "type": "VariableRead",
                        "children": []
                      }
                    ]
                  }
                ]
              }
            ]
          }
        ]
      },
      {
        "label": "setObject",
        "type": "Invocation",
        "children": [
          {
            "label": "pstat",
            "type": "VariableRead",
            "children": []
          },
          {
            "label": "2",
            "type": "Literal",
            "children": []
          },
          {
            "label": "getServiceTypeMow",
            "type": "Invocation",
            "children": [
              {
                "label": "serviceOrder",
                "type": "VariableRead",
                "children": []
              }
            ]
          }
        ]
      },
      {
        "label": "setObject",
        "type": "Invocation",
        "children": [
          {
            "label": "pstat",
            "type": "VariableRead",
            "children": []
          },
          {
            "label": "3",
            "type": "Literal",
            "children": []
          },
          {
            "label": "getServiceTypeEdge",
            "type": "Invocation",
            "children": [
              {
                "label": "serviceOrder",
                "type": "VariableRead",
                "children": []
              }
            ]
          }
        ]
      },
      {
        "label": "setObject",
        "type": "Invocation",
        "children": [
          {
            "label": "pstat",
            "type": "VariableRead",
            "children": []
          },
          {
            "label": "4",
            "type": "Literal",
            "children": []
          },
          {
            "label": "getServiceTypeRake",
            "type": "Invocation",
            "children": [
              {
                "label": "serviceOrder",
                "type": "VariableRead",
                "children": []
              }
            ]
          }
        ]
      },
      {
        "label": "setObject",
        "type": "Invocation",
        "children": [
          {
            "label": "pstat",
            "type": "VariableRead",
            "children": []
          },
          {
            "label": "5",
            "type": "Literal",
            "children": []
          },
          {
            "label": "getInstruction",
            "type": "Invocation",
            "children": [
              {
                "label": "serviceOrder",
                "type": "VariableRead",
                "children": []
              }
            ]
          }
        ]
      },
      {
        "label": "setTimestamp",
        "type": "Invocation",
        "children": [
          {
            "label": "pstat",
            "type": "VariableRead",
            "children": []
          },
          {
            "label": "6",
            "type": "Literal",
            "children": []
          },
          {
            "label": "getCurrentTimeStamp",
            "type": "Invocation",
            "children": [
              {
                "label": "GenericUtilities",
                "type": "TypeAccess",
                "children": []
              }
            ]
          }
        ]
      },
      {
        "label": "setObject",
        "type": "Invocation",
        "children": [
          {
            "label": "pstat",
            "type": "VariableRead",
            "children": []
          },
          {
            "label": "7",
            "type": "Literal",
            "children": []
          },
          {
            "label": "getId",
            "type": "Invocation",
            "children": [
              {
                "label": "serviceOrder",
                "type": "VariableRead",
                "children": []
              }
            ]
          }
        ]
      }
    ]
  }
}