{
  "before_code": "Statement\nStatement pstmt \u003d conn.createStatement()\nStatement pstmt \u003d conn.createStatement()\nconn.createStatement()\nList\u003cMensagem\u003e mensagens \u003d new ArrayList()\nResultSet\nResultSet rs \u003d pstmt.executeQuery((\"select * from mensagem where para \u003d \u0027\" + userParaEmail) + \"\u0027\")\npstmt.executeQuery((\"select * from mensagem where para \u003d \u0027\" + userParaEmail) + \"\u0027\")\n",
  "after_code": "PreparedStatement\nPreparedStatement pstmt \u003d conn.prepareStatement((\"select * from mensagem where para \u003d \u0027\" + userParaEmail) + \"\u0027\")\nconn.prepareStatement((\"select * from mensagem where para \u003d \u0027\" + userParaEmail) + \"\u0027\")\nList\u003cMensagem\u003e mensagens \u003d new ArrayList()\nResultSet\nResultSet rs \u003d pstmt.executeQuery()\nResultSet rs \u003d pstmt.executeQuery()\npstmt.executeQuery()\n",
  "before_tree": {
    "label": "edit_root",
    "type": "edit_unit",
    "children": [
      {
        "type": "root",
        "children": [],
        "label": "Statement"
      },
      {
        "label": "pstmt",
        "type": "LocalVariable",
        "children": [
          {
            "label": "Statement",
            "type": "VARIABLE_TYPE",
            "children": []
          },
          {
            "label": "createStatement",
            "type": "Invocation",
            "children": [
              {
                "label": "conn",
                "type": "FieldRead",
                "children": []
              }
            ]
          }
        ]
      },
      {
        "label": "pstmt",
        "type": "LocalVariable",
        "children": [
          {
            "label": "Statement",
            "type": "VARIABLE_TYPE",
            "children": []
          },
          {
            "label": "createStatement",
            "type": "Invocation",
            "children": [
              {
                "label": "conn",
                "type": "FieldRead",
                "children": []
              }
            ]
          }
        ]
      },
      {
        "label": "createStatement",
        "type": "Invocation",
        "children": [
          {
            "label": "conn",
            "type": "FieldRead",
            "children": []
          }
        ]
      },
      {
        "label": "mensagens",
        "type": "LocalVariable",
        "children": [
          {
            "label": "List",
            "type": "VARIABLE_TYPE",
            "children": []
          },
          {
            "label": "ArrayList()",
            "type": "ConstructorCall",
            "children": []
          }
        ]
      },
      {
        "type": "root",
        "children": [],
        "label": "ResultSet"
      },
      {
        "label": "rs",
        "type": "LocalVariable",
        "children": [
          {
            "label": "ResultSet",
            "type": "VARIABLE_TYPE",
            "children": []
          },
          {
            "label": "executeQuery",
            "type": "Invocation",
            "children": [
              {
                "label": "pstmt",
                "type": "VariableRead",
                "children": []
              },
              {
                "label": "PLUS",
                "type": "BinaryOperator",
                "children": [
                  {
                    "label": "PLUS",
                    "type": "BinaryOperator",
                    "children": [
                      {
                        "label": "\"select * from mensagem where para \u003d \u0027\"",
                        "type": "Literal",
                        "children": []
                      },
                      {
                        "label": "userParaEmail",
                        "type": "VariableRead",
                        "children": []
                      }
                    ]
                  },
                  {
                    "label": "\"\u0027\"",
                    "type": "Literal",
                    "children": []
                  }
                ]
              }
            ]
          }
        ]
      },
      {
        "label": "executeQuery",
        "type": "Invocation",
        "children": [
          {
            "label": "pstmt",
            "type": "VariableRead",
            "children": []
          },
          {
            "label": "PLUS",
            "type": "BinaryOperator",
            "children": [
              {
                "label": "PLUS",
                "type": "BinaryOperator",
                "children": [
                  {
                    "label": "\"select * from mensagem where para \u003d \u0027\"",
                    "type": "Literal",
                    "children": []
                  },
                  {
                    "label": "userParaEmail",
                    "type": "VariableRead",
                    "children": []
                  }
                ]
              },
              {
                "label": "\"\u0027\"",
                "type": "Literal",
                "children": []
              }
            ]
          }
        ]
      }
    ]
  },
  "after_tree": {
    "label": "edit_root",
    "type": "edit_unit",
    "children": [
      {
        "type": "root",
        "children": [],
        "label": "PreparedStatement"
      },
      {
        "label": "pstmt",
        "type": "LocalVariable",
        "children": [
          {
            "label": "PreparedStatement",
            "type": "VARIABLE_TYPE",
            "children": []
          },
          {
            "label": "prepareStatement",
            "type": "Invocation",
            "children": [
              {
                "label": "conn",
                "type": "FieldRead",
                "children": []
              },
              {
                "label": "PLUS",
                "type": "BinaryOperator",
                "children": [
                  {
                    "label": "PLUS",
                    "type": "BinaryOperator",
                    "children": [
                      {
                        "label": "\"select * from mensagem where para \u003d \u0027\"",
                        "type": "Literal",
                        "children": []
                      },
                      {
                        "label": "userParaEmail",
                        "type": "VariableRead",
                        "children": []
                      }
                    ]
                  },
                  {
                    "label": "\"\u0027\"",
                    "type": "Literal",
                    "children": []
                  }
                ]
              }
            ]
          }
        ]
      },
      {
        "label": "prepareStatement",
        "type": "Invocation",
        "children": [
          {
            "label": "conn",
            "type": "FieldRead",
            "children": []
          },
          {
            "label": "PLUS",
            "type": "BinaryOperator",
            "children": [
              {
                "label": "PLUS",
                "type": "BinaryOperator",
                "children": [
                  {
                    "label": "\"select * from mensagem where para \u003d \u0027\"",
                    "type": "Literal",
                    "children": []
                  },
                  {
                    "label": "userParaEmail",
                    "type": "VariableRead",
                    "children": []
                  }
                ]
              },
              {
                "label": "\"\u0027\"",
                "type": "Literal",
                "children": []
              }
            ]
          }
        ]
      },
      {
        "label": "mensagens",
        "type": "LocalVariable",
        "children": [
          {
            "label": "List",
            "type": "VARIABLE_TYPE",
            "children": []
          },
          {
            "label": "ArrayList()",
            "type": "ConstructorCall",
            "children": []
          }
        ]
      },
      {
        "type": "root",
        "children": [],
        "label": "ResultSet"
      },
      {
        "label": "rs",
        "type": "LocalVariable",
        "children": [
          {
            "label": "ResultSet",
            "type": "VARIABLE_TYPE",
            "children": []
          },
          {
            "label": "executeQuery",
            "type": "Invocation",
            "children": [
              {
                "label": "pstmt",
                "type": "VariableRead",
                "children": []
              }
            ]
          }
        ]
      },
      {
        "label": "rs",
        "type": "LocalVariable",
        "children": [
          {
            "label": "ResultSet",
            "type": "VARIABLE_TYPE",
            "children": []
          },
          {
            "label": "executeQuery",
            "type": "Invocation",
            "children": [
              {
                "label": "pstmt",
                "type": "VariableRead",
                "children": []
              }
            ]
          }
        ]
      },
      {
        "label": "executeQuery",
        "type": "Invocation",
        "children": [
          {
            "label": "pstmt",
            "type": "VariableRead",
            "children": []
          }
        ]
      }
    ]
  }
}