{
  "before_code": "Statement\nconn.createStatement()\np.executeUpdate(((((((((((((\"Insert into orar values(\" + orar.getZiua()) + \",\") + orar.getOra_inceput()) + \",\") + orar.getOra_sfarsit()) + \",\") + orar.getFrecventa()) + \",\") + orar.getId_Disciplina()) + \",\") + orar.getTip()) + \",\") + orar.getId_Cadru_Didactic(), ((orar.getId_Sala() + \",\") + orar.getId_Formatie()) + \")\")\n",
  "after_code": "PreparedStatement\nconn.prepareStatement(\"Insert into orar values(?,?,?,?,?,?,?,?,?)\")\np.setObject(1, orar.getZiua())\np.setObject(2, orar.getOra_inceput())\np.setObject(3, orar.getOra_sfarsit())\np.setObject(4, orar.getFrecventa())\np.setObject(5, orar.getId_Disciplina())\np.setObject(6, orar.getTip())\np.setObject(7, orar.getId_Cadru_Didactic())\np.setObject(8, orar.getId_Sala())\np.setObject(9, orar.getId_Formatie())\np.executeUpdate()\n",
  "before_tree": {
    "label": "edit_root",
    "type": "edit_unit",
    "children": [
      {
        "type": "root",
        "children": [],
        "label": "Statement"
      },
      {
        "label": "createStatement",
        "type": "Invocation",
        "children": [
          {
            "label": "conn",
            "type": "VariableRead",
            "children": []
          }
        ]
      },
      {
        "label": "executeUpdate",
        "type": "Invocation",
        "children": [
          {
            "label": "p",
            "type": "VariableRead",
            "children": []
          },
          {
            "label": "PLUS",
            "type": "BinaryOperator",
            "children": [
              {
                "label": "PLUS",
                "type": "BinaryOperator",
                "children": [
                  {
                    "label": "PLUS",
                    "type": "BinaryOperator",
                    "children": [
                      {
                        "label": "PLUS",
                        "type": "BinaryOperator",
                        "children": [
                          {
                            "label": "PLUS",
                            "type": "BinaryOperator",
                            "children": [
                              {
                                "label": "PLUS",
                                "type": "BinaryOperator",
                                "children": [
                                  {
                                    "label": "PLUS",
                                    "type": "BinaryOperator",
                                    "children": [
                                      {
                                        "label": "PLUS",
                                        "type": "BinaryOperator",
                                        "children": [
                                          {
                                            "label": "PLUS",
                                            "type": "BinaryOperator",
                                            "children": [
                                              {
                                                "label": "PLUS",
                                                "type": "BinaryOperator",
                                                "children": [
                                                  {
                                                    "label": "PLUS",
                                                    "type": "BinaryOperator",
                                                    "children": [
                                                      {
                                                        "label": "PLUS",
                                                        "type": "BinaryOperator",
                                                        "children": [
                                                          {
                                                            "label": "PLUS",
                                                            "type": "BinaryOperator",
                                                            "children": [
                                                              {
                                                                "label": "\"Insert into orar values(\"",
                                                                "type": "Literal",
                                                                "children": []
                                                              },
                                                              {
                                                                "label": "getZiua",
                                                                "type": "Invocation",
                                                                "children": [
                                                                  {
                                                                    "label": "orar",
                                                                    "type": "VariableRead",
                                                                    "children": []
                                                                  }
                                                                ]
                                                              }
                                                            ]
                                                          },
                                                          {
                                                            "label": "\",\"",
                                                            "type": "Literal",
                                                            "children": []
                                                          }
                                                        ]
                                                      },
                                                      {
                                                        "label": "getOra_inceput",
                                                        "type": "Invocation",
                                                        "children": [
                                                          {
                                                            "label": "orar",
                                                            "type": "VariableRead",
                                                            "children": []
                                                          }
                                                        ]
                                                      }
                                                    ]
                                                  },
                                                  {
                                                    "label": "\",\"",
                                                    "type": "Literal",
                                                    "children": []
                                                  }
                                                ]
                                              },
                                              {
                                                "label": "getOra_sfarsit",
                                                "type": "Invocation",
                                                "children": [
                                                  {
                                                    "label": "orar",
                                                    "type": "VariableRead",
                                                    "children": []
                                                  }
                                                ]
                                              }
                                            ]
                                          },
                                          {
                                            "label": "\",\"",
                                            "type": "Literal",
                                            "children": []
                                          }
                                        ]
                                      },
                                      {
                                        "label": "getFrecventa",
                                        "type": "Invocation",
                                        "children": [
                                          {
                                            "label": "orar",
                                            "type": "VariableRead",
                                            "children": []
                                          }
                                        ]
                                      }
                                    ]
                                  },
                                  {
                                    "label": "\",\"",
                                    "type": "Literal",
                                    "children": []
                                  }
                                ]
                              },
                              {
                                "label": "getId_Disciplina",
                                "type": "Invocation",
                                "children": [
                                  {
                                    "label": "orar",
                                    "type": "VariableRead",
                                    "children": []
                                  }
                                ]
                              }
                            ]
                          },
                          {
                            "label": "\",\"",
                            "type": "Literal",
                            "children": []
                          }
                        ]
                      },
                      {
                        "label": "getTip",
                        "type": "Invocation",
                        "children": [
                          {
                            "label": "orar",
                            "type": "VariableRead",
                            "children": []
                          }
                        ]
                      }
                    ]
                  },
                  {
                    "label": "\",\"",
                    "type": "Literal",
                    "children": []
                  }
                ]
              },
              {
                "label": "getId_Cadru_Didactic",
                "type": "Invocation",
                "children": [
                  {
                    "label": "orar",
                    "type": "VariableRead",
                    "children": []
                  }
                ]
              }
            ]
          },
          {
            "label": "PLUS",
            "type": "BinaryOperator",
            "children": [
              {
                "label": "PLUS",
                "type": "BinaryOperator",
                "children": [
                  {
                    "label": "PLUS",
                    "type": "BinaryOperator",
                    "children": [
                      {
                        "label": "getId_Sala",
                        "type": "Invocation",
                        "children": [
                          {
                            "label": "orar",
                            "type": "VariableRead",
                            "children": []
                          }
                        ]
                      },
                      {
                        "label": "\",\"",
                        "type": "Literal",
                        "children": []
                      }
                    ]
                  },
                  {
                    "label": "getId_Formatie",
                    "type": "Invocation",
                    "children": [
                      {
                        "label": "orar",
                        "type": "VariableRead",
                        "children": []
                      }
                    ]
                  }
                ]
              },
              {
                "label": "\")\"",
                "type": "Literal",
                "children": []
              }
            ]
          }
        ]
      }
    ]
  },
  "after_tree": {
    "label": "edit_root",
    "type": "edit_unit",
    "children": [
      {
        "type": "root",
        "children": [],
        "label": "PreparedStatement"
      },
      {
        "label": "prepareStatement",
        "type": "Invocation",
        "children": [
          {
            "label": "conn",
            "type": "VariableRead",
            "children": []
          },
          {
            "label": "\"Insert into orar values(?,?,?,?,?,?,?,?,?)\"",
            "type": "Literal",
            "children": []
          }
        ]
      },
      {
        "label": "setObject",
        "type": "Invocation",
        "children": [
          {
            "label": "p",
            "type": "VariableRead",
            "children": []
          },
          {
            "label": "1",
            "type": "Literal",
            "children": []
          },
          {
            "label": "getZiua",
            "type": "Invocation",
            "children": [
              {
                "label": "orar",
                "type": "VariableRead",
                "children": []
              }
            ]
          }
        ]
      },
      {
        "label": "setObject",
        "type": "Invocation",
        "children": [
          {
            "label": "p",
            "type": "VariableRead",
            "children": []
          },
          {
            "label": "2",
            "type": "Literal",
            "children": []
          },
          {
            "label": "getOra_inceput",
            "type": "Invocation",
            "children": [
              {
                "label": "orar",
                "type": "VariableRead",
                "children": []
              }
            ]
          }
        ]
      },
      {
        "label": "setObject",
        "type": "Invocation",
        "children": [
          {
            "label": "p",
            "type": "VariableRead",
            "children": []
          },
          {
            "label": "3",
            "type": "Literal",
            "children": []
          },
          {
            "label": "getOra_sfarsit",
            "type": "Invocation",
            "children": [
              {
                "label": "orar",
                "type": "VariableRead",
                "children": []
              }
            ]
          }
        ]
      },
      {
        "label": "setObject",
        "type": "Invocation",
        "children": [
          {
            "label": "p",
            "type": "VariableRead",
            "children": []
          },
          {
            "label": "4",
            "type": "Literal",
            "children": []
          },
          {
            "label": "getFrecventa",
            "type": "Invocation",
            "children": [
              {
                "label": "orar",
                "type": "VariableRead",
                "children": []
              }
            ]
          }
        ]
      },
      {
        "label": "setObject",
        "type": "Invocation",
        "children": [
          {
            "label": "p",
            "type": "VariableRead",
            "children": []
          },
          {
            "label": "5",
            "type": "Literal",
            "children": []
          },
          {
            "label": "getId_Disciplina",
            "type": "Invocation",
            "children": [
              {
                "label": "orar",
                "type": "VariableRead",
                "children": []
              }
            ]
          }
        ]
      },
      {
        "label": "setObject",
        "type": "Invocation",
        "children": [
          {
            "label": "p",
            "type": "VariableRead",
            "children": []
          },
          {
            "label": "6",
            "type": "Literal",
            "children": []
          },
          {
            "label": "getTip",
            "type": "Invocation",
            "children": [
              {
                "label": "orar",
                "type": "VariableRead",
                "children": []
              }
            ]
          }
        ]
      },
      {
        "label": "setObject",
        "type": "Invocation",
        "children": [
          {
            "label": "p",
            "type": "VariableRead",
            "children": []
          },
          {
            "label": "7",
            "type": "Literal",
            "children": []
          },
          {
            "label": "getId_Cadru_Didactic",
            "type": "Invocation",
            "children": [
              {
                "label": "orar",
                "type": "VariableRead",
                "children": []
              }
            ]
          }
        ]
      },
      {
        "label": "setObject",
        "type": "Invocation",
        "children": [
          {
            "label": "p",
            "type": "VariableRead",
            "children": []
          },
          {
            "label": "8",
            "type": "Literal",
            "children": []
          },
          {
            "label": "getId_Sala",
            "type": "Invocation",
            "children": [
              {
                "label": "orar",
                "type": "VariableRead",
                "children": []
              }
            ]
          }
        ]
      },
      {
        "label": "setObject",
        "type": "Invocation",
        "children": [
          {
            "label": "p",
            "type": "VariableRead",
            "children": []
          },
          {
            "label": "9",
            "type": "Literal",
            "children": []
          },
          {
            "label": "getId_Formatie",
            "type": "Invocation",
            "children": [
              {
                "label": "orar",
                "type": "VariableRead",
                "children": []
              }
            ]
          }
        ]
      },
      {
        "label": "executeUpdate",
        "type": "Invocation",
        "children": [
          {
            "label": "p",
            "type": "VariableRead",
            "children": []
          }
        ]
      }
    ]
  }
}