{
  "before_code": "\"DELETE FROM ModRgl WHERE id \u003d \" + obj.getId()\nStatement\nconnect.createStatement()\nsql\n",
  "after_code": "\"DELETE FROM ModRgl WHERE id \u003d ?\"\nPreparedStatement\nconnect.prepareStatement(sql)\ndelete.setObject(1, obj.getId())\n",
  "before_tree": {
    "label": "edit_root",
    "type": "edit_unit",
    "children": [
      {
        "label": "PLUS",
        "type": "BinaryOperator",
        "children": [
          {
            "label": "\"DELETE FROM ModRgl WHERE id \u003d \"",
            "type": "Literal",
            "children": []
          },
          {
            "label": "getId",
            "type": "Invocation",
            "children": [
              {
                "label": "obj",
                "type": "VariableRead",
                "children": []
              }
            ]
          }
        ]
      },
      {
        "type": "root",
        "children": [],
        "label": "Statement"
      },
      {
        "label": "createStatement",
        "type": "Invocation",
        "children": [
          {
            "label": "connect",
            "type": "FieldRead",
            "children": []
          }
        ]
      },
      {
        "label": "sql",
        "type": "VariableRead",
        "children": []
      }
    ]
  },
  "after_tree": {
    "label": "edit_root",
    "type": "edit_unit",
    "children": [
      {
        "label": "\"DELETE FROM ModRgl WHERE id \u003d ?\"",
        "type": "Literal",
        "children": []
      },
      {
        "type": "root",
        "children": [],
        "label": "PreparedStatement"
      },
      {
        "label": "prepareStatement",
        "type": "Invocation",
        "children": [
          {
            "label": "connect",
            "type": "FieldRead",
            "children": []
          },
          {
            "label": "sql",
            "type": "VariableRead",
            "children": []
          }
        ]
      },
      {
        "label": "setObject",
        "type": "Invocation",
        "children": [
          {
            "label": "delete",
            "type": "VariableRead",
            "children": []
          },
          {
            "label": "1",
            "type": "Literal",
            "children": []
          },
          {
            "label": "getId",
            "type": "Invocation",
            "children": [
              {
                "label": "obj",
                "type": "VariableRead",
                "children": []
              }
            ]
          }
        ]
      }
    ]
  }
}