{
  "before_code": "Statement\ncon.createStatement()\njava.lang.String cmd \u003d (((\"select * from \" + getParam().getTableName()) + \" where key\u003d\u0027\") + key) + \"\u0027\"\ncmd\n",
  "after_code": "java.lang.String cmd \u003d \"select * from ? where key\u003d\u0027?\u0027\"\nPreparedStatement\ncon.prepareStatement(cmd)\nst.setObject(1, getParam().getTableName())\nst.setObject(2, key)\n",
  "before_tree": {
    "label": "edit_root",
    "type": "edit_unit",
    "children": [
      {
        "type": "root",
        "children": [],
        "label": "Statement"
      },
      {
        "label": "createStatement",
        "type": "Invocation",
        "children": [
          {
            "label": "con",
            "type": "VariableRead",
            "children": []
          }
        ]
      },
      {
        "label": "cmd",
        "type": "LocalVariable",
        "children": [
          {
            "label": "java.lang.String",
            "type": "VARIABLE_TYPE",
            "children": []
          },
          {
            "label": "PLUS",
            "type": "BinaryOperator",
            "children": [
              {
                "label": "PLUS",
                "type": "BinaryOperator",
                "children": [
                  {
                    "label": "PLUS",
                    "type": "BinaryOperator",
                    "children": [
                      {
                        "label": "PLUS",
                        "type": "BinaryOperator",
                        "children": [
                          {
                            "label": "\"select * from \"",
                            "type": "Literal",
                            "children": []
                          },
                          {
                            "label": "getTableName",
                            "type": "Invocation",
                            "children": [
                              {
                                "label": "getParam",
                                "type": "Invocation",
                                "children": [
                                  {
                                    "label": "Dummy",
                                    "type": "TypeAccess",
                                    "children": []
                                  }
                                ]
                              }
                            ]
                          }
                        ]
                      },
                      {
                        "label": "\" where key\u003d\u0027\"",
                        "type": "Literal",
                        "children": []
                      }
                    ]
                  },
                  {
                    "label": "key",
                    "type": "VariableRead",
                    "children": []
                  }
                ]
              },
              {
                "label": "\"\u0027\"",
                "type": "Literal",
                "children": []
              }
            ]
          }
        ]
      },
      {
        "label": "cmd",
        "type": "VariableRead",
        "children": []
      }
    ]
  },
  "after_tree": {
    "label": "edit_root",
    "type": "edit_unit",
    "children": [
      {
        "label": "cmd",
        "type": "LocalVariable",
        "children": [
          {
            "label": "java.lang.String",
            "type": "VARIABLE_TYPE",
            "children": []
          },
          {
            "label": "\"select * from ? where key\u003d\u0027?\u0027\"",
            "type": "Literal",
            "children": []
          }
        ]
      },
      {
        "type": "root",
        "children": [],
        "label": "PreparedStatement"
      },
      {
        "label": "prepareStatement",
        "type": "Invocation",
        "children": [
          {
            "label": "con",
            "type": "VariableRead",
            "children": []
          },
          {
            "label": "cmd",
            "type": "VariableRead",
            "children": []
          }
        ]
      },
      {
        "label": "setObject",
        "type": "Invocation",
        "children": [
          {
            "label": "st",
            "type": "VariableRead",
            "children": []
          },
          {
            "label": "1",
            "type": "Literal",
            "children": []
          },
          {
            "label": "getTableName",
            "type": "Invocation",
            "children": [
              {
                "label": "getParam",
                "type": "Invocation",
                "children": [
                  {
                    "label": "Dummy",
                    "type": "TypeAccess",
                    "children": []
                  }
                ]
              }
            ]
          }
        ]
      },
      {
        "label": "setObject",
        "type": "Invocation",
        "children": [
          {
            "label": "st",
            "type": "VariableRead",
            "children": []
          },
          {
            "label": "2",
            "type": "Literal",
            "children": []
          },
          {
            "label": "key",
            "type": "VariableRead",
            "children": []
          }
        ]
      }
    ]
  }
}