{
  "before_code": "(\"SELECT * FROM course WHERE idcourse !\u003d \" + oldCourseId) + \" ORDER BY courname;\"\nStatement\nconnection.createStatement()\nnewQuery\n",
  "after_code": "\"SELECT * FROM course WHERE idcourse !\u003d ? ORDER BY courname;\"\nPreparedStatement\nconnection.prepareStatement(newQuery)\nps.setObject(1, oldCourseId)\n",
  "before_tree": {
    "label": "edit_root",
    "type": "edit_unit",
    "children": [
      {
        "label": "PLUS",
        "type": "BinaryOperator",
        "children": [
          {
            "label": "PLUS",
            "type": "BinaryOperator",
            "children": [
              {
                "label": "\"SELECT * FROM course WHERE idcourse !\u003d \"",
                "type": "Literal",
                "children": []
              },
              {
                "label": "oldCourseId",
                "type": "FieldRead",
                "children": []
              }
            ]
          },
          {
            "label": "\" ORDER BY courname;\"",
            "type": "Literal",
            "children": []
          }
        ]
      },
      {
        "type": "root",
        "children": [],
        "label": "Statement"
      },
      {
        "label": "createStatement",
        "type": "Invocation",
        "children": [
          {
            "label": "connection",
            "type": "VariableRead",
            "children": []
          }
        ]
      },
      {
        "label": "newQuery",
        "type": "VariableRead",
        "children": []
      }
    ]
  },
  "after_tree": {
    "label": "edit_root",
    "type": "edit_unit",
    "children": [
      {
        "label": "\"SELECT * FROM course WHERE idcourse !\u003d ? ORDER BY courname;\"",
        "type": "Literal",
        "children": []
      },
      {
        "type": "root",
        "children": [],
        "label": "PreparedStatement"
      },
      {
        "label": "prepareStatement",
        "type": "Invocation",
        "children": [
          {
            "label": "connection",
            "type": "VariableRead",
            "children": []
          },
          {
            "label": "newQuery",
            "type": "VariableRead",
            "children": []
          }
        ]
      },
      {
        "label": "setObject",
        "type": "Invocation",
        "children": [
          {
            "label": "ps",
            "type": "VariableRead",
            "children": []
          },
          {
            "label": "1",
            "type": "Literal",
            "children": []
          },
          {
            "label": "oldCourseId",
            "type": "FieldRead",
            "children": []
          }
        ]
      }
    ]
  }
}