{
  "before_code": "Statement\njava.lang.String\njava.lang.String sql \u003d (((((((((((\"INSERT INTO cart VALUES (\" + id) + \", \") + b.getNo()) + \", \") + b.getTitle()) + \", \") + b.getPrice()) + \", \") + count) + \", \") + b.getImage()) + \")\"\nb.getNo()\nb.getTitle()\nb.getPrice()\nb.getImage()\nps \u003d conn.createStatement()\nsql\n",
  "after_code": "PreparedStatement\njava.lang.String\njava.lang.String sql \u003d \"INSERT INTO cart VALUES (?, ?, ?, ?, ?, ?)\"\nps \u003d conn.prepareStatement(sql)\nps.setObject(1, id)\nps.setObject(2, b.getNo())\nps.setObject(3, b.getTitle())\nps.setObject(4, b.getPrice())\nps.setObject(5, count)\nps.setObject(6, b.getImage())\n",
  "before_tree": {
    "label": "edit_root",
    "type": "edit_unit",
    "children": [
      {
        "type": "root",
        "children": [],
        "label": "Statement"
      },
      {
        "type": "root",
        "children": [],
        "label": "java.lang.String"
      },
      {
        "label": "sql",
        "type": "LocalVariable",
        "children": [
          {
            "label": "java.lang.String",
            "type": "VARIABLE_TYPE",
            "children": []
          },
          {
            "label": "PLUS",
            "type": "BinaryOperator",
            "children": [
              {
                "label": "PLUS",
                "type": "BinaryOperator",
                "children": [
                  {
                    "label": "PLUS",
                    "type": "BinaryOperator",
                    "children": [
                      {
                        "label": "PLUS",
                        "type": "BinaryOperator",
                        "children": [
                          {
                            "label": "PLUS",
                            "type": "BinaryOperator",
                            "children": [
                              {
                                "label": "PLUS",
                                "type": "BinaryOperator",
                                "children": [
                                  {
                                    "label": "PLUS",
                                    "type": "BinaryOperator",
                                    "children": [
                                      {
                                        "label": "PLUS",
                                        "type": "BinaryOperator",
                                        "children": [
                                          {
                                            "label": "PLUS",
                                            "type": "BinaryOperator",
                                            "children": [
                                              {
                                                "label": "PLUS",
                                                "type": "BinaryOperator",
                                                "children": [
                                                  {
                                                    "label": "PLUS",
                                                    "type": "BinaryOperator",
                                                    "children": [
                                                      {
                                                        "label": "PLUS",
                                                        "type": "BinaryOperator",
                                                        "children": [
                                                          {
                                                            "label": "\"INSERT INTO cart VALUES (\"",
                                                            "type": "Literal",
                                                            "children": []
                                                          },
                                                          {
                                                            "label": "id",
                                                            "type": "VariableRead",
                                                            "children": []
                                                          }
                                                        ]
                                                      },
                                                      {
                                                        "label": "\", \"",
                                                        "type": "Literal",
                                                        "children": []
                                                      }
                                                    ]
                                                  },
                                                  {
                                                    "label": "getNo",
                                                    "type": "Invocation",
                                                    "children": [
                                                      {
                                                        "label": "b",
                                                        "type": "VariableRead",
                                                        "children": []
                                                      }
                                                    ]
                                                  }
                                                ]
                                              },
                                              {
                                                "label": "\", \"",
                                                "type": "Literal",
                                                "children": []
                                              }
                                            ]
                                          },
                                          {
                                            "label": "getTitle",
                                            "type": "Invocation",
                                            "children": [
                                              {
                                                "label": "b",
                                                "type": "VariableRead",
                                                "children": []
                                              }
                                            ]
                                          }
                                        ]
                                      },
                                      {
                                        "label": "\", \"",
                                        "type": "Literal",
                                        "children": []
                                      }
                                    ]
                                  },
                                  {
                                    "label": "getPrice",
                                    "type": "Invocation",
                                    "children": [
                                      {
                                        "label": "b",
                                        "type": "VariableRead",
                                        "children": []
                                      }
                                    ]
                                  }
                                ]
                              },
                              {
                                "label": "\", \"",
                                "type": "Literal",
                                "children": []
                              }
                            ]
                          },
                          {
                            "label": "count",
                            "type": "VariableRead",
                            "children": []
                          }
                        ]
                      },
                      {
                        "label": "\", \"",
                        "type": "Literal",
                        "children": []
                      }
                    ]
                  },
                  {
                    "label": "getImage",
                    "type": "Invocation",
                    "children": [
                      {
                        "label": "b",
                        "type": "VariableRead",
                        "children": []
                      }
                    ]
                  }
                ]
              },
              {
                "label": "\")\"",
                "type": "Literal",
                "children": []
              }
            ]
          }
        ]
      },
      {
        "label": "getNo",
        "type": "Invocation",
        "children": [
          {
            "label": "b",
            "type": "VariableRead",
            "children": []
          }
        ]
      },
      {
        "label": "getTitle",
        "type": "Invocation",
        "children": [
          {
            "label": "b",
            "type": "VariableRead",
            "children": []
          }
        ]
      },
      {
        "label": "getPrice",
        "type": "Invocation",
        "children": [
          {
            "label": "b",
            "type": "VariableRead",
            "children": []
          }
        ]
      },
      {
        "label": "getImage",
        "type": "Invocation",
        "children": [
          {
            "label": "b",
            "type": "VariableRead",
            "children": []
          }
        ]
      },
      {
        "label": "\u003d",
        "type": "Assignment",
        "children": [
          {
            "label": "ps",
            "type": "VariableWrite",
            "children": []
          },
          {
            "label": "createStatement",
            "type": "Invocation",
            "children": [
              {
                "label": "conn",
                "type": "VariableRead",
                "children": []
              }
            ]
          }
        ]
      },
      {
        "label": "sql",
        "type": "VariableRead",
        "children": []
      }
    ]
  },
  "after_tree": {
    "label": "edit_root",
    "type": "edit_unit",
    "children": [
      {
        "type": "root",
        "children": [],
        "label": "PreparedStatement"
      },
      {
        "type": "root",
        "children": [],
        "label": "java.lang.String"
      },
      {
        "label": "sql",
        "type": "LocalVariable",
        "children": [
          {
            "label": "java.lang.String",
            "type": "VARIABLE_TYPE",
            "children": []
          },
          {
            "label": "\"INSERT INTO cart VALUES (?, ?, ?, ?, ?, ?)\"",
            "type": "Literal",
            "children": []
          }
        ]
      },
      {
        "label": "\u003d",
        "type": "Assignment",
        "children": [
          {
            "label": "ps",
            "type": "VariableWrite",
            "children": []
          },
          {
            "label": "prepareStatement",
            "type": "Invocation",
            "children": [
              {
                "label": "conn",
                "type": "VariableRead",
                "children": []
              },
              {
                "label": "sql",
                "type": "VariableRead",
                "children": []
              }
            ]
          }
        ]
      },
      {
        "label": "setObject",
        "type": "Invocation",
        "children": [
          {
            "label": "ps",
            "type": "VariableRead",
            "children": []
          },
          {
            "label": "1",
            "type": "Literal",
            "children": []
          },
          {
            "label": "id",
            "type": "VariableRead",
            "children": []
          }
        ]
      },
      {
        "label": "setObject",
        "type": "Invocation",
        "children": [
          {
            "label": "ps",
            "type": "VariableRead",
            "children": []
          },
          {
            "label": "2",
            "type": "Literal",
            "children": []
          },
          {
            "label": "getNo",
            "type": "Invocation",
            "children": [
              {
                "label": "b",
                "type": "VariableRead",
                "children": []
              }
            ]
          }
        ]
      },
      {
        "label": "setObject",
        "type": "Invocation",
        "children": [
          {
            "label": "ps",
            "type": "VariableRead",
            "children": []
          },
          {
            "label": "3",
            "type": "Literal",
            "children": []
          },
          {
            "label": "getTitle",
            "type": "Invocation",
            "children": [
              {
                "label": "b",
                "type": "VariableRead",
                "children": []
              }
            ]
          }
        ]
      },
      {
        "label": "setObject",
        "type": "Invocation",
        "children": [
          {
            "label": "ps",
            "type": "VariableRead",
            "children": []
          },
          {
            "label": "4",
            "type": "Literal",
            "children": []
          },
          {
            "label": "getPrice",
            "type": "Invocation",
            "children": [
              {
                "label": "b",
                "type": "VariableRead",
                "children": []
              }
            ]
          }
        ]
      },
      {
        "label": "setObject",
        "type": "Invocation",
        "children": [
          {
            "label": "ps",
            "type": "VariableRead",
            "children": []
          },
          {
            "label": "5",
            "type": "Literal",
            "children": []
          },
          {
            "label": "count",
            "type": "VariableRead",
            "children": []
          }
        ]
      },
      {
        "label": "setObject",
        "type": "Invocation",
        "children": [
          {
            "label": "ps",
            "type": "VariableRead",
            "children": []
          },
          {
            "label": "6",
            "type": "Literal",
            "children": []
          },
          {
            "label": "getImage",
            "type": "Invocation",
            "children": [
              {
                "label": "b",
                "type": "VariableRead",
                "children": []
              }
            ]
          }
        ]
      }
    ]
  }
}