{
  "before_code": "(((((\"SELECT count(*) FROM instrcourdoc where instrcourdoc.iddocument \u003d \" + docId) + \" AND instrcourdoc.idcourse \u003d \") + courseId) + \" AND instrcourdoc.idinstructor \u003d \") + instrId) + \";\"\nStatement\nconnection.createStatement()\ncheckCourQuery\n(((\"INSERT INTO document (title,docdesc,filetype,uploader,uploaddate,docfile) \" + \"SELECT \") + selFileName) + \", docdesc, filetype, uploader, uploaddate, docfile FROM document where iddocument \u003d \") + docId\nStatement\nconnection.createStatement()\nnewQuery\n((((((\"INSERT INTO instrcourdoc (idinstructor,idcourse,iddocument) \" + \"VALUES (\") + instrId) + \",\") + courseId) + \",\") + docId) + \")\"\nStatement\nconnection.createStatement()\ninstrCourDocQuery\n",
  "after_code": "\"SELECT count(*) FROM instrcourdoc where instrcourdoc.iddocument \u003d ?\" + \" AND instrcourdoc.idcourse \u003d ? AND instrcourdoc.idinstructor \u003d ?;\"\nPreparedStatement\nconnection.prepareStatement(checkCourQuery)\nps.setObject(1, docId)\nps.setObject(2, courseId)\nps.setObject(3, instrId)\n\"INSERT INTO document (title,docdesc,filetype,uploader,uploaddate,docfile) \" + \"SELECT ?, docdesc, filetype, uploader, uploaddate, docfile FROM document where iddocument \u003d ?\"\nPreparedStatement\nconnection.prepareStatement(newQuery)\npsNew.setObject(1, selFileName)\npsNew.setObject(2, docId)\n\"INSERT INTO instrcourdoc (idinstructor,idcourse,iddocument) \" + \"VALUES (?,?,?)\"\nPreparedStatement\nconnection.prepareStatement(instrCourDocQuery)\npsCD.setObject(1, instrId)\npsCD.setObject(2, courseId)\npsCD.setObject(3, docId)\n",
  "before_tree": {
    "label": "edit_root",
    "type": "edit_unit",
    "children": [
      {
        "label": "PLUS",
        "type": "BinaryOperator",
        "children": [
          {
            "label": "PLUS",
            "type": "BinaryOperator",
            "children": [
              {
                "label": "PLUS",
                "type": "BinaryOperator",
                "children": [
                  {
                    "label": "PLUS",
                    "type": "BinaryOperator",
                    "children": [
                      {
                        "label": "PLUS",
                        "type": "BinaryOperator",
                        "children": [
                          {
                            "label": "PLUS",
                            "type": "BinaryOperator",
                            "children": [
                              {
                                "label": "\"SELECT count(*) FROM instrcourdoc where instrcourdoc.iddocument \u003d \"",
                                "type": "Literal",
                                "children": []
                              },
                              {
                                "label": "docId",
                                "type": "FieldRead",
                                "children": []
                              }
                            ]
                          },
                          {
                            "label": "\" AND instrcourdoc.idcourse \u003d \"",
                            "type": "Literal",
                            "children": []
                          }
                        ]
                      },
                      {
                        "label": "courseId",
                        "type": "FieldRead",
                        "children": []
                      }
                    ]
                  },
                  {
                    "label": "\" AND instrcourdoc.idinstructor \u003d \"",
                    "type": "Literal",
                    "children": []
                  }
                ]
              },
              {
                "label": "instrId",
                "type": "FieldRead",
                "children": []
              }
            ]
          },
          {
            "label": "\";\"",
            "type": "Literal",
            "children": []
          }
        ]
      },
      {
        "type": "root",
        "children": [],
        "label": "Statement"
      },
      {
        "label": "createStatement",
        "type": "Invocation",
        "children": [
          {
            "label": "connection",
            "type": "VariableRead",
            "children": []
          }
        ]
      },
      {
        "label": "checkCourQuery",
        "type": "VariableRead",
        "children": []
      },
      {
        "label": "PLUS",
        "type": "BinaryOperator",
        "children": [
          {
            "label": "PLUS",
            "type": "BinaryOperator",
            "children": [
              {
                "label": "PLUS",
                "type": "BinaryOperator",
                "children": [
                  {
                    "label": "PLUS",
                    "type": "BinaryOperator",
                    "children": [
                      {
                        "label": "\"INSERT INTO document (title,docdesc,filetype,uploader,uploaddate,docfile) \"",
                        "type": "Literal",
                        "children": []
                      },
                      {
                        "label": "\"SELECT \"",
                        "type": "Literal",
                        "children": []
                      }
                    ]
                  },
                  {
                    "label": "selFileName",
                    "type": "FieldRead",
                    "children": []
                  }
                ]
              },
              {
                "label": "\", docdesc, filetype, uploader, uploaddate, docfile FROM document where iddocument \u003d \"",
                "type": "Literal",
                "children": []
              }
            ]
          },
          {
            "label": "docId",
            "type": "FieldRead",
            "children": []
          }
        ]
      },
      {
        "type": "root",
        "children": [],
        "label": "Statement"
      },
      {
        "label": "createStatement",
        "type": "Invocation",
        "children": [
          {
            "label": "connection",
            "type": "VariableRead",
            "children": []
          }
        ]
      },
      {
        "label": "newQuery",
        "type": "VariableRead",
        "children": []
      },
      {
        "label": "PLUS",
        "type": "BinaryOperator",
        "children": [
          {
            "label": "PLUS",
            "type": "BinaryOperator",
            "children": [
              {
                "label": "PLUS",
                "type": "BinaryOperator",
                "children": [
                  {
                    "label": "PLUS",
                    "type": "BinaryOperator",
                    "children": [
                      {
                        "label": "PLUS",
                        "type": "BinaryOperator",
                        "children": [
                          {
                            "label": "PLUS",
                            "type": "BinaryOperator",
                            "children": [
                              {
                                "label": "PLUS",
                                "type": "BinaryOperator",
                                "children": [
                                  {
                                    "label": "\"INSERT INTO instrcourdoc (idinstructor,idcourse,iddocument) \"",
                                    "type": "Literal",
                                    "children": []
                                  },
                                  {
                                    "label": "\"VALUES (\"",
                                    "type": "Literal",
                                    "children": []
                                  }
                                ]
                              },
                              {
                                "label": "instrId",
                                "type": "FieldRead",
                                "children": []
                              }
                            ]
                          },
                          {
                            "label": "\",\"",
                            "type": "Literal",
                            "children": []
                          }
                        ]
                      },
                      {
                        "label": "courseId",
                        "type": "FieldRead",
                        "children": []
                      }
                    ]
                  },
                  {
                    "label": "\",\"",
                    "type": "Literal",
                    "children": []
                  }
                ]
              },
              {
                "label": "docId",
                "type": "FieldRead",
                "children": []
              }
            ]
          },
          {
            "label": "\")\"",
            "type": "Literal",
            "children": []
          }
        ]
      },
      {
        "type": "root",
        "children": [],
        "label": "Statement"
      },
      {
        "label": "createStatement",
        "type": "Invocation",
        "children": [
          {
            "label": "connection",
            "type": "VariableRead",
            "children": []
          }
        ]
      },
      {
        "label": "instrCourDocQuery",
        "type": "VariableRead",
        "children": []
      }
    ]
  },
  "after_tree": {
    "label": "edit_root",
    "type": "edit_unit",
    "children": [
      {
        "label": "PLUS",
        "type": "BinaryOperator",
        "children": [
          {
            "label": "\"SELECT count(*) FROM instrcourdoc where instrcourdoc.iddocument \u003d ?\"",
            "type": "Literal",
            "children": []
          },
          {
            "label": "\" AND instrcourdoc.idcourse \u003d ? AND instrcourdoc.idinstructor \u003d ?;\"",
            "type": "Literal",
            "children": []
          }
        ]
      },
      {
        "type": "root",
        "children": [],
        "label": "PreparedStatement"
      },
      {
        "label": "prepareStatement",
        "type": "Invocation",
        "children": [
          {
            "label": "connection",
            "type": "VariableRead",
            "children": []
          },
          {
            "label": "checkCourQuery",
            "type": "VariableRead",
            "children": []
          }
        ]
      },
      {
        "label": "setObject",
        "type": "Invocation",
        "children": [
          {
            "label": "ps",
            "type": "VariableRead",
            "children": []
          },
          {
            "label": "1",
            "type": "Literal",
            "children": []
          },
          {
            "label": "docId",
            "type": "FieldRead",
            "children": []
          }
        ]
      },
      {
        "label": "setObject",
        "type": "Invocation",
        "children": [
          {
            "label": "ps",
            "type": "VariableRead",
            "children": []
          },
          {
            "label": "2",
            "type": "Literal",
            "children": []
          },
          {
            "label": "courseId",
            "type": "FieldRead",
            "children": []
          }
        ]
      },
      {
        "label": "setObject",
        "type": "Invocation",
        "children": [
          {
            "label": "ps",
            "type": "VariableRead",
            "children": []
          },
          {
            "label": "3",
            "type": "Literal",
            "children": []
          },
          {
            "label": "instrId",
            "type": "FieldRead",
            "children": []
          }
        ]
      },
      {
        "label": "PLUS",
        "type": "BinaryOperator",
        "children": [
          {
            "label": "\"INSERT INTO document (title,docdesc,filetype,uploader,uploaddate,docfile) \"",
            "type": "Literal",
            "children": []
          },
          {
            "label": "\"SELECT ?, docdesc, filetype, uploader, uploaddate, docfile FROM document where iddocument \u003d ?\"",
            "type": "Literal",
            "children": []
          }
        ]
      },
      {
        "type": "root",
        "children": [],
        "label": "PreparedStatement"
      },
      {
        "label": "prepareStatement",
        "type": "Invocation",
        "children": [
          {
            "label": "connection",
            "type": "VariableRead",
            "children": []
          },
          {
            "label": "newQuery",
            "type": "VariableRead",
            "children": []
          }
        ]
      },
      {
        "label": "setObject",
        "type": "Invocation",
        "children": [
          {
            "label": "psNew",
            "type": "VariableRead",
            "children": []
          },
          {
            "label": "1",
            "type": "Literal",
            "children": []
          },
          {
            "label": "selFileName",
            "type": "FieldRead",
            "children": []
          }
        ]
      },
      {
        "label": "setObject",
        "type": "Invocation",
        "children": [
          {
            "label": "psNew",
            "type": "VariableRead",
            "children": []
          },
          {
            "label": "2",
            "type": "Literal",
            "children": []
          },
          {
            "label": "docId",
            "type": "FieldRead",
            "children": []
          }
        ]
      },
      {
        "label": "PLUS",
        "type": "BinaryOperator",
        "children": [
          {
            "label": "\"INSERT INTO instrcourdoc (idinstructor,idcourse,iddocument) \"",
            "type": "Literal",
            "children": []
          },
          {
            "label": "\"VALUES (?,?,?)\"",
            "type": "Literal",
            "children": []
          }
        ]
      },
      {
        "type": "root",
        "children": [],
        "label": "PreparedStatement"
      },
      {
        "label": "prepareStatement",
        "type": "Invocation",
        "children": [
          {
            "label": "connection",
            "type": "VariableRead",
            "children": []
          },
          {
            "label": "instrCourDocQuery",
            "type": "VariableRead",
            "children": []
          }
        ]
      },
      {
        "label": "setObject",
        "type": "Invocation",
        "children": [
          {
            "label": "psCD",
            "type": "VariableRead",
            "children": []
          },
          {
            "label": "1",
            "type": "Literal",
            "children": []
          },
          {
            "label": "instrId",
            "type": "FieldRead",
            "children": []
          }
        ]
      },
      {
        "label": "setObject",
        "type": "Invocation",
        "children": [
          {
            "label": "psCD",
            "type": "VariableRead",
            "children": []
          },
          {
            "label": "2",
            "type": "Literal",
            "children": []
          },
          {
            "label": "courseId",
            "type": "FieldRead",
            "children": []
          }
        ]
      },
      {
        "label": "setObject",
        "type": "Invocation",
        "children": [
          {
            "label": "psCD",
            "type": "VariableRead",
            "children": []
          },
          {
            "label": "3",
            "type": "Literal",
            "children": []
          },
          {
            "label": "docId",
            "type": "FieldRead",
            "children": []
          }
        ]
      }
    ]
  }
}