{
  "before_code": "Statement\nconnector.createStatement()\n\"select distinct dbname from databaser\"\nStatement\nconnector.createStatement()\njava.lang.String\njava.lang.String snewer \u003d (\"select userid from usersr where username\u003d\u0027\" + s) + \"\u0027\"\nsnewer\n",
  "after_code": "PreparedStatement\nconnector.prepareStatement(\"select distinct dbname from databaser\")\nPreparedStatement\njava.lang.String\njava.lang.String snewer \u003d \"select userid from usersr where username\u003d?\"\nstmt \u003d connector.prepareStatement(snewer)\nstmt.setObject(1, s)\n",
  "before_tree": {
    "label": "edit_root",
    "type": "edit_unit",
    "children": [
      {
        "type": "root",
        "children": [],
        "label": "Statement"
      },
      {
        "label": "createStatement",
        "type": "Invocation",
        "children": [
          {
            "label": "connector",
            "type": "FieldRead",
            "children": []
          }
        ]
      },
      {
        "label": "\"select distinct dbname from databaser\"",
        "type": "Literal",
        "children": []
      },
      {
        "type": "root",
        "children": [],
        "label": "Statement"
      },
      {
        "label": "createStatement",
        "type": "Invocation",
        "children": [
          {
            "label": "connector",
            "type": "FieldRead",
            "children": []
          }
        ]
      },
      {
        "type": "root",
        "children": [],
        "label": "java.lang.String"
      },
      {
        "label": "snewer",
        "type": "LocalVariable",
        "children": [
          {
            "label": "java.lang.String",
            "type": "VARIABLE_TYPE",
            "children": []
          },
          {
            "label": "PLUS",
            "type": "BinaryOperator",
            "children": [
              {
                "label": "PLUS",
                "type": "BinaryOperator",
                "children": [
                  {
                    "label": "\"select userid from usersr where username\u003d\u0027\"",
                    "type": "Literal",
                    "children": []
                  },
                  {
                    "label": "s",
                    "type": "VariableRead",
                    "children": []
                  }
                ]
              },
              {
                "label": "\"\u0027\"",
                "type": "Literal",
                "children": []
              }
            ]
          }
        ]
      },
      {
        "label": "snewer",
        "type": "VariableRead",
        "children": []
      }
    ]
  },
  "after_tree": {
    "label": "edit_root",
    "type": "edit_unit",
    "children": [
      {
        "type": "root",
        "children": [],
        "label": "PreparedStatement"
      },
      {
        "label": "prepareStatement",
        "type": "Invocation",
        "children": [
          {
            "label": "connector",
            "type": "FieldRead",
            "children": []
          },
          {
            "label": "\"select distinct dbname from databaser\"",
            "type": "Literal",
            "children": []
          }
        ]
      },
      {
        "type": "root",
        "children": [],
        "label": "PreparedStatement"
      },
      {
        "type": "root",
        "children": [],
        "label": "java.lang.String"
      },
      {
        "label": "snewer",
        "type": "LocalVariable",
        "children": [
          {
            "label": "java.lang.String",
            "type": "VARIABLE_TYPE",
            "children": []
          },
          {
            "label": "\"select userid from usersr where username\u003d?\"",
            "type": "Literal",
            "children": []
          }
        ]
      },
      {
        "label": "\u003d",
        "type": "Assignment",
        "children": [
          {
            "label": "stmt",
            "type": "VariableWrite",
            "children": []
          },
          {
            "label": "prepareStatement",
            "type": "Invocation",
            "children": [
              {
                "label": "connector",
                "type": "FieldRead",
                "children": []
              },
              {
                "label": "snewer",
                "type": "VariableRead",
                "children": []
              }
            ]
          }
        ]
      },
      {
        "label": "setObject",
        "type": "Invocation",
        "children": [
          {
            "label": "stmt",
            "type": "VariableRead",
            "children": []
          },
          {
            "label": "1",
            "type": "Literal",
            "children": []
          },
          {
            "label": "s",
            "type": "VariableRead",
            "children": []
          }
        ]
      }
    ]
  }
}