{
  "before_code": "((\"SELECT * \" + (\"FROM organisms \" + \"WHERE COMPLETE_NAME LIKE \u0027\")) + organismName) + \"\u0027\"\nStatement\nconn.createStatement()\nsbOrgaVal\n((((((((\"SELECT complete_name , \" + nuOrgaVal) + \"-CAST(aminos_vs_cyst AS float) \") + \" as result FROM organisms \") + \"WHERE COMPLETE_NAME NOT LIKE \u0027\") + organismName) + \"\u0027 ORDER BY \") + nuOrgaVal) + \"-CAST(aminos_vs_cyst AS float)\")\n\" LIMIT \"\ntop\nStatement\nconn.createStatement()\nsbOtheVal\n",
  "after_code": "\"SELECT * \" + (\"FROM organisms \" + \"WHERE COMPLETE_NAME LIKE \u0027?\u0027\")\nPreparedStatement\nconn.prepareStatement(sbOrgaVal)\nstmt.setObject(1, organismName)\n\"SELECT complete_name , ?-CAST(aminos_vs_cyst AS float) \"\n(\" as result FROM organisms \" + \"WHERE COMPLETE_NAME NOT LIKE \u0027?\u0027 ORDER BY ?-CAST(aminos_vs_cyst AS float)\")\n\"WHERE COMPLETE_NAME NOT LIKE \u0027?\u0027 ORDER BY ?-CAST(aminos_vs_cyst AS float)\"\n\" LIMIT ?\"\nPreparedStatement\nconn.prepareStatement(sbOtheVal)\nstmt.setObject(1, nuOrgaVal)\nstmt.setObject(2, organismName)\nstmt.setObject(3, nuOrgaVal)\nstmt.setObject(4, top)\n",
  "before_tree": {
    "label": "edit_root",
    "type": "edit_unit",
    "children": [
      {
        "label": "PLUS",
        "type": "BinaryOperator",
        "children": [
          {
            "label": "PLUS",
            "type": "BinaryOperator",
            "children": [
              {
                "label": "PLUS",
                "type": "BinaryOperator",
                "children": [
                  {
                    "label": "\"SELECT * \"",
                    "type": "Literal",
                    "children": []
                  },
                  {
                    "label": "PLUS",
                    "type": "BinaryOperator",
                    "children": [
                      {
                        "label": "\"FROM organisms \"",
                        "type": "Literal",
                        "children": []
                      },
                      {
                        "label": "\"WHERE COMPLETE_NAME LIKE \u0027\"",
                        "type": "Literal",
                        "children": []
                      }
                    ]
                  }
                ]
              },
              {
                "label": "organismName",
                "type": "VariableRead",
                "children": []
              }
            ]
          },
          {
            "label": "\"\u0027\"",
            "type": "Literal",
            "children": []
          }
        ]
      },
      {
        "type": "root",
        "children": [],
        "label": "Statement"
      },
      {
        "label": "createStatement",
        "type": "Invocation",
        "children": [
          {
            "label": "conn",
            "type": "VariableRead",
            "children": []
          }
        ]
      },
      {
        "label": "sbOrgaVal",
        "type": "VariableRead",
        "children": []
      },
      {
        "label": "PLUS",
        "type": "BinaryOperator",
        "children": [
          {
            "label": "PLUS",
            "type": "BinaryOperator",
            "children": [
              {
                "label": "PLUS",
                "type": "BinaryOperator",
                "children": [
                  {
                    "label": "PLUS",
                    "type": "BinaryOperator",
                    "children": [
                      {
                        "label": "PLUS",
                        "type": "BinaryOperator",
                        "children": [
                          {
                            "label": "PLUS",
                            "type": "BinaryOperator",
                            "children": [
                              {
                                "label": "PLUS",
                                "type": "BinaryOperator",
                                "children": [
                                  {
                                    "label": "PLUS",
                                    "type": "BinaryOperator",
                                    "children": [
                                      {
                                        "label": "\"SELECT complete_name , \"",
                                        "type": "Literal",
                                        "children": []
                                      },
                                      {
                                        "label": "nuOrgaVal",
                                        "type": "VariableRead",
                                        "children": []
                                      }
                                    ]
                                  },
                                  {
                                    "label": "\"-CAST(aminos_vs_cyst AS float) \"",
                                    "type": "Literal",
                                    "children": []
                                  }
                                ]
                              },
                              {
                                "label": "\" as result FROM organisms \"",
                                "type": "Literal",
                                "children": []
                              }
                            ]
                          },
                          {
                            "label": "\"WHERE COMPLETE_NAME NOT LIKE \u0027\"",
                            "type": "Literal",
                            "children": []
                          }
                        ]
                      },
                      {
                        "label": "organismName",
                        "type": "VariableRead",
                        "children": []
                      }
                    ]
                  },
                  {
                    "label": "\"\u0027 ORDER BY \"",
                    "type": "Literal",
                    "children": []
                  }
                ]
              },
              {
                "label": "nuOrgaVal",
                "type": "VariableRead",
                "children": []
              }
            ]
          },
          {
            "label": "\"-CAST(aminos_vs_cyst AS float)\"",
            "type": "Literal",
            "children": []
          }
        ]
      },
      {
        "label": "\" LIMIT \"",
        "type": "Literal",
        "children": []
      },
      {
        "label": "top",
        "type": "VariableRead",
        "children": []
      },
      {
        "type": "root",
        "children": [],
        "label": "Statement"
      },
      {
        "label": "createStatement",
        "type": "Invocation",
        "children": [
          {
            "label": "conn",
            "type": "VariableRead",
            "children": []
          }
        ]
      },
      {
        "label": "sbOtheVal",
        "type": "VariableRead",
        "children": []
      }
    ]
  },
  "after_tree": {
    "label": "edit_root",
    "type": "edit_unit",
    "children": [
      {
        "label": "PLUS",
        "type": "BinaryOperator",
        "children": [
          {
            "label": "\"SELECT * \"",
            "type": "Literal",
            "children": []
          },
          {
            "label": "PLUS",
            "type": "BinaryOperator",
            "children": [
              {
                "label": "\"FROM organisms \"",
                "type": "Literal",
                "children": []
              },
              {
                "label": "\"WHERE COMPLETE_NAME LIKE \u0027?\u0027\"",
                "type": "Literal",
                "children": []
              }
            ]
          }
        ]
      },
      {
        "type": "root",
        "children": [],
        "label": "PreparedStatement"
      },
      {
        "label": "prepareStatement",
        "type": "Invocation",
        "children": [
          {
            "label": "conn",
            "type": "VariableRead",
            "children": []
          },
          {
            "label": "sbOrgaVal",
            "type": "VariableRead",
            "children": []
          }
        ]
      },
      {
        "label": "setObject",
        "type": "Invocation",
        "children": [
          {
            "label": "stmt",
            "type": "VariableRead",
            "children": []
          },
          {
            "label": "1",
            "type": "Literal",
            "children": []
          },
          {
            "label": "organismName",
            "type": "VariableRead",
            "children": []
          }
        ]
      },
      {
        "label": "\"SELECT complete_name , ?-CAST(aminos_vs_cyst AS float) \"",
        "type": "Literal",
        "children": []
      },
      {
        "label": "PLUS",
        "type": "BinaryOperator",
        "children": [
          {
            "label": "\" as result FROM organisms \"",
            "type": "Literal",
            "children": []
          },
          {
            "label": "\"WHERE COMPLETE_NAME NOT LIKE \u0027?\u0027 ORDER BY ?-CAST(aminos_vs_cyst AS float)\"",
            "type": "Literal",
            "children": []
          }
        ]
      },
      {
        "label": "\"WHERE COMPLETE_NAME NOT LIKE \u0027?\u0027 ORDER BY ?-CAST(aminos_vs_cyst AS float)\"",
        "type": "Literal",
        "children": []
      },
      {
        "label": "\" LIMIT ?\"",
        "type": "Literal",
        "children": []
      },
      {
        "type": "root",
        "children": [],
        "label": "PreparedStatement"
      },
      {
        "label": "prepareStatement",
        "type": "Invocation",
        "children": [
          {
            "label": "conn",
            "type": "VariableRead",
            "children": []
          },
          {
            "label": "sbOtheVal",
            "type": "VariableRead",
            "children": []
          }
        ]
      },
      {
        "label": "setObject",
        "type": "Invocation",
        "children": [
          {
            "label": "stmt",
            "type": "VariableRead",
            "children": []
          },
          {
            "label": "1",
            "type": "Literal",
            "children": []
          },
          {
            "label": "nuOrgaVal",
            "type": "VariableRead",
            "children": []
          }
        ]
      },
      {
        "label": "setObject",
        "type": "Invocation",
        "children": [
          {
            "label": "stmt",
            "type": "VariableRead",
            "children": []
          },
          {
            "label": "2",
            "type": "Literal",
            "children": []
          },
          {
            "label": "organismName",
            "type": "VariableRead",
            "children": []
          }
        ]
      },
      {
        "label": "setObject",
        "type": "Invocation",
        "children": [
          {
            "label": "stmt",
            "type": "VariableRead",
            "children": []
          },
          {
            "label": "3",
            "type": "Literal",
            "children": []
          },
          {
            "label": "nuOrgaVal",
            "type": "VariableRead",
            "children": []
          }
        ]
      },
      {
        "label": "setObject",
        "type": "Invocation",
        "children": [
          {
            "label": "stmt",
            "type": "VariableRead",
            "children": []
          },
          {
            "label": "4",
            "type": "Literal",
            "children": []
          },
          {
            "label": "top",
            "type": "VariableRead",
            "children": []
          }
        ]
      }
    ]
  }
}