{
  "before_code": "con.createStatement()\n\"SELECT Id FROM marca\" + Where(sNombre, iId_Imagen)\nWhere(sNombre, iId_Imagen)\n",
  "after_code": "java.lang.String st \u003d \"SELECT Id FROM marca ?\"\nPreparedStatement ps \u003d con.prepareStatement(st)\nps.setObject(1, Where(sNombre, iId_Imagen))\nps\n",
  "before_tree": {
    "label": "edit_root",
    "type": "edit_unit",
    "children": [
      {
        "label": "createStatement",
        "type": "Invocation",
        "children": [
          {
            "label": "con",
            "type": "VariableRead",
            "children": []
          }
        ]
      },
      {
        "label": "PLUS",
        "type": "BinaryOperator",
        "children": [
          {
            "label": "\"SELECT Id FROM marca\"",
            "type": "Literal",
            "children": []
          },
          {
            "label": "Where",
            "type": "Invocation",
            "children": [
              {
                "label": "Dummy",
                "type": "TypeAccess",
                "children": []
              },
              {
                "label": "sNombre",
                "type": "VariableRead",
                "children": []
              },
              {
                "label": "iId_Imagen",
                "type": "VariableRead",
                "children": []
              }
            ]
          }
        ]
      },
      {
        "label": "Where",
        "type": "Invocation",
        "children": [
          {
            "label": "Dummy",
            "type": "TypeAccess",
            "children": []
          },
          {
            "label": "sNombre",
            "type": "VariableRead",
            "children": []
          },
          {
            "label": "iId_Imagen",
            "type": "VariableRead",
            "children": []
          }
        ]
      }
    ]
  },
  "after_tree": {
    "label": "edit_root",
    "type": "edit_unit",
    "children": [
      {
        "label": "st",
        "type": "LocalVariable",
        "children": [
          {
            "label": "java.lang.String",
            "type": "VARIABLE_TYPE",
            "children": []
          },
          {
            "label": "\"SELECT Id FROM marca ?\"",
            "type": "Literal",
            "children": []
          }
        ]
      },
      {
        "label": "ps",
        "type": "LocalVariable",
        "children": [
          {
            "label": "PreparedStatement",
            "type": "VARIABLE_TYPE",
            "children": []
          },
          {
            "label": "prepareStatement",
            "type": "Invocation",
            "children": [
              {
                "label": "con",
                "type": "VariableRead",
                "children": []
              },
              {
                "label": "st",
                "type": "VariableRead",
                "children": []
              }
            ]
          }
        ]
      },
      {
        "label": "setObject",
        "type": "Invocation",
        "children": [
          {
            "label": "ps",
            "type": "VariableRead",
            "children": []
          },
          {
            "label": "1",
            "type": "Literal",
            "children": []
          },
          {
            "label": "Where",
            "type": "Invocation",
            "children": [
              {
                "label": "Dummy",
                "type": "TypeAccess",
                "children": []
              },
              {
                "label": "sNombre",
                "type": "VariableRead",
                "children": []
              },
              {
                "label": "iId_Imagen",
                "type": "VariableRead",
                "children": []
              }
            ]
          }
        ]
      },
      {
        "label": "ps",
        "type": "VariableRead",
        "children": []
      }
    ]
  }
}