{
  "before_code": "Statement\nconnexion.createStatement()\n(\"select aoc from VARIETE where libelle\u003d\u0027\" + libelle) + \"\u0027;\"\n",
  "after_code": "java.lang.String sql \u003d \"select aoc from VARIETE where libelle\u003d?;\"\nPreparedStatement\nconnexion.prepareStatement(sql)\nrequete.setObject(1, libelle)\n",
  "before_tree": {
    "label": "edit_root",
    "type": "edit_unit",
    "children": [
      {
        "type": "root",
        "children": [],
        "label": "Statement"
      },
      {
        "label": "createStatement",
        "type": "Invocation",
        "children": [
          {
            "label": "connexion",
            "type": "VariableRead",
            "children": []
          }
        ]
      },
      {
        "label": "PLUS",
        "type": "BinaryOperator",
        "children": [
          {
            "label": "PLUS",
            "type": "BinaryOperator",
            "children": [
              {
                "label": "\"select aoc from VARIETE where libelle\u003d\u0027\"",
                "type": "Literal",
                "children": []
              },
              {
                "label": "libelle",
                "type": "VariableRead",
                "children": []
              }
            ]
          },
          {
            "label": "\"\u0027;\"",
            "type": "Literal",
            "children": []
          }
        ]
      }
    ]
  },
  "after_tree": {
    "label": "edit_root",
    "type": "edit_unit",
    "children": [
      {
        "label": "sql",
        "type": "LocalVariable",
        "children": [
          {
            "label": "java.lang.String",
            "type": "VARIABLE_TYPE",
            "children": []
          },
          {
            "label": "\"select aoc from VARIETE where libelle\u003d?;\"",
            "type": "Literal",
            "children": []
          }
        ]
      },
      {
        "type": "root",
        "children": [],
        "label": "PreparedStatement"
      },
      {
        "label": "prepareStatement",
        "type": "Invocation",
        "children": [
          {
            "label": "connexion",
            "type": "VariableRead",
            "children": []
          },
          {
            "label": "sql",
            "type": "VariableRead",
            "children": []
          }
        ]
      },
      {
        "label": "setObject",
        "type": "Invocation",
        "children": [
          {
            "label": "requete",
            "type": "VariableRead",
            "children": []
          },
          {
            "label": "1",
            "type": "Literal",
            "children": []
          },
          {
            "label": "libelle",
            "type": "VariableRead",
            "children": []
          }
        ]
      }
    ]
  }
}