{
  "before_code": "con.createStatement().executeUpdate(\"DELETE FROM marca WHERE Id \u003d \" + _iId)\n",
  "after_code": "java.lang.String st \u003d \"DELETE FROM marca WHERE Id \u003d ?\"\nPreparedStatement ps \u003d con.prepareStatement(st)\nps.setObject(1, _iId)\nps.executeUpdate()\n",
  "before_tree": {
    "label": "edit_root",
    "type": "edit_unit",
    "children": [
      {
        "label": "executeUpdate",
        "type": "Invocation",
        "children": [
          {
            "label": "createStatement",
            "type": "Invocation",
            "children": [
              {
                "label": "con",
                "type": "VariableRead",
                "children": []
              }
            ]
          },
          {
            "label": "PLUS",
            "type": "BinaryOperator",
            "children": [
              {
                "label": "\"DELETE FROM marca WHERE Id \u003d \"",
                "type": "Literal",
                "children": []
              },
              {
                "label": "_iId",
                "type": "FieldRead",
                "children": []
              }
            ]
          }
        ]
      }
    ]
  },
  "after_tree": {
    "label": "edit_root",
    "type": "edit_unit",
    "children": [
      {
        "label": "st",
        "type": "LocalVariable",
        "children": [
          {
            "label": "java.lang.String",
            "type": "VARIABLE_TYPE",
            "children": []
          },
          {
            "label": "\"DELETE FROM marca WHERE Id \u003d ?\"",
            "type": "Literal",
            "children": []
          }
        ]
      },
      {
        "label": "ps",
        "type": "LocalVariable",
        "children": [
          {
            "label": "PreparedStatement",
            "type": "VARIABLE_TYPE",
            "children": []
          },
          {
            "label": "prepareStatement",
            "type": "Invocation",
            "children": [
              {
                "label": "con",
                "type": "VariableRead",
                "children": []
              },
              {
                "label": "st",
                "type": "VariableRead",
                "children": []
              }
            ]
          }
        ]
      },
      {
        "label": "setObject",
        "type": "Invocation",
        "children": [
          {
            "label": "ps",
            "type": "VariableRead",
            "children": []
          },
          {
            "label": "1",
            "type": "Literal",
            "children": []
          },
          {
            "label": "_iId",
            "type": "FieldRead",
            "children": []
          }
        ]
      },
      {
        "label": "executeUpdate",
        "type": "Invocation",
        "children": [
          {
            "label": "ps",
            "type": "VariableRead",
            "children": []
          }
        ]
      }
    ]
  }
}