{
  "before_code": "c.createStatement()\n\"SELECT MAX(ITEM_ID) as id FROM ITEM\"\njava.lang.String\njava.lang.String sql \u003d ((((((((((((((\"INSERT INTO ITEM (ITEM_ID,ITEM_NAME,DESCRIPTION,IMAGE,QUANTITY,PRICE,DEPARTMENT)\" + \"VALUES (\") + maxid) + \", \u0027\") + ITEM_NAME) + \"\u0027,\u0027\") + DESCRIPTION) + \"\u0027,\u0027\") + IMAGE) + \"\u0027,\") + QUANTITY) + \",\") + PRICE) + \",\u0027\") + DEPARTMENT) + \"\u0027);\"\n\"INSERT INTO ITEM (ITEM_ID,ITEM_NAME,DESCRIPTION,IMAGE,QUANTITY,PRICE,DEPARTMENT)\"\n\"VALUES (\"\n\"VALUES (\"\nsql\n",
  "after_code": "c.prepareStatement(\"SELECT MAX(ITEM_ID) as id FROM ITEM\")\njava.lang.String\njava.lang.String sql \u003d \"INSERT INTO ITEM (ITEM_ID,ITEM_NAME,DESCRIPTION,IMAGE,QUANTITY,PRICE,DEPARTMENT)\" + \"VALUES (?,?,?,?,?,?,?);\"\n\"INSERT INTO ITEM (ITEM_ID,ITEM_NAME,DESCRIPTION,IMAGE,QUANTITY,PRICE,DEPARTMENT)\"\n\"VALUES (?,?,?,?,?,?,?);\"\n\"VALUES (?,?,?,?,?,?,?);\"\nstmt \u003d c.prepareStatement(sql)\nstmt.setObject(1, maxid)\nstmt.setStirng(2, ITEM_NAME)\nstmt.setStirng(3, DESCRIPTION)\nstmt.setStirng(4, IMAGE)\nstmt.setStirng(5, QUANTITY)\nstmt.setStirng(6, PRICE)\nstmt.setStirng(7, DEPARTMENT)\n",
  "before_tree": {
    "label": "edit_root",
    "type": "edit_unit",
    "children": [
      {
        "label": "createStatement",
        "type": "Invocation",
        "children": [
          {
            "label": "c",
            "type": "FieldRead",
            "children": []
          }
        ]
      },
      {
        "label": "\"SELECT MAX(ITEM_ID) as id FROM ITEM\"",
        "type": "Literal",
        "children": []
      },
      {
        "type": "root",
        "children": [],
        "label": "java.lang.String"
      },
      {
        "label": "sql",
        "type": "LocalVariable",
        "children": [
          {
            "label": "java.lang.String",
            "type": "VARIABLE_TYPE",
            "children": []
          },
          {
            "label": "PLUS",
            "type": "BinaryOperator",
            "children": [
              {
                "label": "PLUS",
                "type": "BinaryOperator",
                "children": [
                  {
                    "label": "PLUS",
                    "type": "BinaryOperator",
                    "children": [
                      {
                        "label": "PLUS",
                        "type": "BinaryOperator",
                        "children": [
                          {
                            "label": "PLUS",
                            "type": "BinaryOperator",
                            "children": [
                              {
                                "label": "PLUS",
                                "type": "BinaryOperator",
                                "children": [
                                  {
                                    "label": "PLUS",
                                    "type": "BinaryOperator",
                                    "children": [
                                      {
                                        "label": "PLUS",
                                        "type": "BinaryOperator",
                                        "children": [
                                          {
                                            "label": "PLUS",
                                            "type": "BinaryOperator",
                                            "children": [
                                              {
                                                "label": "PLUS",
                                                "type": "BinaryOperator",
                                                "children": [
                                                  {
                                                    "label": "PLUS",
                                                    "type": "BinaryOperator",
                                                    "children": [
                                                      {
                                                        "label": "PLUS",
                                                        "type": "BinaryOperator",
                                                        "children": [
                                                          {
                                                            "label": "PLUS",
                                                            "type": "BinaryOperator",
                                                            "children": [
                                                              {
                                                                "label": "PLUS",
                                                                "type": "BinaryOperator",
                                                                "children": [
                                                                  {
                                                                    "label": "PLUS",
                                                                    "type": "BinaryOperator",
                                                                    "children": [
                                                                      {
                                                                        "label": "\"INSERT INTO ITEM (ITEM_ID,ITEM_NAME,DESCRIPTION,IMAGE,QUANTITY,PRICE,DEPARTMENT)\"",
                                                                        "type": "Literal",
                                                                        "children": []
                                                                      },
                                                                      {
                                                                        "label": "\"VALUES (\"",
                                                                        "type": "Literal",
                                                                        "children": []
                                                                      }
                                                                    ]
                                                                  },
                                                                  {
                                                                    "label": "maxid",
                                                                    "type": "VariableRead",
                                                                    "children": []
                                                                  }
                                                                ]
                                                              },
                                                              {
                                                                "label": "\", \u0027\"",
                                                                "type": "Literal",
                                                                "children": []
                                                              }
                                                            ]
                                                          },
                                                          {
                                                            "label": "ITEM_NAME",
                                                            "type": "VariableRead",
                                                            "children": []
                                                          }
                                                        ]
                                                      },
                                                      {
                                                        "label": "\"\u0027,\u0027\"",
                                                        "type": "Literal",
                                                        "children": []
                                                      }
                                                    ]
                                                  },
                                                  {
                                                    "label": "DESCRIPTION",
                                                    "type": "VariableRead",
                                                    "children": []
                                                  }
                                                ]
                                              },
                                              {
                                                "label": "\"\u0027,\u0027\"",
                                                "type": "Literal",
                                                "children": []
                                              }
                                            ]
                                          },
                                          {
                                            "label": "IMAGE",
                                            "type": "VariableRead",
                                            "children": []
                                          }
                                        ]
                                      },
                                      {
                                        "label": "\"\u0027,\"",
                                        "type": "Literal",
                                        "children": []
                                      }
                                    ]
                                  },
                                  {
                                    "label": "QUANTITY",
                                    "type": "VariableRead",
                                    "children": []
                                  }
                                ]
                              },
                              {
                                "label": "\",\"",
                                "type": "Literal",
                                "children": []
                              }
                            ]
                          },
                          {
                            "label": "PRICE",
                            "type": "VariableRead",
                            "children": []
                          }
                        ]
                      },
                      {
                        "label": "\",\u0027\"",
                        "type": "Literal",
                        "children": []
                      }
                    ]
                  },
                  {
                    "label": "DEPARTMENT",
                    "type": "VariableRead",
                    "children": []
                  }
                ]
              },
              {
                "label": "\"\u0027);\"",
                "type": "Literal",
                "children": []
              }
            ]
          }
        ]
      },
      {
        "label": "\"INSERT INTO ITEM (ITEM_ID,ITEM_NAME,DESCRIPTION,IMAGE,QUANTITY,PRICE,DEPARTMENT)\"",
        "type": "Literal",
        "children": []
      },
      {
        "label": "\"VALUES (\"",
        "type": "Literal",
        "children": []
      },
      {
        "label": "\"VALUES (\"",
        "type": "Literal",
        "children": []
      },
      {
        "label": "sql",
        "type": "VariableRead",
        "children": []
      }
    ]
  },
  "after_tree": {
    "label": "edit_root",
    "type": "edit_unit",
    "children": [
      {
        "label": "prepareStatement",
        "type": "Invocation",
        "children": [
          {
            "label": "c",
            "type": "FieldRead",
            "children": []
          },
          {
            "label": "\"SELECT MAX(ITEM_ID) as id FROM ITEM\"",
            "type": "Literal",
            "children": []
          }
        ]
      },
      {
        "type": "root",
        "children": [],
        "label": "java.lang.String"
      },
      {
        "label": "sql",
        "type": "LocalVariable",
        "children": [
          {
            "label": "java.lang.String",
            "type": "VARIABLE_TYPE",
            "children": []
          },
          {
            "label": "PLUS",
            "type": "BinaryOperator",
            "children": [
              {
                "label": "\"INSERT INTO ITEM (ITEM_ID,ITEM_NAME,DESCRIPTION,IMAGE,QUANTITY,PRICE,DEPARTMENT)\"",
                "type": "Literal",
                "children": []
              },
              {
                "label": "\"VALUES (?,?,?,?,?,?,?);\"",
                "type": "Literal",
                "children": []
              }
            ]
          }
        ]
      },
      {
        "label": "\"INSERT INTO ITEM (ITEM_ID,ITEM_NAME,DESCRIPTION,IMAGE,QUANTITY,PRICE,DEPARTMENT)\"",
        "type": "Literal",
        "children": []
      },
      {
        "label": "\"VALUES (?,?,?,?,?,?,?);\"",
        "type": "Literal",
        "children": []
      },
      {
        "label": "\"VALUES (?,?,?,?,?,?,?);\"",
        "type": "Literal",
        "children": []
      },
      {
        "label": "\u003d",
        "type": "Assignment",
        "children": [
          {
            "label": "stmt",
            "type": "FieldWrite",
            "children": []
          },
          {
            "label": "prepareStatement",
            "type": "Invocation",
            "children": [
              {
                "label": "c",
                "type": "FieldRead",
                "children": []
              },
              {
                "label": "sql",
                "type": "VariableRead",
                "children": []
              }
            ]
          }
        ]
      },
      {
        "label": "setObject",
        "type": "Invocation",
        "children": [
          {
            "label": "stmt",
            "type": "FieldRead",
            "children": []
          },
          {
            "label": "1",
            "type": "Literal",
            "children": []
          },
          {
            "label": "maxid",
            "type": "VariableRead",
            "children": []
          }
        ]
      },
      {
        "label": "setStirng",
        "type": "Invocation",
        "children": [
          {
            "label": "stmt",
            "type": "FieldRead",
            "children": []
          },
          {
            "label": "2",
            "type": "Literal",
            "children": []
          },
          {
            "label": "ITEM_NAME",
            "type": "VariableRead",
            "children": []
          }
        ]
      },
      {
        "label": "setStirng",
        "type": "Invocation",
        "children": [
          {
            "label": "stmt",
            "type": "FieldRead",
            "children": []
          },
          {
            "label": "3",
            "type": "Literal",
            "children": []
          },
          {
            "label": "DESCRIPTION",
            "type": "VariableRead",
            "children": []
          }
        ]
      },
      {
        "label": "setStirng",
        "type": "Invocation",
        "children": [
          {
            "label": "stmt",
            "type": "FieldRead",
            "children": []
          },
          {
            "label": "4",
            "type": "Literal",
            "children": []
          },
          {
            "label": "IMAGE",
            "type": "VariableRead",
            "children": []
          }
        ]
      },
      {
        "label": "setStirng",
        "type": "Invocation",
        "children": [
          {
            "label": "stmt",
            "type": "FieldRead",
            "children": []
          },
          {
            "label": "5",
            "type": "Literal",
            "children": []
          },
          {
            "label": "QUANTITY",
            "type": "VariableRead",
            "children": []
          }
        ]
      },
      {
        "label": "setStirng",
        "type": "Invocation",
        "children": [
          {
            "label": "stmt",
            "type": "FieldRead",
            "children": []
          },
          {
            "label": "6",
            "type": "Literal",
            "children": []
          },
          {
            "label": "PRICE",
            "type": "VariableRead",
            "children": []
          }
        ]
      },
      {
        "label": "setStirng",
        "type": "Invocation",
        "children": [
          {
            "label": "stmt",
            "type": "FieldRead",
            "children": []
          },
          {
            "label": "7",
            "type": "Literal",
            "children": []
          },
          {
            "label": "DEPARTMENT",
            "type": "VariableRead",
            "children": []
          }
        ]
      }
    ]
  }
}