{
  "before_code": "Statement\nconn.createStatement()\nsql \u003d \"DELETE FROM member WHERE id\u003d\" + strId\nsql\n",
  "after_code": "PreparedStatement\n\"DELETE FROM member WHERE id\u003d?\"\nconn.prepareStatement(sql)\nps.setObject(1, strId)\n",
  "before_tree": {
    "label": "edit_root",
    "type": "edit_unit",
    "children": [
      {
        "type": "root",
        "children": [],
        "label": "Statement"
      },
      {
        "label": "createStatement",
        "type": "Invocation",
        "children": [
          {
            "label": "conn",
            "type": "VariableRead",
            "children": []
          }
        ]
      },
      {
        "label": "\u003d",
        "type": "Assignment",
        "children": [
          {
            "label": "sql",
            "type": "VariableWrite",
            "children": []
          },
          {
            "label": "PLUS",
            "type": "BinaryOperator",
            "children": [
              {
                "label": "\"DELETE FROM member WHERE id\u003d\"",
                "type": "Literal",
                "children": []
              },
              {
                "label": "strId",
                "type": "VariableRead",
                "children": []
              }
            ]
          }
        ]
      },
      {
        "label": "sql",
        "type": "VariableRead",
        "children": []
      }
    ]
  },
  "after_tree": {
    "label": "edit_root",
    "type": "edit_unit",
    "children": [
      {
        "type": "root",
        "children": [],
        "label": "PreparedStatement"
      },
      {
        "label": "\"DELETE FROM member WHERE id\u003d?\"",
        "type": "Literal",
        "children": []
      },
      {
        "label": "prepareStatement",
        "type": "Invocation",
        "children": [
          {
            "label": "conn",
            "type": "VariableRead",
            "children": []
          },
          {
            "label": "sql",
            "type": "VariableRead",
            "children": []
          }
        ]
      },
      {
        "label": "setObject",
        "type": "Invocation",
        "children": [
          {
            "label": "ps",
            "type": "VariableRead",
            "children": []
          },
          {
            "label": "1",
            "type": "Literal",
            "children": []
          },
          {
            "label": "strId",
            "type": "VariableRead",
            "children": []
          }
        ]
      }
    ]
  }
}