{
  "before_code": "((\"SELECT * FROM member WHERE account\u003d\" + account) + \" AND passwd\u003d\") + passwd\nStatement\nconn.createStatement()\nsql\n",
  "after_code": "\"SELECT * FROM member WHERE account\u003d? AND passwd\u003d?\"\nPreparedStatement\nconn.prepareStatement(sql)\npstmt.setObject(1, account)\npstmt.setObject(2, passwd)\n",
  "before_tree": {
    "label": "edit_root",
    "type": "edit_unit",
    "children": [
      {
        "label": "PLUS",
        "type": "BinaryOperator",
        "children": [
          {
            "label": "PLUS",
            "type": "BinaryOperator",
            "children": [
              {
                "label": "PLUS",
                "type": "BinaryOperator",
                "children": [
                  {
                    "label": "\"SELECT * FROM member WHERE account\u003d\"",
                    "type": "Literal",
                    "children": []
                  },
                  {
                    "label": "account",
                    "type": "FieldRead",
                    "children": []
                  }
                ]
              },
              {
                "label": "\" AND passwd\u003d\"",
                "type": "Literal",
                "children": []
              }
            ]
          },
          {
            "label": "passwd",
            "type": "FieldRead",
            "children": []
          }
        ]
      },
      {
        "type": "root",
        "children": [],
        "label": "Statement"
      },
      {
        "label": "createStatement",
        "type": "Invocation",
        "children": [
          {
            "label": "conn",
            "type": "FieldRead",
            "children": []
          }
        ]
      },
      {
        "label": "sql",
        "type": "VariableRead",
        "children": []
      }
    ]
  },
  "after_tree": {
    "label": "edit_root",
    "type": "edit_unit",
    "children": [
      {
        "label": "\"SELECT * FROM member WHERE account\u003d? AND passwd\u003d?\"",
        "type": "Literal",
        "children": []
      },
      {
        "type": "root",
        "children": [],
        "label": "PreparedStatement"
      },
      {
        "label": "prepareStatement",
        "type": "Invocation",
        "children": [
          {
            "label": "conn",
            "type": "FieldRead",
            "children": []
          },
          {
            "label": "sql",
            "type": "VariableRead",
            "children": []
          }
        ]
      },
      {
        "label": "setObject",
        "type": "Invocation",
        "children": [
          {
            "label": "pstmt",
            "type": "VariableRead",
            "children": []
          },
          {
            "label": "1",
            "type": "Literal",
            "children": []
          },
          {
            "label": "account",
            "type": "FieldRead",
            "children": []
          }
        ]
      },
      {
        "label": "setObject",
        "type": "Invocation",
        "children": [
          {
            "label": "pstmt",
            "type": "VariableRead",
            "children": []
          },
          {
            "label": "2",
            "type": "Literal",
            "children": []
          },
          {
            "label": "passwd",
            "type": "FieldRead",
            "children": []
          }
        ]
      }
    ]
  }
}