{
  "before_code": "Statement\ndbConnection.createStatement()\nselectTableSQL\n",
  "after_code": "PreparedStatement\ndbConnection.prepareStatement(selectTableSQL)\n",
  "before_tree": {
    "label": "edit_root",
    "type": "edit_unit",
    "children": [
      {
        "type": "root",
        "children": [],
        "label": "Statement"
      },
      {
        "label": "createStatement",
        "type": "Invocation",
        "children": [
          {
            "label": "dbConnection",
            "type": "VariableRead",
            "children": []
          }
        ]
      },
      {
        "label": "selectTableSQL",
        "type": "VariableRead",
        "children": []
      }
    ]
  },
  "after_tree": {
    "label": "edit_root",
    "type": "edit_unit",
    "children": [
      {
        "type": "root",
        "children": [],
        "label": "PreparedStatement"
      },
      {
        "label": "prepareStatement",
        "type": "Invocation",
        "children": [
          {
            "label": "dbConnection",
            "type": "VariableRead",
            "children": []
          },
          {
            "label": "selectTableSQL",
            "type": "VariableRead",
            "children": []
          }
        ]
      }
    ]
  }
}