{
  "before_code": "Statement\nsql.getConn().createStatement()\n(\"SELECT map FROM maps WHERE map \u003d \u0027\" + name) + \"\u0027\"\n",
  "after_code": "java.lang.String query \u003d \"SELECT map FROM maps WHERE map \u003d \u0027?\u0027\"\nPreparedStatement\nsql.getConn().prepareStatement(query)\nstate.setObject(1, name)\n",
  "before_tree": {
    "label": "edit_root",
    "type": "edit_unit",
    "children": [
      {
        "type": "root",
        "children": [],
        "label": "Statement"
      },
      {
        "label": "createStatement",
        "type": "Invocation",
        "children": [
          {
            "label": "getConn",
            "type": "Invocation",
            "children": [
              {
                "label": "sql",
                "type": "FieldRead",
                "children": []
              }
            ]
          }
        ]
      },
      {
        "label": "PLUS",
        "type": "BinaryOperator",
        "children": [
          {
            "label": "PLUS",
            "type": "BinaryOperator",
            "children": [
              {
                "label": "\"SELECT map FROM maps WHERE map \u003d \u0027\"",
                "type": "Literal",
                "children": []
              },
              {
                "label": "name",
                "type": "VariableRead",
                "children": []
              }
            ]
          },
          {
            "label": "\"\u0027\"",
            "type": "Literal",
            "children": []
          }
        ]
      }
    ]
  },
  "after_tree": {
    "label": "edit_root",
    "type": "edit_unit",
    "children": [
      {
        "label": "query",
        "type": "LocalVariable",
        "children": [
          {
            "label": "java.lang.String",
            "type": "VARIABLE_TYPE",
            "children": []
          },
          {
            "label": "\"SELECT map FROM maps WHERE map \u003d \u0027?\u0027\"",
            "type": "Literal",
            "children": []
          }
        ]
      },
      {
        "type": "root",
        "children": [],
        "label": "PreparedStatement"
      },
      {
        "label": "prepareStatement",
        "type": "Invocation",
        "children": [
          {
            "label": "getConn",
            "type": "Invocation",
            "children": [
              {
                "label": "sql",
                "type": "FieldRead",
                "children": []
              }
            ]
          },
          {
            "label": "query",
            "type": "VariableRead",
            "children": []
          }
        ]
      },
      {
        "label": "setObject",
        "type": "Invocation",
        "children": [
          {
            "label": "state",
            "type": "VariableRead",
            "children": []
          },
          {
            "label": "1",
            "type": "Literal",
            "children": []
          },
          {
            "label": "name",
            "type": "VariableRead",
            "children": []
          }
        ]
      }
    ]
  }
}