{
  "before_code": "Statement\n(((\"SELECT * \" + (\"FROM (SELECT id, pwd, name, phone, email, address, memo, rating, rownum as num FROM member) \" + \"WHERE num \u003e\u003d \")) + start) + \" AND num \u003c\u003d \") + end\nconn.createStatement()\nsql\n",
  "after_code": "PreparedStatement\n\"SELECT * \" + (\"FROM (SELECT id, pwd, name, phone, email, address, memo, rating, rownum as num FROM member) \" + \"WHERE num \u003e\u003d ? AND num \u003c\u003d ?\")\nconn.prepareStatement(sql)\nps.setObject(1, start)\nps.setObject(2, end)\n",
  "before_tree": {
    "label": "edit_root",
    "type": "edit_unit",
    "children": [
      {
        "type": "root",
        "children": [],
        "label": "Statement"
      },
      {
        "label": "PLUS",
        "type": "BinaryOperator",
        "children": [
          {
            "label": "PLUS",
            "type": "BinaryOperator",
            "children": [
              {
                "label": "PLUS",
                "type": "BinaryOperator",
                "children": [
                  {
                    "label": "PLUS",
                    "type": "BinaryOperator",
                    "children": [
                      {
                        "label": "\"SELECT * \"",
                        "type": "Literal",
                        "children": []
                      },
                      {
                        "label": "PLUS",
                        "type": "BinaryOperator",
                        "children": [
                          {
                            "label": "\"FROM (SELECT id, pwd, name, phone, email, address, memo, rating, rownum as num FROM member) \"",
                            "type": "Literal",
                            "children": []
                          },
                          {
                            "label": "\"WHERE num \u003e\u003d \"",
                            "type": "Literal",
                            "children": []
                          }
                        ]
                      }
                    ]
                  },
                  {
                    "label": "start",
                    "type": "VariableRead",
                    "children": []
                  }
                ]
              },
              {
                "label": "\" AND num \u003c\u003d \"",
                "type": "Literal",
                "children": []
              }
            ]
          },
          {
            "label": "end",
            "type": "VariableRead",
            "children": []
          }
        ]
      },
      {
        "label": "createStatement",
        "type": "Invocation",
        "children": [
          {
            "label": "conn",
            "type": "VariableRead",
            "children": []
          }
        ]
      },
      {
        "label": "sql",
        "type": "VariableRead",
        "children": []
      }
    ]
  },
  "after_tree": {
    "label": "edit_root",
    "type": "edit_unit",
    "children": [
      {
        "type": "root",
        "children": [],
        "label": "PreparedStatement"
      },
      {
        "label": "PLUS",
        "type": "BinaryOperator",
        "children": [
          {
            "label": "\"SELECT * \"",
            "type": "Literal",
            "children": []
          },
          {
            "label": "PLUS",
            "type": "BinaryOperator",
            "children": [
              {
                "label": "\"FROM (SELECT id, pwd, name, phone, email, address, memo, rating, rownum as num FROM member) \"",
                "type": "Literal",
                "children": []
              },
              {
                "label": "\"WHERE num \u003e\u003d ? AND num \u003c\u003d ?\"",
                "type": "Literal",
                "children": []
              }
            ]
          }
        ]
      },
      {
        "label": "prepareStatement",
        "type": "Invocation",
        "children": [
          {
            "label": "conn",
            "type": "VariableRead",
            "children": []
          },
          {
            "label": "sql",
            "type": "VariableRead",
            "children": []
          }
        ]
      },
      {
        "label": "setObject",
        "type": "Invocation",
        "children": [
          {
            "label": "ps",
            "type": "VariableRead",
            "children": []
          },
          {
            "label": "1",
            "type": "Literal",
            "children": []
          },
          {
            "label": "start",
            "type": "VariableRead",
            "children": []
          }
        ]
      },
      {
        "label": "setObject",
        "type": "Invocation",
        "children": [
          {
            "label": "ps",
            "type": "VariableRead",
            "children": []
          },
          {
            "label": "2",
            "type": "Literal",
            "children": []
          },
          {
            "label": "end",
            "type": "VariableRead",
            "children": []
          }
        ]
      }
    ]
  }
}