{
  "before_code": "Statement\nconnection.createStatement()\nResultSet resultSet \u003d statement.executeQuery((((\"SELECT * FROM \" + tableName) + \" WHERE stock \u003d \\\"\") + stockIndex) + \"\\\";\")\n",
  "after_code": "PreparedStatement\nconnection.prepareStatement(\"SELECT * FROM ? WHERE stock \u003d ?;\")\nstatement.setObject(1, tableName)\nstatement.setObject(2, stockIndex)\nResultSet resultSet \u003d statement.executeQuery()\n",
  "before_tree": {
    "label": "edit_root",
    "type": "edit_unit",
    "children": [
      {
        "type": "root",
        "children": [],
        "label": "Statement"
      },
      {
        "label": "createStatement",
        "type": "Invocation",
        "children": [
          {
            "label": "connection",
            "type": "FieldRead",
            "children": []
          }
        ]
      },
      {
        "label": "resultSet",
        "type": "LocalVariable",
        "children": [
          {
            "label": "ResultSet",
            "type": "VARIABLE_TYPE",
            "children": []
          },
          {
            "label": "executeQuery",
            "type": "Invocation",
            "children": [
              {
                "label": "statement",
                "type": "VariableRead",
                "children": []
              },
              {
                "label": "PLUS",
                "type": "BinaryOperator",
                "children": [
                  {
                    "label": "PLUS",
                    "type": "BinaryOperator",
                    "children": [
                      {
                        "label": "PLUS",
                        "type": "BinaryOperator",
                        "children": [
                          {
                            "label": "PLUS",
                            "type": "BinaryOperator",
                            "children": [
                              {
                                "label": "\"SELECT * FROM \"",
                                "type": "Literal",
                                "children": []
                              },
                              {
                                "label": "tableName",
                                "type": "VariableRead",
                                "children": []
                              }
                            ]
                          },
                          {
                            "label": "\" WHERE stock \u003d \\\"\"",
                            "type": "Literal",
                            "children": []
                          }
                        ]
                      },
                      {
                        "label": "stockIndex",
                        "type": "VariableRead",
                        "children": []
                      }
                    ]
                  },
                  {
                    "label": "\"\\\";\"",
                    "type": "Literal",
                    "children": []
                  }
                ]
              }
            ]
          }
        ]
      }
    ]
  },
  "after_tree": {
    "label": "edit_root",
    "type": "edit_unit",
    "children": [
      {
        "type": "root",
        "children": [],
        "label": "PreparedStatement"
      },
      {
        "label": "prepareStatement",
        "type": "Invocation",
        "children": [
          {
            "label": "connection",
            "type": "FieldRead",
            "children": []
          },
          {
            "label": "\"SELECT * FROM ? WHERE stock \u003d ?;\"",
            "type": "Literal",
            "children": []
          }
        ]
      },
      {
        "label": "setObject",
        "type": "Invocation",
        "children": [
          {
            "label": "statement",
            "type": "VariableRead",
            "children": []
          },
          {
            "label": "1",
            "type": "Literal",
            "children": []
          },
          {
            "label": "tableName",
            "type": "VariableRead",
            "children": []
          }
        ]
      },
      {
        "label": "setObject",
        "type": "Invocation",
        "children": [
          {
            "label": "statement",
            "type": "VariableRead",
            "children": []
          },
          {
            "label": "2",
            "type": "Literal",
            "children": []
          },
          {
            "label": "stockIndex",
            "type": "VariableRead",
            "children": []
          }
        ]
      },
      {
        "label": "resultSet",
        "type": "LocalVariable",
        "children": [
          {
            "label": "ResultSet",
            "type": "VARIABLE_TYPE",
            "children": []
          },
          {
            "label": "executeQuery",
            "type": "Invocation",
            "children": [
              {
                "label": "statement",
                "type": "VariableRead",
                "children": []
              }
            ]
          }
        ]
      }
    ]
  }
}