{
  "before_code": "Statement\ndatabaseConnection.createStatement()\njava.lang.String Register_SQL_QUERY \u003d (((((\"Insert into \" + dbTableName) + \" (Username,Password) values(\u0027\") + username) + \"\u0027,\u0027\") + password) + \"\u0027);\"\nRegister_SQL_QUERY\n",
  "after_code": "java.lang.String Register_SQL_QUERY \u003d \"Insert into ? (Username,Password) values(? , ?);\"\nPreparedStatement\ndatabaseConnection.prepareStatement(Register_SQL_QUERY)\nRegisterUserStmt.setObject(1, dbTableName)\nRegisterUserStmt.setObject(2, username)\nRegisterUserStmt.setObject(3, password)\n",
  "before_tree": {
    "label": "edit_root",
    "type": "edit_unit",
    "children": [
      {
        "type": "root",
        "children": [],
        "label": "Statement"
      },
      {
        "label": "createStatement",
        "type": "Invocation",
        "children": [
          {
            "label": "databaseConnection",
            "type": "FieldRead",
            "children": []
          }
        ]
      },
      {
        "label": "Register_SQL_QUERY",
        "type": "LocalVariable",
        "children": [
          {
            "label": "java.lang.String",
            "type": "VARIABLE_TYPE",
            "children": []
          },
          {
            "label": "PLUS",
            "type": "BinaryOperator",
            "children": [
              {
                "label": "PLUS",
                "type": "BinaryOperator",
                "children": [
                  {
                    "label": "PLUS",
                    "type": "BinaryOperator",
                    "children": [
                      {
                        "label": "PLUS",
                        "type": "BinaryOperator",
                        "children": [
                          {
                            "label": "PLUS",
                            "type": "BinaryOperator",
                            "children": [
                              {
                                "label": "PLUS",
                                "type": "BinaryOperator",
                                "children": [
                                  {
                                    "label": "\"Insert into \"",
                                    "type": "Literal",
                                    "children": []
                                  },
                                  {
                                    "label": "dbTableName",
                                    "type": "FieldRead",
                                    "children": []
                                  }
                                ]
                              },
                              {
                                "label": "\" (Username,Password) values(\u0027\"",
                                "type": "Literal",
                                "children": []
                              }
                            ]
                          },
                          {
                            "label": "username",
                            "type": "VariableRead",
                            "children": []
                          }
                        ]
                      },
                      {
                        "label": "\"\u0027,\u0027\"",
                        "type": "Literal",
                        "children": []
                      }
                    ]
                  },
                  {
                    "label": "password",
                    "type": "VariableRead",
                    "children": []
                  }
                ]
              },
              {
                "label": "\"\u0027);\"",
                "type": "Literal",
                "children": []
              }
            ]
          }
        ]
      },
      {
        "label": "Register_SQL_QUERY",
        "type": "VariableRead",
        "children": []
      }
    ]
  },
  "after_tree": {
    "label": "edit_root",
    "type": "edit_unit",
    "children": [
      {
        "label": "Register_SQL_QUERY",
        "type": "LocalVariable",
        "children": [
          {
            "label": "java.lang.String",
            "type": "VARIABLE_TYPE",
            "children": []
          },
          {
            "label": "\"Insert into ? (Username,Password) values(? , ?);\"",
            "type": "Literal",
            "children": []
          }
        ]
      },
      {
        "type": "root",
        "children": [],
        "label": "PreparedStatement"
      },
      {
        "label": "prepareStatement",
        "type": "Invocation",
        "children": [
          {
            "label": "databaseConnection",
            "type": "FieldRead",
            "children": []
          },
          {
            "label": "Register_SQL_QUERY",
            "type": "VariableRead",
            "children": []
          }
        ]
      },
      {
        "label": "setObject",
        "type": "Invocation",
        "children": [
          {
            "label": "RegisterUserStmt",
            "type": "VariableRead",
            "children": []
          },
          {
            "label": "1",
            "type": "Literal",
            "children": []
          },
          {
            "label": "dbTableName",
            "type": "FieldRead",
            "children": []
          }
        ]
      },
      {
        "label": "setObject",
        "type": "Invocation",
        "children": [
          {
            "label": "RegisterUserStmt",
            "type": "VariableRead",
            "children": []
          },
          {
            "label": "2",
            "type": "Literal",
            "children": []
          },
          {
            "label": "username",
            "type": "VariableRead",
            "children": []
          }
        ]
      },
      {
        "label": "setObject",
        "type": "Invocation",
        "children": [
          {
            "label": "RegisterUserStmt",
            "type": "VariableRead",
            "children": []
          },
          {
            "label": "3",
            "type": "Literal",
            "children": []
          },
          {
            "label": "password",
            "type": "VariableRead",
            "children": []
          }
        ]
      }
    ]
  }
}