{
  "before_code": "((((\"select * from \" + TBL_NAME) + \" where \") + FIELD_DATA) + \" \u003e\u003d \") + data\nconn.createStatement()\nquery\n",
  "after_code": "(((\"select * from \" + TBL_NAME) + \" where \") + FIELD_DATA) + \" \u003e\u003d ? \"\nconn.prepareStatement(query)\nst.setTimestamp(1, data)\n",
  "before_tree": {
    "label": "edit_root",
    "type": "edit_unit",
    "children": [
      {
        "label": "PLUS",
        "type": "BinaryOperator",
        "children": [
          {
            "label": "PLUS",
            "type": "BinaryOperator",
            "children": [
              {
                "label": "PLUS",
                "type": "BinaryOperator",
                "children": [
                  {
                    "label": "PLUS",
                    "type": "BinaryOperator",
                    "children": [
                      {
                        "label": "PLUS",
                        "type": "BinaryOperator",
                        "children": [
                          {
                            "label": "\"select * from \"",
                            "type": "Literal",
                            "children": []
                          },
                          {
                            "label": "TBL_NAME",
                            "type": "FieldRead",
                            "children": []
                          }
                        ]
                      },
                      {
                        "label": "\" where \"",
                        "type": "Literal",
                        "children": []
                      }
                    ]
                  },
                  {
                    "label": "FIELD_DATA",
                    "type": "FieldRead",
                    "children": []
                  }
                ]
              },
              {
                "label": "\" \u003e\u003d \"",
                "type": "Literal",
                "children": []
              }
            ]
          },
          {
            "label": "data",
            "type": "VariableRead",
            "children": []
          }
        ]
      },
      {
        "label": "createStatement",
        "type": "Invocation",
        "children": [
          {
            "label": "conn",
            "type": "FieldRead",
            "children": []
          }
        ]
      },
      {
        "label": "query",
        "type": "VariableRead",
        "children": []
      }
    ]
  },
  "after_tree": {
    "label": "edit_root",
    "type": "edit_unit",
    "children": [
      {
        "label": "PLUS",
        "type": "BinaryOperator",
        "children": [
          {
            "label": "PLUS",
            "type": "BinaryOperator",
            "children": [
              {
                "label": "PLUS",
                "type": "BinaryOperator",
                "children": [
                  {
                    "label": "PLUS",
                    "type": "BinaryOperator",
                    "children": [
                      {
                        "label": "\"select * from \"",
                        "type": "Literal",
                        "children": []
                      },
                      {
                        "label": "TBL_NAME",
                        "type": "FieldRead",
                        "children": []
                      }
                    ]
                  },
                  {
                    "label": "\" where \"",
                    "type": "Literal",
                    "children": []
                  }
                ]
              },
              {
                "label": "FIELD_DATA",
                "type": "FieldRead",
                "children": []
              }
            ]
          },
          {
            "label": "\" \u003e\u003d ? \"",
            "type": "Literal",
            "children": []
          }
        ]
      },
      {
        "label": "prepareStatement",
        "type": "Invocation",
        "children": [
          {
            "label": "conn",
            "type": "FieldRead",
            "children": []
          },
          {
            "label": "query",
            "type": "VariableRead",
            "children": []
          }
        ]
      },
      {
        "label": "setTimestamp",
        "type": "Invocation",
        "children": [
          {
            "label": "st",
            "type": "FieldRead",
            "children": []
          },
          {
            "label": "1",
            "type": "Literal",
            "children": []
          },
          {
            "label": "data",
            "type": "VariableRead",
            "children": []
          }
        ]
      }
    ]
  }
}