{
  "before_code": "(((((((((((\"UPDATE Notas SET \" + \"aberta\u003d\") + nota.getAberta()) + \",titulo\u003d\") + nota.getTitulo()) + \", texto\u003d\") + nota.getTexto()) + \", cor\u003d\") + nota.getCor()) + \",prazo_final_nota\u003d\") + new Date(nota.getPrazo_final().getTimeInMillis())) + \" WHERE id\u003d\") + nota.getId()\nStatement\nconnection.createStatement()\ncatch (SQLException e) {\r\n    e.printStackTrace();\r\n}\nsql\ncatch (SQLException e) {\r\n    e.printStackTrace();\r\n}\n",
  "after_code": "\"UPDATE Notas SET \" + \"aberta\u003d?,titulo\u003d?, texto\u003d?, cor\u003d?,prazo_final_nota\u003d? WHERE id\u003d?\"\nPreparedStatement\nconnection.prepareStatement(sql)\ncatch (SQLException e) {\r\n    e.printStackTrace();\r\n}\ntry {\r\n    stmt.setObject(1, nota.getAberta());\r\n} catch (SQLException e) {\r\n    e.printStackTrace();\r\n}\ntry {\r\n    stmt.setObject(2, nota.getTitulo());\r\n} catch (SQLException e) {\r\n    e.printStackTrace();\r\n}\ntry {\r\n    stmt.setObject(3, nota.getTexto());\r\n} catch (SQLException e) {\r\n    e.printStackTrace();\r\n}\ntry {\r\n    stmt.setObject(4, nota.getCor());\r\n} catch (SQLException e) {\r\n    e.printStackTrace();\r\n}\ntry {\r\n    stmt.setDate(5, new Date(nota.getPrazo_final().getTimeInMillis()));\r\n} catch (SQLException e) {\r\n    e.printStackTrace();\r\n}\ntry {\r\n    stmt.setObject(6, nota.getId());\r\n} catch (SQLException e) {\r\n    e.printStackTrace();\r\n}\ncatch (SQLException e) {\r\n    e.printStackTrace();\r\n}\n",
  "before_tree": {
    "label": "edit_root",
    "type": "edit_unit",
    "children": [
      {
        "label": "PLUS",
        "type": "BinaryOperator",
        "children": [
          {
            "label": "PLUS",
            "type": "BinaryOperator",
            "children": [
              {
                "label": "PLUS",
                "type": "BinaryOperator",
                "children": [
                  {
                    "label": "PLUS",
                    "type": "BinaryOperator",
                    "children": [
                      {
                        "label": "PLUS",
                        "type": "BinaryOperator",
                        "children": [
                          {
                            "label": "PLUS",
                            "type": "BinaryOperator",
                            "children": [
                              {
                                "label": "PLUS",
                                "type": "BinaryOperator",
                                "children": [
                                  {
                                    "label": "PLUS",
                                    "type": "BinaryOperator",
                                    "children": [
                                      {
                                        "label": "PLUS",
                                        "type": "BinaryOperator",
                                        "children": [
                                          {
                                            "label": "PLUS",
                                            "type": "BinaryOperator",
                                            "children": [
                                              {
                                                "label": "PLUS",
                                                "type": "BinaryOperator",
                                                "children": [
                                                  {
                                                    "label": "PLUS",
                                                    "type": "BinaryOperator",
                                                    "children": [
                                                      {
                                                        "label": "\"UPDATE Notas SET \"",
                                                        "type": "Literal",
                                                        "children": []
                                                      },
                                                      {
                                                        "label": "\"aberta\u003d\"",
                                                        "type": "Literal",
                                                        "children": []
                                                      }
                                                    ]
                                                  },
                                                  {
                                                    "label": "getAberta",
                                                    "type": "Invocation",
                                                    "children": [
                                                      {
                                                        "label": "nota",
                                                        "type": "VariableRead",
                                                        "children": []
                                                      }
                                                    ]
                                                  }
                                                ]
                                              },
                                              {
                                                "label": "\",titulo\u003d\"",
                                                "type": "Literal",
                                                "children": []
                                              }
                                            ]
                                          },
                                          {
                                            "label": "getTitulo",
                                            "type": "Invocation",
                                            "children": [
                                              {
                                                "label": "nota",
                                                "type": "VariableRead",
                                                "children": []
                                              }
                                            ]
                                          }
                                        ]
                                      },
                                      {
                                        "label": "\", texto\u003d\"",
                                        "type": "Literal",
                                        "children": []
                                      }
                                    ]
                                  },
                                  {
                                    "label": "getTexto",
                                    "type": "Invocation",
                                    "children": [
                                      {
                                        "label": "nota",
                                        "type": "VariableRead",
                                        "children": []
                                      }
                                    ]
                                  }
                                ]
                              },
                              {
                                "label": "\", cor\u003d\"",
                                "type": "Literal",
                                "children": []
                              }
                            ]
                          },
                          {
                            "label": "getCor",
                            "type": "Invocation",
                            "children": [
                              {
                                "label": "nota",
                                "type": "VariableRead",
                                "children": []
                              }
                            ]
                          }
                        ]
                      },
                      {
                        "label": "\",prazo_final_nota\u003d\"",
                        "type": "Literal",
                        "children": []
                      }
                    ]
                  },
                  {
                    "label": "java.lang.Object()",
                    "type": "ConstructorCall",
                    "children": [
                      {
                        "label": "getTimeInMillis",
                        "type": "Invocation",
                        "children": [
                          {
                            "label": "getPrazo_final",
                            "type": "Invocation",
                            "children": [
                              {
                                "label": "nota",
                                "type": "VariableRead",
                                "children": []
                              }
                            ]
                          }
                        ]
                      }
                    ]
                  }
                ]
              },
              {
                "label": "\" WHERE id\u003d\"",
                "type": "Literal",
                "children": []
              }
            ]
          },
          {
            "label": "getId",
            "type": "Invocation",
            "children": [
              {
                "label": "nota",
                "type": "VariableRead",
                "children": []
              }
            ]
          }
        ]
      },
      {
        "type": "root",
        "children": [],
        "label": "Statement"
      },
      {
        "label": "createStatement",
        "type": "Invocation",
        "children": [
          {
            "label": "connection",
            "type": "FieldRead",
            "children": []
          }
        ]
      },
      {
        "label": "",
        "type": "Catch",
        "children": [
          {
            "label": "e",
            "type": "CatchVariable",
            "children": [
              {
                "label": "SQLException",
                "type": "VARIABLE_TYPE",
                "children": []
              }
            ]
          },
          {
            "label": "printStackTrace",
            "type": "Invocation",
            "children": [
              {
                "label": "e",
                "type": "VariableRead",
                "children": []
              }
            ]
          }
        ]
      },
      {
        "label": "sql",
        "type": "VariableRead",
        "children": []
      },
      {
        "label": "",
        "type": "Catch",
        "children": [
          {
            "label": "e",
            "type": "CatchVariable",
            "children": [
              {
                "label": "SQLException",
                "type": "VARIABLE_TYPE",
                "children": []
              }
            ]
          },
          {
            "label": "printStackTrace",
            "type": "Invocation",
            "children": [
              {
                "label": "e",
                "type": "VariableRead",
                "children": []
              }
            ]
          }
        ]
      }
    ]
  },
  "after_tree": {
    "label": "edit_root",
    "type": "edit_unit",
    "children": [
      {
        "label": "PLUS",
        "type": "BinaryOperator",
        "children": [
          {
            "label": "\"UPDATE Notas SET \"",
            "type": "Literal",
            "children": []
          },
          {
            "label": "\"aberta\u003d?,titulo\u003d?, texto\u003d?, cor\u003d?,prazo_final_nota\u003d? WHERE id\u003d?\"",
            "type": "Literal",
            "children": []
          }
        ]
      },
      {
        "type": "root",
        "children": [],
        "label": "PreparedStatement"
      },
      {
        "label": "prepareStatement",
        "type": "Invocation",
        "children": [
          {
            "label": "connection",
            "type": "FieldRead",
            "children": []
          },
          {
            "label": "sql",
            "type": "VariableRead",
            "children": []
          }
        ]
      },
      {
        "label": "",
        "type": "Catch",
        "children": [
          {
            "label": "e",
            "type": "CatchVariable",
            "children": [
              {
                "label": "SQLException",
                "type": "VARIABLE_TYPE",
                "children": []
              }
            ]
          },
          {
            "label": "printStackTrace",
            "type": "Invocation",
            "children": [
              {
                "label": "e",
                "type": "VariableRead",
                "children": []
              }
            ]
          }
        ]
      },
      {
        "label": "",
        "type": "Try",
        "children": [
          {
            "label": "setObject",
            "type": "Invocation",
            "children": [
              {
                "label": "stmt",
                "type": "VariableRead",
                "children": []
              },
              {
                "label": "1",
                "type": "Literal",
                "children": []
              },
              {
                "label": "getAberta",
                "type": "Invocation",
                "children": [
                  {
                    "label": "nota",
                    "type": "VariableRead",
                    "children": []
                  }
                ]
              }
            ]
          },
          {
            "label": "",
            "type": "Catch",
            "children": [
              {
                "label": "e",
                "type": "CatchVariable",
                "children": [
                  {
                    "label": "SQLException",
                    "type": "VARIABLE_TYPE",
                    "children": []
                  }
                ]
              },
              {
                "label": "printStackTrace",
                "type": "Invocation",
                "children": [
                  {
                    "label": "e",
                    "type": "VariableRead",
                    "children": []
                  }
                ]
              }
            ]
          }
        ]
      },
      {
        "label": "",
        "type": "Try",
        "children": [
          {
            "label": "setObject",
            "type": "Invocation",
            "children": [
              {
                "label": "stmt",
                "type": "VariableRead",
                "children": []
              },
              {
                "label": "2",
                "type": "Literal",
                "children": []
              },
              {
                "label": "getTitulo",
                "type": "Invocation",
                "children": [
                  {
                    "label": "nota",
                    "type": "VariableRead",
                    "children": []
                  }
                ]
              }
            ]
          },
          {
            "label": "",
            "type": "Catch",
            "children": [
              {
                "label": "e",
                "type": "CatchVariable",
                "children": [
                  {
                    "label": "SQLException",
                    "type": "VARIABLE_TYPE",
                    "children": []
                  }
                ]
              },
              {
                "label": "printStackTrace",
                "type": "Invocation",
                "children": [
                  {
                    "label": "e",
                    "type": "VariableRead",
                    "children": []
                  }
                ]
              }
            ]
          }
        ]
      },
      {
        "label": "",
        "type": "Try",
        "children": [
          {
            "label": "setObject",
            "type": "Invocation",
            "children": [
              {
                "label": "stmt",
                "type": "VariableRead",
                "children": []
              },
              {
                "label": "3",
                "type": "Literal",
                "children": []
              },
              {
                "label": "getTexto",
                "type": "Invocation",
                "children": [
                  {
                    "label": "nota",
                    "type": "VariableRead",
                    "children": []
                  }
                ]
              }
            ]
          },
          {
            "label": "",
            "type": "Catch",
            "children": [
              {
                "label": "e",
                "type": "CatchVariable",
                "children": [
                  {
                    "label": "SQLException",
                    "type": "VARIABLE_TYPE",
                    "children": []
                  }
                ]
              },
              {
                "label": "printStackTrace",
                "type": "Invocation",
                "children": [
                  {
                    "label": "e",
                    "type": "VariableRead",
                    "children": []
                  }
                ]
              }
            ]
          }
        ]
      },
      {
        "label": "",
        "type": "Try",
        "children": [
          {
            "label": "setObject",
            "type": "Invocation",
            "children": [
              {
                "label": "stmt",
                "type": "VariableRead",
                "children": []
              },
              {
                "label": "4",
                "type": "Literal",
                "children": []
              },
              {
                "label": "getCor",
                "type": "Invocation",
                "children": [
                  {
                    "label": "nota",
                    "type": "VariableRead",
                    "children": []
                  }
                ]
              }
            ]
          },
          {
            "label": "",
            "type": "Catch",
            "children": [
              {
                "label": "e",
                "type": "CatchVariable",
                "children": [
                  {
                    "label": "SQLException",
                    "type": "VARIABLE_TYPE",
                    "children": []
                  }
                ]
              },
              {
                "label": "printStackTrace",
                "type": "Invocation",
                "children": [
                  {
                    "label": "e",
                    "type": "VariableRead",
                    "children": []
                  }
                ]
              }
            ]
          }
        ]
      },
      {
        "label": "",
        "type": "Try",
        "children": [
          {
            "label": "setDate",
            "type": "Invocation",
            "children": [
              {
                "label": "stmt",
                "type": "VariableRead",
                "children": []
              },
              {
                "label": "5",
                "type": "Literal",
                "children": []
              },
              {
                "label": "java.lang.Object()",
                "type": "ConstructorCall",
                "children": [
                  {
                    "label": "getTimeInMillis",
                    "type": "Invocation",
                    "children": [
                      {
                        "label": "getPrazo_final",
                        "type": "Invocation",
                        "children": [
                          {
                            "label": "nota",
                            "type": "VariableRead",
                            "children": []
                          }
                        ]
                      }
                    ]
                  }
                ]
              }
            ]
          },
          {
            "label": "",
            "type": "Catch",
            "children": [
              {
                "label": "e",
                "type": "CatchVariable",
                "children": [
                  {
                    "label": "SQLException",
                    "type": "VARIABLE_TYPE",
                    "children": []
                  }
                ]
              },
              {
                "label": "printStackTrace",
                "type": "Invocation",
                "children": [
                  {
                    "label": "e",
                    "type": "VariableRead",
                    "children": []
                  }
                ]
              }
            ]
          }
        ]
      },
      {
        "label": "",
        "type": "Try",
        "children": [
          {
            "label": "setObject",
            "type": "Invocation",
            "children": [
              {
                "label": "stmt",
                "type": "VariableRead",
                "children": []
              },
              {
                "label": "6",
                "type": "Literal",
                "children": []
              },
              {
                "label": "getId",
                "type": "Invocation",
                "children": [
                  {
                    "label": "nota",
                    "type": "VariableRead",
                    "children": []
                  }
                ]
              }
            ]
          },
          {
            "label": "",
            "type": "Catch",
            "children": [
              {
                "label": "e",
                "type": "CatchVariable",
                "children": [
                  {
                    "label": "SQLException",
                    "type": "VARIABLE_TYPE",
                    "children": []
                  }
                ]
              },
              {
                "label": "printStackTrace",
                "type": "Invocation",
                "children": [
                  {
                    "label": "e",
                    "type": "VariableRead",
                    "children": []
                  }
                ]
              }
            ]
          }
        ]
      },
      {
        "label": "",
        "type": "Catch",
        "children": [
          {
            "label": "e",
            "type": "CatchVariable",
            "children": [
              {
                "label": "SQLException",
                "type": "VARIABLE_TYPE",
                "children": []
              }
            ]
          },
          {
            "label": "printStackTrace",
            "type": "Invocation",
            "children": [
              {
                "label": "e",
                "type": "VariableRead",
                "children": []
              }
            ]
          }
        ]
      }
    ]
  }
}