{
  "before_code": "(((\"SELECT * FROM service_order \" + \"WHERE memberid \u003d \") + id) + \" AND expiration_date IS null \")\n\"ORDER BY need_by_date DESC\"\nStatement\nCONN.createStatement()\nsql\n",
  "after_code": "\"SELECT * FROM service_order \"\n\"WHERE memberid \u003d ? AND expiration_date IS null \"\n(\"WHERE memberid \u003d ? AND expiration_date IS null \" + \"ORDER BY need_by_date DESC\")\n\"WHERE memberid \u003d ? AND expiration_date IS null \"\n\"ORDER BY need_by_date DESC\"\nPreparedStatement\nCONN.prepareStatement(sql)\nstat.setObject(1, id)\n",
  "before_tree": {
    "label": "edit_root",
    "type": "edit_unit",
    "children": [
      {
        "label": "PLUS",
        "type": "BinaryOperator",
        "children": [
          {
            "label": "PLUS",
            "type": "BinaryOperator",
            "children": [
              {
                "label": "PLUS",
                "type": "BinaryOperator",
                "children": [
                  {
                    "label": "\"SELECT * FROM service_order \"",
                    "type": "Literal",
                    "children": []
                  },
                  {
                    "label": "\"WHERE memberid \u003d \"",
                    "type": "Literal",
                    "children": []
                  }
                ]
              },
              {
                "label": "id",
                "type": "VariableRead",
                "children": []
              }
            ]
          },
          {
            "label": "\" AND expiration_date IS null \"",
            "type": "Literal",
            "children": []
          }
        ]
      },
      {
        "label": "\"ORDER BY need_by_date DESC\"",
        "type": "Literal",
        "children": []
      },
      {
        "type": "root",
        "children": [],
        "label": "Statement"
      },
      {
        "label": "createStatement",
        "type": "Invocation",
        "children": [
          {
            "label": "CONN",
            "type": "TypeAccess",
            "children": []
          }
        ]
      },
      {
        "label": "sql",
        "type": "VariableRead",
        "children": []
      }
    ]
  },
  "after_tree": {
    "label": "edit_root",
    "type": "edit_unit",
    "children": [
      {
        "label": "\"SELECT * FROM service_order \"",
        "type": "Literal",
        "children": []
      },
      {
        "label": "\"WHERE memberid \u003d ? AND expiration_date IS null \"",
        "type": "Literal",
        "children": []
      },
      {
        "label": "PLUS",
        "type": "BinaryOperator",
        "children": [
          {
            "label": "\"WHERE memberid \u003d ? AND expiration_date IS null \"",
            "type": "Literal",
            "children": []
          },
          {
            "label": "\"ORDER BY need_by_date DESC\"",
            "type": "Literal",
            "children": []
          }
        ]
      },
      {
        "label": "\"WHERE memberid \u003d ? AND expiration_date IS null \"",
        "type": "Literal",
        "children": []
      },
      {
        "label": "\"ORDER BY need_by_date DESC\"",
        "type": "Literal",
        "children": []
      },
      {
        "type": "root",
        "children": [],
        "label": "PreparedStatement"
      },
      {
        "label": "prepareStatement",
        "type": "Invocation",
        "children": [
          {
            "label": "CONN",
            "type": "TypeAccess",
            "children": []
          },
          {
            "label": "sql",
            "type": "VariableRead",
            "children": []
          }
        ]
      },
      {
        "label": "setObject",
        "type": "Invocation",
        "children": [
          {
            "label": "stat",
            "type": "VariableRead",
            "children": []
          },
          {
            "label": "1",
            "type": "Literal",
            "children": []
          },
          {
            "label": "id",
            "type": "VariableRead",
            "children": []
          }
        ]
      }
    ]
  }
}