{
  "before_code": "\"DELETE FROM course WHERE idcourse \u003d \" + curCour.getId()\nStatement\nconnection.createStatement()\ndeleteCourse\n",
  "after_code": "\"DELETE FROM course WHERE idcourse \u003d ?\"\nPreparedStatement\nconnection.prepareStatement(deleteCourse)\nps.setObject(1, curCour.getId())\n",
  "before_tree": {
    "label": "edit_root",
    "type": "edit_unit",
    "children": [
      {
        "label": "PLUS",
        "type": "BinaryOperator",
        "children": [
          {
            "label": "\"DELETE FROM course WHERE idcourse \u003d \"",
            "type": "Literal",
            "children": []
          },
          {
            "label": "getId",
            "type": "Invocation",
            "children": [
              {
                "label": "curCour",
                "type": "VariableRead",
                "children": []
              }
            ]
          }
        ]
      },
      {
        "type": "root",
        "children": [],
        "label": "Statement"
      },
      {
        "label": "createStatement",
        "type": "Invocation",
        "children": [
          {
            "label": "connection",
            "type": "VariableRead",
            "children": []
          }
        ]
      },
      {
        "label": "deleteCourse",
        "type": "VariableRead",
        "children": []
      }
    ]
  },
  "after_tree": {
    "label": "edit_root",
    "type": "edit_unit",
    "children": [
      {
        "label": "\"DELETE FROM course WHERE idcourse \u003d ?\"",
        "type": "Literal",
        "children": []
      },
      {
        "type": "root",
        "children": [],
        "label": "PreparedStatement"
      },
      {
        "label": "prepareStatement",
        "type": "Invocation",
        "children": [
          {
            "label": "connection",
            "type": "VariableRead",
            "children": []
          },
          {
            "label": "deleteCourse",
            "type": "VariableRead",
            "children": []
          }
        ]
      },
      {
        "label": "setObject",
        "type": "Invocation",
        "children": [
          {
            "label": "ps",
            "type": "VariableRead",
            "children": []
          },
          {
            "label": "1",
            "type": "Literal",
            "children": []
          },
          {
            "label": "getId",
            "type": "Invocation",
            "children": [
              {
                "label": "curCour",
                "type": "VariableRead",
                "children": []
              }
            ]
          }
        ]
      }
    ]
  }
}