{
  "before_code": "Statement\nconnection.createStatement()\nstatement.executeUpdate((\"DELETE FROM credit_card WHERE cardnum \u003d \u0027\" + cardNum) + \"\u0027;\")\n",
  "after_code": "PreparedStatement\nconnection.prepareStatement(\"DELETE FROM credit_card WHERE cardnum \u003d ?;\")\nstatement.setObject(1, cardNum)\nstatement.executeUpdate()\n",
  "before_tree": {
    "label": "edit_root",
    "type": "edit_unit",
    "children": [
      {
        "type": "root",
        "children": [],
        "label": "Statement"
      },
      {
        "label": "createStatement",
        "type": "Invocation",
        "children": [
          {
            "label": "connection",
            "type": "VariableRead",
            "children": []
          }
        ]
      },
      {
        "label": "executeUpdate",
        "type": "Invocation",
        "children": [
          {
            "label": "statement",
            "type": "VariableRead",
            "children": []
          },
          {
            "label": "PLUS",
            "type": "BinaryOperator",
            "children": [
              {
                "label": "PLUS",
                "type": "BinaryOperator",
                "children": [
                  {
                    "label": "\"DELETE FROM credit_card WHERE cardnum \u003d \u0027\"",
                    "type": "Literal",
                    "children": []
                  },
                  {
                    "label": "cardNum",
                    "type": "VariableRead",
                    "children": []
                  }
                ]
              },
              {
                "label": "\"\u0027;\"",
                "type": "Literal",
                "children": []
              }
            ]
          }
        ]
      }
    ]
  },
  "after_tree": {
    "label": "edit_root",
    "type": "edit_unit",
    "children": [
      {
        "type": "root",
        "children": [],
        "label": "PreparedStatement"
      },
      {
        "label": "prepareStatement",
        "type": "Invocation",
        "children": [
          {
            "label": "connection",
            "type": "VariableRead",
            "children": []
          },
          {
            "label": "\"DELETE FROM credit_card WHERE cardnum \u003d ?;\"",
            "type": "Literal",
            "children": []
          }
        ]
      },
      {
        "label": "setObject",
        "type": "Invocation",
        "children": [
          {
            "label": "statement",
            "type": "VariableRead",
            "children": []
          },
          {
            "label": "1",
            "type": "Literal",
            "children": []
          },
          {
            "label": "cardNum",
            "type": "VariableRead",
            "children": []
          }
        ]
      },
      {
        "label": "executeUpdate",
        "type": "Invocation",
        "children": [
          {
            "label": "statement",
            "type": "VariableRead",
            "children": []
          }
        ]
      }
    ]
  }
}