{
  "before_code": "(\"SELECT * FROM service_order \" + \"WHERE expiration_date IS null AND id \u003d \") + id\nStatement\nCONN.createStatement()\nsql\n",
  "after_code": "\"SELECT * FROM service_order \" + \"WHERE expiration_date IS null AND id \u003d ?\"\nPreparedStatement\nCONN.prepareStatement(sql)\nstat.setObject(1, id)\n",
  "before_tree": {
    "label": "edit_root",
    "type": "edit_unit",
    "children": [
      {
        "label": "PLUS",
        "type": "BinaryOperator",
        "children": [
          {
            "label": "PLUS",
            "type": "BinaryOperator",
            "children": [
              {
                "label": "\"SELECT * FROM service_order \"",
                "type": "Literal",
                "children": []
              },
              {
                "label": "\"WHERE expiration_date IS null AND id \u003d \"",
                "type": "Literal",
                "children": []
              }
            ]
          },
          {
            "label": "id",
            "type": "VariableRead",
            "children": []
          }
        ]
      },
      {
        "type": "root",
        "children": [],
        "label": "Statement"
      },
      {
        "label": "createStatement",
        "type": "Invocation",
        "children": [
          {
            "label": "CONN",
            "type": "TypeAccess",
            "children": []
          }
        ]
      },
      {
        "label": "sql",
        "type": "VariableRead",
        "children": []
      }
    ]
  },
  "after_tree": {
    "label": "edit_root",
    "type": "edit_unit",
    "children": [
      {
        "label": "PLUS",
        "type": "BinaryOperator",
        "children": [
          {
            "label": "\"SELECT * FROM service_order \"",
            "type": "Literal",
            "children": []
          },
          {
            "label": "\"WHERE expiration_date IS null AND id \u003d ?\"",
            "type": "Literal",
            "children": []
          }
        ]
      },
      {
        "type": "root",
        "children": [],
        "label": "PreparedStatement"
      },
      {
        "label": "prepareStatement",
        "type": "Invocation",
        "children": [
          {
            "label": "CONN",
            "type": "TypeAccess",
            "children": []
          },
          {
            "label": "sql",
            "type": "VariableRead",
            "children": []
          }
        ]
      },
      {
        "label": "setObject",
        "type": "Invocation",
        "children": [
          {
            "label": "stat",
            "type": "VariableRead",
            "children": []
          },
          {
            "label": "1",
            "type": "Literal",
            "children": []
          },
          {
            "label": "id",
            "type": "VariableRead",
            "children": []
          }
        ]
      }
    ]
  }
}