{
  "before_code": "Statement\np \u003d conn.createStatement()\np.executeUpdate((((((((((((\"UPDATE Cadre_Didactice  SET \" + \"pozitia \u003d \") + cd.getPozitia()) + \", den_post \u003d \") + cd.getDenumirePost()) + \", nume \u003d \") + cd.getNume()) + \", functia\u003d \") + cd.getFunctia()) + \" , tit_vac \u003d \") + cd.getTitVac()) + \"  WHERE Id_Cadru_Didactic\u003d \") + cd.getId())\n",
  "after_code": "PreparedStatement\np \u003d conn.prepareStatement(\"UPDATE Cadre_Didactice  SET \" + (((((\"pozitia \u003d ?, \" + \"den_post \u003d ?, \") + \"nume \u003d ?, \") + \"functia\u003d ?, \") + \"tit_vac \u003d ? \") + \"WHERE Id_Cadru_Didactic\u003d ?\"))\np.setObject(1, cd.getPozitia())\np.setObject(2, cd.getDenumirePost())\np.setObject(3, cd.getNume())\np.setObject(4, cd.getFunctia())\np.setObject(5, cd.getTitVac())\np.setObject(6, cd.getId())\np.executeUpdate()\n",
  "before_tree": {
    "label": "edit_root",
    "type": "edit_unit",
    "children": [
      {
        "type": "root",
        "children": [],
        "label": "Statement"
      },
      {
        "label": "\u003d",
        "type": "Assignment",
        "children": [
          {
            "label": "p",
            "type": "VariableWrite",
            "children": []
          },
          {
            "label": "createStatement",
            "type": "Invocation",
            "children": [
              {
                "label": "conn",
                "type": "VariableRead",
                "children": []
              }
            ]
          }
        ]
      },
      {
        "label": "executeUpdate",
        "type": "Invocation",
        "children": [
          {
            "label": "p",
            "type": "VariableRead",
            "children": []
          },
          {
            "label": "PLUS",
            "type": "BinaryOperator",
            "children": [
              {
                "label": "PLUS",
                "type": "BinaryOperator",
                "children": [
                  {
                    "label": "PLUS",
                    "type": "BinaryOperator",
                    "children": [
                      {
                        "label": "PLUS",
                        "type": "BinaryOperator",
                        "children": [
                          {
                            "label": "PLUS",
                            "type": "BinaryOperator",
                            "children": [
                              {
                                "label": "PLUS",
                                "type": "BinaryOperator",
                                "children": [
                                  {
                                    "label": "PLUS",
                                    "type": "BinaryOperator",
                                    "children": [
                                      {
                                        "label": "PLUS",
                                        "type": "BinaryOperator",
                                        "children": [
                                          {
                                            "label": "PLUS",
                                            "type": "BinaryOperator",
                                            "children": [
                                              {
                                                "label": "PLUS",
                                                "type": "BinaryOperator",
                                                "children": [
                                                  {
                                                    "label": "PLUS",
                                                    "type": "BinaryOperator",
                                                    "children": [
                                                      {
                                                        "label": "PLUS",
                                                        "type": "BinaryOperator",
                                                        "children": [
                                                          {
                                                            "label": "\"UPDATE Cadre_Didactice  SET \"",
                                                            "type": "Literal",
                                                            "children": []
                                                          },
                                                          {
                                                            "label": "\"pozitia \u003d \"",
                                                            "type": "Literal",
                                                            "children": []
                                                          }
                                                        ]
                                                      },
                                                      {
                                                        "label": "getPozitia",
                                                        "type": "Invocation",
                                                        "children": [
                                                          {
                                                            "label": "cd",
                                                            "type": "VariableRead",
                                                            "children": []
                                                          }
                                                        ]
                                                      }
                                                    ]
                                                  },
                                                  {
                                                    "label": "\", den_post \u003d \"",
                                                    "type": "Literal",
                                                    "children": []
                                                  }
                                                ]
                                              },
                                              {
                                                "label": "getDenumirePost",
                                                "type": "Invocation",
                                                "children": [
                                                  {
                                                    "label": "cd",
                                                    "type": "VariableRead",
                                                    "children": []
                                                  }
                                                ]
                                              }
                                            ]
                                          },
                                          {
                                            "label": "\", nume \u003d \"",
                                            "type": "Literal",
                                            "children": []
                                          }
                                        ]
                                      },
                                      {
                                        "label": "getNume",
                                        "type": "Invocation",
                                        "children": [
                                          {
                                            "label": "cd",
                                            "type": "VariableRead",
                                            "children": []
                                          }
                                        ]
                                      }
                                    ]
                                  },
                                  {
                                    "label": "\", functia\u003d \"",
                                    "type": "Literal",
                                    "children": []
                                  }
                                ]
                              },
                              {
                                "label": "getFunctia",
                                "type": "Invocation",
                                "children": [
                                  {
                                    "label": "cd",
                                    "type": "VariableRead",
                                    "children": []
                                  }
                                ]
                              }
                            ]
                          },
                          {
                            "label": "\" , tit_vac \u003d \"",
                            "type": "Literal",
                            "children": []
                          }
                        ]
                      },
                      {
                        "label": "getTitVac",
                        "type": "Invocation",
                        "children": [
                          {
                            "label": "cd",
                            "type": "VariableRead",
                            "children": []
                          }
                        ]
                      }
                    ]
                  },
                  {
                    "label": "\"  WHERE Id_Cadru_Didactic\u003d \"",
                    "type": "Literal",
                    "children": []
                  }
                ]
              },
              {
                "label": "getId",
                "type": "Invocation",
                "children": [
                  {
                    "label": "cd",
                    "type": "VariableRead",
                    "children": []
                  }
                ]
              }
            ]
          }
        ]
      }
    ]
  },
  "after_tree": {
    "label": "edit_root",
    "type": "edit_unit",
    "children": [
      {
        "type": "root",
        "children": [],
        "label": "PreparedStatement"
      },
      {
        "label": "\u003d",
        "type": "Assignment",
        "children": [
          {
            "label": "p",
            "type": "VariableWrite",
            "children": []
          },
          {
            "label": "prepareStatement",
            "type": "Invocation",
            "children": [
              {
                "label": "conn",
                "type": "VariableRead",
                "children": []
              },
              {
                "label": "PLUS",
                "type": "BinaryOperator",
                "children": [
                  {
                    "label": "\"UPDATE Cadre_Didactice  SET \"",
                    "type": "Literal",
                    "children": []
                  },
                  {
                    "label": "PLUS",
                    "type": "BinaryOperator",
                    "children": [
                      {
                        "label": "PLUS",
                        "type": "BinaryOperator",
                        "children": [
                          {
                            "label": "PLUS",
                            "type": "BinaryOperator",
                            "children": [
                              {
                                "label": "PLUS",
                                "type": "BinaryOperator",
                                "children": [
                                  {
                                    "label": "PLUS",
                                    "type": "BinaryOperator",
                                    "children": [
                                      {
                                        "label": "\"pozitia \u003d ?, \"",
                                        "type": "Literal",
                                        "children": []
                                      },
                                      {
                                        "label": "\"den_post \u003d ?, \"",
                                        "type": "Literal",
                                        "children": []
                                      }
                                    ]
                                  },
                                  {
                                    "label": "\"nume \u003d ?, \"",
                                    "type": "Literal",
                                    "children": []
                                  }
                                ]
                              },
                              {
                                "label": "\"functia\u003d ?, \"",
                                "type": "Literal",
                                "children": []
                              }
                            ]
                          },
                          {
                            "label": "\"tit_vac \u003d ? \"",
                            "type": "Literal",
                            "children": []
                          }
                        ]
                      },
                      {
                        "label": "\"WHERE Id_Cadru_Didactic\u003d ?\"",
                        "type": "Literal",
                        "children": []
                      }
                    ]
                  }
                ]
              }
            ]
          }
        ]
      },
      {
        "label": "setObject",
        "type": "Invocation",
        "children": [
          {
            "label": "p",
            "type": "VariableRead",
            "children": []
          },
          {
            "label": "1",
            "type": "Literal",
            "children": []
          },
          {
            "label": "getPozitia",
            "type": "Invocation",
            "children": [
              {
                "label": "cd",
                "type": "VariableRead",
                "children": []
              }
            ]
          }
        ]
      },
      {
        "label": "setObject",
        "type": "Invocation",
        "children": [
          {
            "label": "p",
            "type": "VariableRead",
            "children": []
          },
          {
            "label": "2",
            "type": "Literal",
            "children": []
          },
          {
            "label": "getDenumirePost",
            "type": "Invocation",
            "children": [
              {
                "label": "cd",
                "type": "VariableRead",
                "children": []
              }
            ]
          }
        ]
      },
      {
        "label": "setObject",
        "type": "Invocation",
        "children": [
          {
            "label": "p",
            "type": "VariableRead",
            "children": []
          },
          {
            "label": "3",
            "type": "Literal",
            "children": []
          },
          {
            "label": "getNume",
            "type": "Invocation",
            "children": [
              {
                "label": "cd",
                "type": "VariableRead",
                "children": []
              }
            ]
          }
        ]
      },
      {
        "label": "setObject",
        "type": "Invocation",
        "children": [
          {
            "label": "p",
            "type": "VariableRead",
            "children": []
          },
          {
            "label": "4",
            "type": "Literal",
            "children": []
          },
          {
            "label": "getFunctia",
            "type": "Invocation",
            "children": [
              {
                "label": "cd",
                "type": "VariableRead",
                "children": []
              }
            ]
          }
        ]
      },
      {
        "label": "setObject",
        "type": "Invocation",
        "children": [
          {
            "label": "p",
            "type": "VariableRead",
            "children": []
          },
          {
            "label": "5",
            "type": "Literal",
            "children": []
          },
          {
            "label": "getTitVac",
            "type": "Invocation",
            "children": [
              {
                "label": "cd",
                "type": "VariableRead",
                "children": []
              }
            ]
          }
        ]
      },
      {
        "label": "setObject",
        "type": "Invocation",
        "children": [
          {
            "label": "p",
            "type": "VariableRead",
            "children": []
          },
          {
            "label": "6",
            "type": "Literal",
            "children": []
          },
          {
            "label": "getId",
            "type": "Invocation",
            "children": [
              {
                "label": "cd",
                "type": "VariableRead",
                "children": []
              }
            ]
          }
        ]
      },
      {
        "label": "executeUpdate",
        "type": "Invocation",
        "children": [
          {
            "label": "p",
            "type": "VariableRead",
            "children": []
          }
        ]
      }
    ]
  }
}