{
  "before_code": "(((((\"select SQL_CALC_FOUND_ROWS m.* FROM movie m JOIN order_movie om ON m.movie_id \u003d om.movie_id JOIN user_order uo ON uo.order_id \u003d om.order_id \\n\" + (\"JOIN user u ON u.user_id \u003d uo.user_id\\n\" + \"WHERE u.user_id \u003d \")) + user_id) + \" AND uo.confirm_no \u003d 1 ORDER BY uo.date_create desc limit \") + offset) + \", \") + noOfRecords\nStatement\ncon.createStatement()\ns\ncon.createStatement()\n\"SELECT FOUND_ROWS()\"\n",
  "after_code": "\"select SQL_CALC_FOUND_ROWS m.* FROM movie m JOIN order_movie om ON m.movie_id \u003d om.movie_id JOIN user_order uo ON uo.order_id \u003d om.order_id \\n\" + (\"JOIN user u ON u.user_id \u003d uo.user_id\\n\" + \"WHERE u.user_id \u003d ? AND uo.confirm_no \u003d 1 ORDER BY uo.date_create desc limit ?,? \")\nPreparedStatement\ncon.prepareStatement(s)\npstm.setObject(1, user_id)\npstm.setObject(2, offset)\npstm.setObject(3, noOfRecords)\ncon.prepareStatement(\"SELECT FOUND_ROWS()\")\n",
  "before_tree": {
    "label": "edit_root",
    "type": "edit_unit",
    "children": [
      {
        "label": "PLUS",
        "type": "BinaryOperator",
        "children": [
          {
            "label": "PLUS",
            "type": "BinaryOperator",
            "children": [
              {
                "label": "PLUS",
                "type": "BinaryOperator",
                "children": [
                  {
                    "label": "PLUS",
                    "type": "BinaryOperator",
                    "children": [
                      {
                        "label": "PLUS",
                        "type": "BinaryOperator",
                        "children": [
                          {
                            "label": "PLUS",
                            "type": "BinaryOperator",
                            "children": [
                              {
                                "label": "\"select SQL_CALC_FOUND_ROWS m.* FROM movie m JOIN order_movie om ON m.movie_id \u003d om.movie_id JOIN user_order uo ON uo.order_id \u003d om.order_id \\n\"",
                                "type": "Literal",
                                "children": []
                              },
                              {
                                "label": "PLUS",
                                "type": "BinaryOperator",
                                "children": [
                                  {
                                    "label": "\"JOIN user u ON u.user_id \u003d uo.user_id\\n\"",
                                    "type": "Literal",
                                    "children": []
                                  },
                                  {
                                    "label": "\"WHERE u.user_id \u003d \"",
                                    "type": "Literal",
                                    "children": []
                                  }
                                ]
                              }
                            ]
                          },
                          {
                            "label": "user_id",
                            "type": "VariableRead",
                            "children": []
                          }
                        ]
                      },
                      {
                        "label": "\" AND uo.confirm_no \u003d 1 ORDER BY uo.date_create desc limit \"",
                        "type": "Literal",
                        "children": []
                      }
                    ]
                  },
                  {
                    "label": "offset",
                    "type": "VariableRead",
                    "children": []
                  }
                ]
              },
              {
                "label": "\", \"",
                "type": "Literal",
                "children": []
              }
            ]
          },
          {
            "label": "noOfRecords",
            "type": "VariableRead",
            "children": []
          }
        ]
      },
      {
        "type": "root",
        "children": [],
        "label": "Statement"
      },
      {
        "label": "createStatement",
        "type": "Invocation",
        "children": [
          {
            "label": "con",
            "type": "VariableRead",
            "children": []
          }
        ]
      },
      {
        "label": "s",
        "type": "VariableRead",
        "children": []
      },
      {
        "label": "createStatement",
        "type": "Invocation",
        "children": [
          {
            "label": "con",
            "type": "VariableRead",
            "children": []
          }
        ]
      },
      {
        "label": "\"SELECT FOUND_ROWS()\"",
        "type": "Literal",
        "children": []
      }
    ]
  },
  "after_tree": {
    "label": "edit_root",
    "type": "edit_unit",
    "children": [
      {
        "label": "PLUS",
        "type": "BinaryOperator",
        "children": [
          {
            "label": "\"select SQL_CALC_FOUND_ROWS m.* FROM movie m JOIN order_movie om ON m.movie_id \u003d om.movie_id JOIN user_order uo ON uo.order_id \u003d om.order_id \\n\"",
            "type": "Literal",
            "children": []
          },
          {
            "label": "PLUS",
            "type": "BinaryOperator",
            "children": [
              {
                "label": "\"JOIN user u ON u.user_id \u003d uo.user_id\\n\"",
                "type": "Literal",
                "children": []
              },
              {
                "label": "\"WHERE u.user_id \u003d ? AND uo.confirm_no \u003d 1 ORDER BY uo.date_create desc limit ?,? \"",
                "type": "Literal",
                "children": []
              }
            ]
          }
        ]
      },
      {
        "type": "root",
        "children": [],
        "label": "PreparedStatement"
      },
      {
        "label": "prepareStatement",
        "type": "Invocation",
        "children": [
          {
            "label": "con",
            "type": "VariableRead",
            "children": []
          },
          {
            "label": "s",
            "type": "VariableRead",
            "children": []
          }
        ]
      },
      {
        "label": "setObject",
        "type": "Invocation",
        "children": [
          {
            "label": "pstm",
            "type": "VariableRead",
            "children": []
          },
          {
            "label": "1",
            "type": "Literal",
            "children": []
          },
          {
            "label": "user_id",
            "type": "VariableRead",
            "children": []
          }
        ]
      },
      {
        "label": "setObject",
        "type": "Invocation",
        "children": [
          {
            "label": "pstm",
            "type": "VariableRead",
            "children": []
          },
          {
            "label": "2",
            "type": "Literal",
            "children": []
          },
          {
            "label": "offset",
            "type": "VariableRead",
            "children": []
          }
        ]
      },
      {
        "label": "setObject",
        "type": "Invocation",
        "children": [
          {
            "label": "pstm",
            "type": "VariableRead",
            "children": []
          },
          {
            "label": "3",
            "type": "Literal",
            "children": []
          },
          {
            "label": "noOfRecords",
            "type": "VariableRead",
            "children": []
          }
        ]
      },
      {
        "label": "prepareStatement",
        "type": "Invocation",
        "children": [
          {
            "label": "con",
            "type": "VariableRead",
            "children": []
          },
          {
            "label": "\"SELECT FOUND_ROWS()\"",
            "type": "Literal",
            "children": []
          }
        ]
      }
    ]
  }
}