{
  "before_code": "Statement\n(((((((((((((\"Insert into User(id,firstName,lastName,userName,email,password,mobileNo) values(\" + userInfo.getId()) + \",\") + userInfo.getFirstName()) + \",\") + userInfo.getLastName()) + \",\") + userInfo.getUserName()) + \",\") + userInfo.getEmail()) + \",\") + userInfo.getPassword()) + \",\") + userInfo.getMobileNo()) + \")\"\nconnection.createStatement()\nsqlQuery\n",
  "after_code": "PreparedStatement\n\"Insert into User(id,firstName,lastName,userName,email,password,mobileNo) values(?,?,?,?,?,?,?)\"\nconnection.prepareStatement(sqlQuery)\npreStat.setObject(1, userInfo.getId())\npreStat.setObject(2, userInfo.getFirstName())\npreStat.setObject(3, userInfo.getLastName())\npreStat.setObject(4, userInfo.getUserName())\npreStat.setObject(5, userInfo.getEmail())\npreStat.setObject(6, userInfo.getPassword())\npreStat.setObject(7, userInfo.getMobileNo())\n",
  "before_tree": {
    "label": "edit_root",
    "type": "edit_unit",
    "children": [
      {
        "type": "root",
        "children": [],
        "label": "Statement"
      },
      {
        "label": "PLUS",
        "type": "BinaryOperator",
        "children": [
          {
            "label": "PLUS",
            "type": "BinaryOperator",
            "children": [
              {
                "label": "PLUS",
                "type": "BinaryOperator",
                "children": [
                  {
                    "label": "PLUS",
                    "type": "BinaryOperator",
                    "children": [
                      {
                        "label": "PLUS",
                        "type": "BinaryOperator",
                        "children": [
                          {
                            "label": "PLUS",
                            "type": "BinaryOperator",
                            "children": [
                              {
                                "label": "PLUS",
                                "type": "BinaryOperator",
                                "children": [
                                  {
                                    "label": "PLUS",
                                    "type": "BinaryOperator",
                                    "children": [
                                      {
                                        "label": "PLUS",
                                        "type": "BinaryOperator",
                                        "children": [
                                          {
                                            "label": "PLUS",
                                            "type": "BinaryOperator",
                                            "children": [
                                              {
                                                "label": "PLUS",
                                                "type": "BinaryOperator",
                                                "children": [
                                                  {
                                                    "label": "PLUS",
                                                    "type": "BinaryOperator",
                                                    "children": [
                                                      {
                                                        "label": "PLUS",
                                                        "type": "BinaryOperator",
                                                        "children": [
                                                          {
                                                            "label": "PLUS",
                                                            "type": "BinaryOperator",
                                                            "children": [
                                                              {
                                                                "label": "\"Insert into User(id,firstName,lastName,userName,email,password,mobileNo) values(\"",
                                                                "type": "Literal",
                                                                "children": []
                                                              },
                                                              {
                                                                "label": "getId",
                                                                "type": "Invocation",
                                                                "children": [
                                                                  {
                                                                    "label": "userInfo",
                                                                    "type": "VariableRead",
                                                                    "children": []
                                                                  }
                                                                ]
                                                              }
                                                            ]
                                                          },
                                                          {
                                                            "label": "\",\"",
                                                            "type": "Literal",
                                                            "children": []
                                                          }
                                                        ]
                                                      },
                                                      {
                                                        "label": "getFirstName",
                                                        "type": "Invocation",
                                                        "children": [
                                                          {
                                                            "label": "userInfo",
                                                            "type": "VariableRead",
                                                            "children": []
                                                          }
                                                        ]
                                                      }
                                                    ]
                                                  },
                                                  {
                                                    "label": "\",\"",
                                                    "type": "Literal",
                                                    "children": []
                                                  }
                                                ]
                                              },
                                              {
                                                "label": "getLastName",
                                                "type": "Invocation",
                                                "children": [
                                                  {
                                                    "label": "userInfo",
                                                    "type": "VariableRead",
                                                    "children": []
                                                  }
                                                ]
                                              }
                                            ]
                                          },
                                          {
                                            "label": "\",\"",
                                            "type": "Literal",
                                            "children": []
                                          }
                                        ]
                                      },
                                      {
                                        "label": "getUserName",
                                        "type": "Invocation",
                                        "children": [
                                          {
                                            "label": "userInfo",
                                            "type": "VariableRead",
                                            "children": []
                                          }
                                        ]
                                      }
                                    ]
                                  },
                                  {
                                    "label": "\",\"",
                                    "type": "Literal",
                                    "children": []
                                  }
                                ]
                              },
                              {
                                "label": "getEmail",
                                "type": "Invocation",
                                "children": [
                                  {
                                    "label": "userInfo",
                                    "type": "VariableRead",
                                    "children": []
                                  }
                                ]
                              }
                            ]
                          },
                          {
                            "label": "\",\"",
                            "type": "Literal",
                            "children": []
                          }
                        ]
                      },
                      {
                        "label": "getPassword",
                        "type": "Invocation",
                        "children": [
                          {
                            "label": "userInfo",
                            "type": "VariableRead",
                            "children": []
                          }
                        ]
                      }
                    ]
                  },
                  {
                    "label": "\",\"",
                    "type": "Literal",
                    "children": []
                  }
                ]
              },
              {
                "label": "getMobileNo",
                "type": "Invocation",
                "children": [
                  {
                    "label": "userInfo",
                    "type": "VariableRead",
                    "children": []
                  }
                ]
              }
            ]
          },
          {
            "label": "\")\"",
            "type": "Literal",
            "children": []
          }
        ]
      },
      {
        "label": "createStatement",
        "type": "Invocation",
        "children": [
          {
            "label": "connection",
            "type": "FieldRead",
            "children": []
          }
        ]
      },
      {
        "label": "sqlQuery",
        "type": "VariableRead",
        "children": []
      }
    ]
  },
  "after_tree": {
    "label": "edit_root",
    "type": "edit_unit",
    "children": [
      {
        "type": "root",
        "children": [],
        "label": "PreparedStatement"
      },
      {
        "label": "\"Insert into User(id,firstName,lastName,userName,email,password,mobileNo) values(?,?,?,?,?,?,?)\"",
        "type": "Literal",
        "children": []
      },
      {
        "label": "prepareStatement",
        "type": "Invocation",
        "children": [
          {
            "label": "connection",
            "type": "FieldRead",
            "children": []
          },
          {
            "label": "sqlQuery",
            "type": "VariableRead",
            "children": []
          }
        ]
      },
      {
        "label": "setObject",
        "type": "Invocation",
        "children": [
          {
            "label": "preStat",
            "type": "VariableRead",
            "children": []
          },
          {
            "label": "1",
            "type": "Literal",
            "children": []
          },
          {
            "label": "getId",
            "type": "Invocation",
            "children": [
              {
                "label": "userInfo",
                "type": "VariableRead",
                "children": []
              }
            ]
          }
        ]
      },
      {
        "label": "setObject",
        "type": "Invocation",
        "children": [
          {
            "label": "preStat",
            "type": "VariableRead",
            "children": []
          },
          {
            "label": "2",
            "type": "Literal",
            "children": []
          },
          {
            "label": "getFirstName",
            "type": "Invocation",
            "children": [
              {
                "label": "userInfo",
                "type": "VariableRead",
                "children": []
              }
            ]
          }
        ]
      },
      {
        "label": "setObject",
        "type": "Invocation",
        "children": [
          {
            "label": "preStat",
            "type": "VariableRead",
            "children": []
          },
          {
            "label": "3",
            "type": "Literal",
            "children": []
          },
          {
            "label": "getLastName",
            "type": "Invocation",
            "children": [
              {
                "label": "userInfo",
                "type": "VariableRead",
                "children": []
              }
            ]
          }
        ]
      },
      {
        "label": "setObject",
        "type": "Invocation",
        "children": [
          {
            "label": "preStat",
            "type": "VariableRead",
            "children": []
          },
          {
            "label": "4",
            "type": "Literal",
            "children": []
          },
          {
            "label": "getUserName",
            "type": "Invocation",
            "children": [
              {
                "label": "userInfo",
                "type": "VariableRead",
                "children": []
              }
            ]
          }
        ]
      },
      {
        "label": "setObject",
        "type": "Invocation",
        "children": [
          {
            "label": "preStat",
            "type": "VariableRead",
            "children": []
          },
          {
            "label": "5",
            "type": "Literal",
            "children": []
          },
          {
            "label": "getEmail",
            "type": "Invocation",
            "children": [
              {
                "label": "userInfo",
                "type": "VariableRead",
                "children": []
              }
            ]
          }
        ]
      },
      {
        "label": "setObject",
        "type": "Invocation",
        "children": [
          {
            "label": "preStat",
            "type": "VariableRead",
            "children": []
          },
          {
            "label": "6",
            "type": "Literal",
            "children": []
          },
          {
            "label": "getPassword",
            "type": "Invocation",
            "children": [
              {
                "label": "userInfo",
                "type": "VariableRead",
                "children": []
              }
            ]
          }
        ]
      },
      {
        "label": "setObject",
        "type": "Invocation",
        "children": [
          {
            "label": "preStat",
            "type": "VariableRead",
            "children": []
          },
          {
            "label": "7",
            "type": "Literal",
            "children": []
          },
          {
            "label": "getMobileNo",
            "type": "Invocation",
            "children": [
              {
                "label": "userInfo",
                "type": "VariableRead",
                "children": []
              }
            ]
          }
        ]
      }
    ]
  }
}