{
  "before_code": "((((((((((((((\"INSERT INTO ingresso ( local, datahora, lugar, quantidade, idcategoria, idtipoingresso, valor) \" + \"VALUES (\") + meia.getLocal()) + \",\") + new java.sql.Date(meia.getDataHora().getTime())) + \",\") + meia.getLugar()) + \",\") + meia.getQuantidade()) + \",\") + meia.getCategoria().getId()) + \",\") + meia.getTipoIngresso().getId()) + \",\") + meia.getValor()) + \")\"\nStatement\ncon.createStatement()\nps.executeQuery(sql)\n",
  "after_code": "\"INSERT INTO ingresso ( local, datahora, lugar, quantidade, idcategoria, idtipoingresso, valor) \" + \"VALUES (?,?,?,?,?,?,?)\"\nPreparedStatement\ncon.prepareStatement(sql)\nps.setObject(1, meia.getLocal())\nps.setDate(2, new java.sql.Date(meia.getDataHora().getTime()))\nps.setObject(3, meia.getLugar())\nps.setObject(4, meia.getQuantidade())\nps.setObject(5, meia.getCategoria().getId())\nps.setObject(6, meia.getTipoIngresso().getId())\nps.setObject(7, meia.getValor())\nps.execute()\n",
  "before_tree": {
    "label": "edit_root",
    "type": "edit_unit",
    "children": [
      {
        "label": "PLUS",
        "type": "BinaryOperator",
        "children": [
          {
            "label": "PLUS",
            "type": "BinaryOperator",
            "children": [
              {
                "label": "PLUS",
                "type": "BinaryOperator",
                "children": [
                  {
                    "label": "PLUS",
                    "type": "BinaryOperator",
                    "children": [
                      {
                        "label": "PLUS",
                        "type": "BinaryOperator",
                        "children": [
                          {
                            "label": "PLUS",
                            "type": "BinaryOperator",
                            "children": [
                              {
                                "label": "PLUS",
                                "type": "BinaryOperator",
                                "children": [
                                  {
                                    "label": "PLUS",
                                    "type": "BinaryOperator",
                                    "children": [
                                      {
                                        "label": "PLUS",
                                        "type": "BinaryOperator",
                                        "children": [
                                          {
                                            "label": "PLUS",
                                            "type": "BinaryOperator",
                                            "children": [
                                              {
                                                "label": "PLUS",
                                                "type": "BinaryOperator",
                                                "children": [
                                                  {
                                                    "label": "PLUS",
                                                    "type": "BinaryOperator",
                                                    "children": [
                                                      {
                                                        "label": "PLUS",
                                                        "type": "BinaryOperator",
                                                        "children": [
                                                          {
                                                            "label": "PLUS",
                                                            "type": "BinaryOperator",
                                                            "children": [
                                                              {
                                                                "label": "PLUS",
                                                                "type": "BinaryOperator",
                                                                "children": [
                                                                  {
                                                                    "label": "\"INSERT INTO ingresso ( local, datahora, lugar, quantidade, idcategoria, idtipoingresso, valor) \"",
                                                                    "type": "Literal",
                                                                    "children": []
                                                                  },
                                                                  {
                                                                    "label": "\"VALUES (\"",
                                                                    "type": "Literal",
                                                                    "children": []
                                                                  }
                                                                ]
                                                              },
                                                              {
                                                                "label": "getLocal",
                                                                "type": "Invocation",
                                                                "children": [
                                                                  {
                                                                    "label": "meia",
                                                                    "type": "VariableRead",
                                                                    "children": []
                                                                  }
                                                                ]
                                                              }
                                                            ]
                                                          },
                                                          {
                                                            "label": "\",\"",
                                                            "type": "Literal",
                                                            "children": []
                                                          }
                                                        ]
                                                      },
                                                      {
                                                        "label": "java.util.Date(java.lang.String)",
                                                        "type": "ConstructorCall",
                                                        "children": [
                                                          {
                                                            "label": "getTime",
                                                            "type": "Invocation",
                                                            "children": [
                                                              {
                                                                "label": "getDataHora",
                                                                "type": "Invocation",
                                                                "children": [
                                                                  {
                                                                    "label": "meia",
                                                                    "type": "VariableRead",
                                                                    "children": []
                                                                  }
                                                                ]
                                                              }
                                                            ]
                                                          }
                                                        ]
                                                      }
                                                    ]
                                                  },
                                                  {
                                                    "label": "\",\"",
                                                    "type": "Literal",
                                                    "children": []
                                                  }
                                                ]
                                              },
                                              {
                                                "label": "getLugar",
                                                "type": "Invocation",
                                                "children": [
                                                  {
                                                    "label": "meia",
                                                    "type": "VariableRead",
                                                    "children": []
                                                  }
                                                ]
                                              }
                                            ]
                                          },
                                          {
                                            "label": "\",\"",
                                            "type": "Literal",
                                            "children": []
                                          }
                                        ]
                                      },
                                      {
                                        "label": "getQuantidade",
                                        "type": "Invocation",
                                        "children": [
                                          {
                                            "label": "meia",
                                            "type": "VariableRead",
                                            "children": []
                                          }
                                        ]
                                      }
                                    ]
                                  },
                                  {
                                    "label": "\",\"",
                                    "type": "Literal",
                                    "children": []
                                  }
                                ]
                              },
                              {
                                "label": "getId",
                                "type": "Invocation",
                                "children": [
                                  {
                                    "label": "getCategoria",
                                    "type": "Invocation",
                                    "children": [
                                      {
                                        "label": "meia",
                                        "type": "VariableRead",
                                        "children": []
                                      }
                                    ]
                                  }
                                ]
                              }
                            ]
                          },
                          {
                            "label": "\",\"",
                            "type": "Literal",
                            "children": []
                          }
                        ]
                      },
                      {
                        "label": "getId",
                        "type": "Invocation",
                        "children": [
                          {
                            "label": "getTipoIngresso",
                            "type": "Invocation",
                            "children": [
                              {
                                "label": "meia",
                                "type": "VariableRead",
                                "children": []
                              }
                            ]
                          }
                        ]
                      }
                    ]
                  },
                  {
                    "label": "\",\"",
                    "type": "Literal",
                    "children": []
                  }
                ]
              },
              {
                "label": "getValor",
                "type": "Invocation",
                "children": [
                  {
                    "label": "meia",
                    "type": "VariableRead",
                    "children": []
                  }
                ]
              }
            ]
          },
          {
            "label": "\")\"",
            "type": "Literal",
            "children": []
          }
        ]
      },
      {
        "type": "root",
        "children": [],
        "label": "Statement"
      },
      {
        "label": "createStatement",
        "type": "Invocation",
        "children": [
          {
            "label": "con",
            "type": "VariableRead",
            "children": []
          }
        ]
      },
      {
        "label": "executeQuery",
        "type": "Invocation",
        "children": [
          {
            "label": "ps",
            "type": "VariableRead",
            "children": []
          },
          {
            "label": "sql",
            "type": "VariableRead",
            "children": []
          }
        ]
      }
    ]
  },
  "after_tree": {
    "label": "edit_root",
    "type": "edit_unit",
    "children": [
      {
        "label": "PLUS",
        "type": "BinaryOperator",
        "children": [
          {
            "label": "\"INSERT INTO ingresso ( local, datahora, lugar, quantidade, idcategoria, idtipoingresso, valor) \"",
            "type": "Literal",
            "children": []
          },
          {
            "label": "\"VALUES (?,?,?,?,?,?,?)\"",
            "type": "Literal",
            "children": []
          }
        ]
      },
      {
        "type": "root",
        "children": [],
        "label": "PreparedStatement"
      },
      {
        "label": "prepareStatement",
        "type": "Invocation",
        "children": [
          {
            "label": "con",
            "type": "VariableRead",
            "children": []
          },
          {
            "label": "sql",
            "type": "VariableRead",
            "children": []
          }
        ]
      },
      {
        "label": "setObject",
        "type": "Invocation",
        "children": [
          {
            "label": "ps",
            "type": "VariableRead",
            "children": []
          },
          {
            "label": "1",
            "type": "Literal",
            "children": []
          },
          {
            "label": "getLocal",
            "type": "Invocation",
            "children": [
              {
                "label": "meia",
                "type": "VariableRead",
                "children": []
              }
            ]
          }
        ]
      },
      {
        "label": "setDate",
        "type": "Invocation",
        "children": [
          {
            "label": "ps",
            "type": "VariableRead",
            "children": []
          },
          {
            "label": "2",
            "type": "Literal",
            "children": []
          },
          {
            "label": "java.util.Date(java.lang.String)",
            "type": "ConstructorCall",
            "children": [
              {
                "label": "getTime",
                "type": "Invocation",
                "children": [
                  {
                    "label": "getDataHora",
                    "type": "Invocation",
                    "children": [
                      {
                        "label": "meia",
                        "type": "VariableRead",
                        "children": []
                      }
                    ]
                  }
                ]
              }
            ]
          }
        ]
      },
      {
        "label": "setObject",
        "type": "Invocation",
        "children": [
          {
            "label": "ps",
            "type": "VariableRead",
            "children": []
          },
          {
            "label": "3",
            "type": "Literal",
            "children": []
          },
          {
            "label": "getLugar",
            "type": "Invocation",
            "children": [
              {
                "label": "meia",
                "type": "VariableRead",
                "children": []
              }
            ]
          }
        ]
      },
      {
        "label": "setObject",
        "type": "Invocation",
        "children": [
          {
            "label": "ps",
            "type": "VariableRead",
            "children": []
          },
          {
            "label": "4",
            "type": "Literal",
            "children": []
          },
          {
            "label": "getQuantidade",
            "type": "Invocation",
            "children": [
              {
                "label": "meia",
                "type": "VariableRead",
                "children": []
              }
            ]
          }
        ]
      },
      {
        "label": "setObject",
        "type": "Invocation",
        "children": [
          {
            "label": "ps",
            "type": "VariableRead",
            "children": []
          },
          {
            "label": "5",
            "type": "Literal",
            "children": []
          },
          {
            "label": "getId",
            "type": "Invocation",
            "children": [
              {
                "label": "getCategoria",
                "type": "Invocation",
                "children": [
                  {
                    "label": "meia",
                    "type": "VariableRead",
                    "children": []
                  }
                ]
              }
            ]
          }
        ]
      },
      {
        "label": "setObject",
        "type": "Invocation",
        "children": [
          {
            "label": "ps",
            "type": "VariableRead",
            "children": []
          },
          {
            "label": "6",
            "type": "Literal",
            "children": []
          },
          {
            "label": "getId",
            "type": "Invocation",
            "children": [
              {
                "label": "getTipoIngresso",
                "type": "Invocation",
                "children": [
                  {
                    "label": "meia",
                    "type": "VariableRead",
                    "children": []
                  }
                ]
              }
            ]
          }
        ]
      },
      {
        "label": "setObject",
        "type": "Invocation",
        "children": [
          {
            "label": "ps",
            "type": "VariableRead",
            "children": []
          },
          {
            "label": "7",
            "type": "Literal",
            "children": []
          },
          {
            "label": "getValor",
            "type": "Invocation",
            "children": [
              {
                "label": "meia",
                "type": "VariableRead",
                "children": []
              }
            ]
          }
        ]
      },
      {
        "label": "execute",
        "type": "Invocation",
        "children": [
          {
            "label": "ps",
            "type": "VariableRead",
            "children": []
          }
        ]
      }
    ]
  }
}