{
  "before_code": "java.lang.String\njava.lang.String sql \u003d ((((((((((((((((((((((((((((\"insert into inception_music \" + (((((\"( musicName, musicStyle,\" + \" musicLanguage, artistName, albumName, \") + \"musicUrl, imageUrl, lyrics, \") + \"publishDate, description, \") + \"uploadedBy, uploadDate, fileLength, musicLength) \") + \"values (\")) + m.getMusicName()) + \" , \") + m.getMusicStyle()) + \" , \") + m.getMusicLanguage()) + \" , \") + m.getArtistName()) + \" , \") + m.getAlbumName()) + \", \") + m.getMusicUrl()) + \", \") + m.getImageUrl()) + \", \") + m.getLyrics()) + \" , \") + m.getPublishDate()) + \" , \") + m.getDescription()) + \", \") + m.getUploadedBy()) + \", \") + DateUtil.getDateTime()) + \", \") + m.getFileLength()) + \", \") + m.getMusicLength()) + \")\"\n(\"insert into inception_music \" + (((((\"( musicName, musicStyle,\" + \" musicLanguage, artistName, albumName, \") + \"musicUrl, imageUrl, lyrics, \") + \"publishDate, description, \") + \"uploadedBy, uploadDate, fileLength, musicLength) \") + \"values (\"))\n\"values (\"\nm.getMusicName()\nm.getMusicStyle()\nm.getMusicLanguage()\nm.getArtistName()\nm.getAlbumName()\nm.getMusicUrl()\nm.getImageUrl()\nm.getLyrics()\nm.getPublishDate()\nm.getDescription()\nm.getUploadedBy()\nDateUtil.getDateTime()\nm.getFileLength()\nm.getMusicLength()\nStatement\nutil.getConnection().createStatement()\nps.executeQuery(sql)\n",
  "after_code": "java.lang.String\njava.lang.String sql \u003d \"insert into inception_music \" + (((((\"( musicName, musicStyle,\" + \" musicLanguage, artistName, albumName, \") + \"musicUrl, imageUrl, lyrics, \") + \"publishDate, description, \") + \"uploadedBy, uploadDate, fileLength, musicLength) \") + \"values (? , ? , ? , ? , ?, ?, ?, ? , ? , ?, ?, ?, ?, ?)\")\n\"insert into inception_music \" + (((((\"( musicName, musicStyle,\" + \" musicLanguage, artistName, albumName, \") + \"musicUrl, imageUrl, lyrics, \") + \"publishDate, description, \") + \"uploadedBy, uploadDate, fileLength, musicLength) \") + \"values (? , ? , ? , ? , ?, ?, ?, ? , ? , ?, ?, ?, ?, ?)\")\n\"values (? , ? , ? , ? , ?, ?, ?, ? , ? , ?, ?, ?, ?, ?)\"\nPreparedStatement\nutil.getConnection().prepareStatement(sql)\nps.setObject(1, m.getMusicName())\nps.setObject(2, m.getMusicStyle())\nps.setObject(3, m.getMusicLanguage())\nps.setObject(4, m.getArtistName())\nps.setObject(5, m.getAlbumName())\nps.setObject(6, m.getMusicUrl())\nps.setObject(7, m.getImageUrl())\nps.setObject(8, m.getLyrics())\nps.setObject(9, m.getPublishDate())\nps.setObject(10, m.getDescription())\nps.setObject(11, m.getUploadedBy())\nps.setObject(12, DateUtil.getDateTime())\nps.setObject(13, m.getFileLength())\nps.setObject(14, m.getMusicLength())\nps.execute()\n",
  "before_tree": {
    "label": "edit_root",
    "type": "edit_unit",
    "children": [
      {
        "type": "root",
        "children": [],
        "label": "java.lang.String"
      },
      {
        "label": "sql",
        "type": "LocalVariable",
        "children": [
          {
            "label": "java.lang.String",
            "type": "VARIABLE_TYPE",
            "children": []
          },
          {
            "label": "PLUS",
            "type": "BinaryOperator",
            "children": [
              {
                "label": "PLUS",
                "type": "BinaryOperator",
                "children": [
                  {
                    "label": "PLUS",
                    "type": "BinaryOperator",
                    "children": [
                      {
                        "label": "PLUS",
                        "type": "BinaryOperator",
                        "children": [
                          {
                            "label": "PLUS",
                            "type": "BinaryOperator",
                            "children": [
                              {
                                "label": "PLUS",
                                "type": "BinaryOperator",
                                "children": [
                                  {
                                    "label": "PLUS",
                                    "type": "BinaryOperator",
                                    "children": [
                                      {
                                        "label": "PLUS",
                                        "type": "BinaryOperator",
                                        "children": [
                                          {
                                            "label": "PLUS",
                                            "type": "BinaryOperator",
                                            "children": [
                                              {
                                                "label": "PLUS",
                                                "type": "BinaryOperator",
                                                "children": [
                                                  {
                                                    "label": "PLUS",
                                                    "type": "BinaryOperator",
                                                    "children": [
                                                      {
                                                        "label": "PLUS",
                                                        "type": "BinaryOperator",
                                                        "children": [
                                                          {
                                                            "label": "PLUS",
                                                            "type": "BinaryOperator",
                                                            "children": [
                                                              {
                                                                "label": "PLUS",
                                                                "type": "BinaryOperator",
                                                                "children": [
                                                                  {
                                                                    "label": "PLUS",
                                                                    "type": "BinaryOperator",
                                                                    "children": [
                                                                      {
                                                                        "label": "PLUS",
                                                                        "type": "BinaryOperator",
                                                                        "children": [
                                                                          {
                                                                            "label": "PLUS",
                                                                            "type": "BinaryOperator",
                                                                            "children": [
                                                                              {
                                                                                "label": "PLUS",
                                                                                "type": "BinaryOperator",
                                                                                "children": [
                                                                                  {
                                                                                    "label": "PLUS",
                                                                                    "type": "BinaryOperator",
                                                                                    "children": [
                                                                                      {
                                                                                        "label": "PLUS",
                                                                                        "type": "BinaryOperator",
                                                                                        "children": [
                                                                                          {
                                                                                            "label": "PLUS",
                                                                                            "type": "BinaryOperator",
                                                                                            "children": [
                                                                                              {
                                                                                                "label": "PLUS",
                                                                                                "type": "BinaryOperator",
                                                                                                "children": [
                                                                                                  {
                                                                                                    "label": "PLUS",
                                                                                                    "type": "BinaryOperator",
                                                                                                    "children": [
                                                                                                      {
                                                                                                        "label": "PLUS",
                                                                                                        "type": "BinaryOperator",
                                                                                                        "children": [
                                                                                                          {
                                                                                                            "label": "PLUS",
                                                                                                            "type": "BinaryOperator",
                                                                                                            "children": [
                                                                                                              {
                                                                                                                "label": "PLUS",
                                                                                                                "type": "BinaryOperator",
                                                                                                                "children": [
                                                                                                                  {
                                                                                                                    "label": "PLUS",
                                                                                                                    "type": "BinaryOperator",
                                                                                                                    "children": [
                                                                                                                      {
                                                                                                                        "label": "PLUS",
                                                                                                                        "type": "BinaryOperator",
                                                                                                                        "children": [
                                                                                                                          {
                                                                                                                            "label": "PLUS",
                                                                                                                            "type": "BinaryOperator",
                                                                                                                            "children": [
                                                                                                                              {
                                                                                                                                "label": "\"insert into inception_music \"",
                                                                                                                                "type": "Literal",
                                                                                                                                "children": []
                                                                                                                              },
                                                                                                                              {
                                                                                                                                "label": "PLUS",
                                                                                                                                "type": "BinaryOperator",
                                                                                                                                "children": [
                                                                                                                                  {
                                                                                                                                    "label": "PLUS",
                                                                                                                                    "type": "BinaryOperator",
                                                                                                                                    "children": [
                                                                                                                                      {
                                                                                                                                        "label": "PLUS",
                                                                                                                                        "type": "BinaryOperator",
                                                                                                                                        "children": [
                                                                                                                                          {
                                                                                                                                            "label": "PLUS",
                                                                                                                                            "type": "BinaryOperator",
                                                                                                                                            "children": [
                                                                                                                                              {
                                                                                                                                                "label": "PLUS",
                                                                                                                                                "type": "BinaryOperator",
                                                                                                                                                "children": [
                                                                                                                                                  {
                                                                                                                                                    "label": "\"( musicName, musicStyle,\"",
                                                                                                                                                    "type": "Literal",
                                                                                                                                                    "children": []
                                                                                                                                                  },
                                                                                                                                                  {
                                                                                                                                                    "label": "\" musicLanguage, artistName, albumName, \"",
                                                                                                                                                    "type": "Literal",
                                                                                                                                                    "children": []
                                                                                                                                                  }
                                                                                                                                                ]
                                                                                                                                              },
                                                                                                                                              {
                                                                                                                                                "label": "\"musicUrl, imageUrl, lyrics, \"",
                                                                                                                                                "type": "Literal",
                                                                                                                                                "children": []
                                                                                                                                              }
                                                                                                                                            ]
                                                                                                                                          },
                                                                                                                                          {
                                                                                                                                            "label": "\"publishDate, description, \"",
                                                                                                                                            "type": "Literal",
                                                                                                                                            "children": []
                                                                                                                                          }
                                                                                                                                        ]
                                                                                                                                      },
                                                                                                                                      {
                                                                                                                                        "label": "\"uploadedBy, uploadDate, fileLength, musicLength) \"",
                                                                                                                                        "type": "Literal",
                                                                                                                                        "children": []
                                                                                                                                      }
                                                                                                                                    ]
                                                                                                                                  },
                                                                                                                                  {
                                                                                                                                    "label": "\"values (\"",
                                                                                                                                    "type": "Literal",
                                                                                                                                    "children": []
                                                                                                                                  }
                                                                                                                                ]
                                                                                                                              }
                                                                                                                            ]
                                                                                                                          },
                                                                                                                          {
                                                                                                                            "label": "getMusicName",
                                                                                                                            "type": "Invocation",
                                                                                                                            "children": [
                                                                                                                              {
                                                                                                                                "label": "m",
                                                                                                                                "type": "VariableRead",
                                                                                                                                "children": []
                                                                                                                              }
                                                                                                                            ]
                                                                                                                          }
                                                                                                                        ]
                                                                                                                      },
                                                                                                                      {
                                                                                                                        "label": "\" , \"",
                                                                                                                        "type": "Literal",
                                                                                                                        "children": []
                                                                                                                      }
                                                                                                                    ]
                                                                                                                  },
                                                                                                                  {
                                                                                                                    "label": "getMusicStyle",
                                                                                                                    "type": "Invocation",
                                                                                                                    "children": [
                                                                                                                      {
                                                                                                                        "label": "m",
                                                                                                                        "type": "VariableRead",
                                                                                                                        "children": []
                                                                                                                      }
                                                                                                                    ]
                                                                                                                  }
                                                                                                                ]
                                                                                                              },
                                                                                                              {
                                                                                                                "label": "\" , \"",
                                                                                                                "type": "Literal",
                                                                                                                "children": []
                                                                                                              }
                                                                                                            ]
                                                                                                          },
                                                                                                          {
                                                                                                            "label": "getMusicLanguage",
                                                                                                            "type": "Invocation",
                                                                                                            "children": [
                                                                                                              {
                                                                                                                "label": "m",
                                                                                                                "type": "VariableRead",
                                                                                                                "children": []
                                                                                                              }
                                                                                                            ]
                                                                                                          }
                                                                                                        ]
                                                                                                      },
                                                                                                      {
                                                                                                        "label": "\" , \"",
                                                                                                        "type": "Literal",
                                                                                                        "children": []
                                                                                                      }
                                                                                                    ]
                                                                                                  },
                                                                                                  {
                                                                                                    "label": "getArtistName",
                                                                                                    "type": "Invocation",
                                                                                                    "children": [
                                                                                                      {
                                                                                                        "label": "m",
                                                                                                        "type": "VariableRead",
                                                                                                        "children": []
                                                                                                      }
                                                                                                    ]
                                                                                                  }
                                                                                                ]
                                                                                              },
                                                                                              {
                                                                                                "label": "\" , \"",
                                                                                                "type": "Literal",
                                                                                                "children": []
                                                                                              }
                                                                                            ]
                                                                                          },
                                                                                          {
                                                                                            "label": "getAlbumName",
                                                                                            "type": "Invocation",
                                                                                            "children": [
                                                                                              {
                                                                                                "label": "m",
                                                                                                "type": "VariableRead",
                                                                                                "children": []
                                                                                              }
                                                                                            ]
                                                                                          }
                                                                                        ]
                                                                                      },
                                                                                      {
                                                                                        "label": "\", \"",
                                                                                        "type": "Literal",
                                                                                        "children": []
                                                                                      }
                                                                                    ]
                                                                                  },
                                                                                  {
                                                                                    "label": "getMusicUrl",
                                                                                    "type": "Invocation",
                                                                                    "children": [
                                                                                      {
                                                                                        "label": "m",
                                                                                        "type": "VariableRead",
                                                                                        "children": []
                                                                                      }
                                                                                    ]
                                                                                  }
                                                                                ]
                                                                              },
                                                                              {
                                                                                "label": "\", \"",
                                                                                "type": "Literal",
                                                                                "children": []
                                                                              }
                                                                            ]
                                                                          },
                                                                          {
                                                                            "label": "getImageUrl",
                                                                            "type": "Invocation",
                                                                            "children": [
                                                                              {
                                                                                "label": "m",
                                                                                "type": "VariableRead",
                                                                                "children": []
                                                                              }
                                                                            ]
                                                                          }
                                                                        ]
                                                                      },
                                                                      {
                                                                        "label": "\", \"",
                                                                        "type": "Literal",
                                                                        "children": []
                                                                      }
                                                                    ]
                                                                  },
                                                                  {
                                                                    "label": "getLyrics",
                                                                    "type": "Invocation",
                                                                    "children": [
                                                                      {
                                                                        "label": "m",
                                                                        "type": "VariableRead",
                                                                        "children": []
                                                                      }
                                                                    ]
                                                                  }
                                                                ]
                                                              },
                                                              {
                                                                "label": "\" , \"",
                                                                "type": "Literal",
                                                                "children": []
                                                              }
                                                            ]
                                                          },
                                                          {
                                                            "label": "getPublishDate",
                                                            "type": "Invocation",
                                                            "children": [
                                                              {
                                                                "label": "m",
                                                                "type": "VariableRead",
                                                                "children": []
                                                              }
                                                            ]
                                                          }
                                                        ]
                                                      },
                                                      {
                                                        "label": "\" , \"",
                                                        "type": "Literal",
                                                        "children": []
                                                      }
                                                    ]
                                                  },
                                                  {
                                                    "label": "getDescription",
                                                    "type": "Invocation",
                                                    "children": [
                                                      {
                                                        "label": "m",
                                                        "type": "VariableRead",
                                                        "children": []
                                                      }
                                                    ]
                                                  }
                                                ]
                                              },
                                              {
                                                "label": "\", \"",
                                                "type": "Literal",
                                                "children": []
                                              }
                                            ]
                                          },
                                          {
                                            "label": "getUploadedBy",
                                            "type": "Invocation",
                                            "children": [
                                              {
                                                "label": "m",
                                                "type": "VariableRead",
                                                "children": []
                                              }
                                            ]
                                          }
                                        ]
                                      },
                                      {
                                        "label": "\", \"",
                                        "type": "Literal",
                                        "children": []
                                      }
                                    ]
                                  },
                                  {
                                    "label": "getDateTime",
                                    "type": "Invocation",
                                    "children": [
                                      {
                                        "label": "DateUtil",
                                        "type": "TypeAccess",
                                        "children": []
                                      }
                                    ]
                                  }
                                ]
                              },
                              {
                                "label": "\", \"",
                                "type": "Literal",
                                "children": []
                              }
                            ]
                          },
                          {
                            "label": "getFileLength",
                            "type": "Invocation",
                            "children": [
                              {
                                "label": "m",
                                "type": "VariableRead",
                                "children": []
                              }
                            ]
                          }
                        ]
                      },
                      {
                        "label": "\", \"",
                        "type": "Literal",
                        "children": []
                      }
                    ]
                  },
                  {
                    "label": "getMusicLength",
                    "type": "Invocation",
                    "children": [
                      {
                        "label": "m",
                        "type": "VariableRead",
                        "children": []
                      }
                    ]
                  }
                ]
              },
              {
                "label": "\")\"",
                "type": "Literal",
                "children": []
              }
            ]
          }
        ]
      },
      {
        "label": "PLUS",
        "type": "BinaryOperator",
        "children": [
          {
            "label": "\"insert into inception_music \"",
            "type": "Literal",
            "children": []
          },
          {
            "label": "PLUS",
            "type": "BinaryOperator",
            "children": [
              {
                "label": "PLUS",
                "type": "BinaryOperator",
                "children": [
                  {
                    "label": "PLUS",
                    "type": "BinaryOperator",
                    "children": [
                      {
                        "label": "PLUS",
                        "type": "BinaryOperator",
                        "children": [
                          {
                            "label": "PLUS",
                            "type": "BinaryOperator",
                            "children": [
                              {
                                "label": "\"( musicName, musicStyle,\"",
                                "type": "Literal",
                                "children": []
                              },
                              {
                                "label": "\" musicLanguage, artistName, albumName, \"",
                                "type": "Literal",
                                "children": []
                              }
                            ]
                          },
                          {
                            "label": "\"musicUrl, imageUrl, lyrics, \"",
                            "type": "Literal",
                            "children": []
                          }
                        ]
                      },
                      {
                        "label": "\"publishDate, description, \"",
                        "type": "Literal",
                        "children": []
                      }
                    ]
                  },
                  {
                    "label": "\"uploadedBy, uploadDate, fileLength, musicLength) \"",
                    "type": "Literal",
                    "children": []
                  }
                ]
              },
              {
                "label": "\"values (\"",
                "type": "Literal",
                "children": []
              }
            ]
          }
        ]
      },
      {
        "label": "\"values (\"",
        "type": "Literal",
        "children": []
      },
      {
        "label": "getMusicName",
        "type": "Invocation",
        "children": [
          {
            "label": "m",
            "type": "VariableRead",
            "children": []
          }
        ]
      },
      {
        "label": "getMusicStyle",
        "type": "Invocation",
        "children": [
          {
            "label": "m",
            "type": "VariableRead",
            "children": []
          }
        ]
      },
      {
        "label": "getMusicLanguage",
        "type": "Invocation",
        "children": [
          {
            "label": "m",
            "type": "VariableRead",
            "children": []
          }
        ]
      },
      {
        "label": "getArtistName",
        "type": "Invocation",
        "children": [
          {
            "label": "m",
            "type": "VariableRead",
            "children": []
          }
        ]
      },
      {
        "label": "getAlbumName",
        "type": "Invocation",
        "children": [
          {
            "label": "m",
            "type": "VariableRead",
            "children": []
          }
        ]
      },
      {
        "label": "getMusicUrl",
        "type": "Invocation",
        "children": [
          {
            "label": "m",
            "type": "VariableRead",
            "children": []
          }
        ]
      },
      {
        "label": "getImageUrl",
        "type": "Invocation",
        "children": [
          {
            "label": "m",
            "type": "VariableRead",
            "children": []
          }
        ]
      },
      {
        "label": "getLyrics",
        "type": "Invocation",
        "children": [
          {
            "label": "m",
            "type": "VariableRead",
            "children": []
          }
        ]
      },
      {
        "label": "getPublishDate",
        "type": "Invocation",
        "children": [
          {
            "label": "m",
            "type": "VariableRead",
            "children": []
          }
        ]
      },
      {
        "label": "getDescription",
        "type": "Invocation",
        "children": [
          {
            "label": "m",
            "type": "VariableRead",
            "children": []
          }
        ]
      },
      {
        "label": "getUploadedBy",
        "type": "Invocation",
        "children": [
          {
            "label": "m",
            "type": "VariableRead",
            "children": []
          }
        ]
      },
      {
        "label": "getDateTime",
        "type": "Invocation",
        "children": [
          {
            "label": "DateUtil",
            "type": "TypeAccess",
            "children": []
          }
        ]
      },
      {
        "label": "getFileLength",
        "type": "Invocation",
        "children": [
          {
            "label": "m",
            "type": "VariableRead",
            "children": []
          }
        ]
      },
      {
        "label": "getMusicLength",
        "type": "Invocation",
        "children": [
          {
            "label": "m",
            "type": "VariableRead",
            "children": []
          }
        ]
      },
      {
        "type": "root",
        "children": [],
        "label": "Statement"
      },
      {
        "label": "createStatement",
        "type": "Invocation",
        "children": [
          {
            "label": "getConnection",
            "type": "Invocation",
            "children": [
              {
                "label": "util",
                "type": "FieldRead",
                "children": []
              }
            ]
          }
        ]
      },
      {
        "label": "executeQuery",
        "type": "Invocation",
        "children": [
          {
            "label": "ps",
            "type": "VariableRead",
            "children": []
          },
          {
            "label": "sql",
            "type": "VariableRead",
            "children": []
          }
        ]
      }
    ]
  },
  "after_tree": {
    "label": "edit_root",
    "type": "edit_unit",
    "children": [
      {
        "type": "root",
        "children": [],
        "label": "java.lang.String"
      },
      {
        "label": "sql",
        "type": "LocalVariable",
        "children": [
          {
            "label": "java.lang.String",
            "type": "VARIABLE_TYPE",
            "children": []
          },
          {
            "label": "PLUS",
            "type": "BinaryOperator",
            "children": [
              {
                "label": "\"insert into inception_music \"",
                "type": "Literal",
                "children": []
              },
              {
                "label": "PLUS",
                "type": "BinaryOperator",
                "children": [
                  {
                    "label": "PLUS",
                    "type": "BinaryOperator",
                    "children": [
                      {
                        "label": "PLUS",
                        "type": "BinaryOperator",
                        "children": [
                          {
                            "label": "PLUS",
                            "type": "BinaryOperator",
                            "children": [
                              {
                                "label": "PLUS",
                                "type": "BinaryOperator",
                                "children": [
                                  {
                                    "label": "\"( musicName, musicStyle,\"",
                                    "type": "Literal",
                                    "children": []
                                  },
                                  {
                                    "label": "\" musicLanguage, artistName, albumName, \"",
                                    "type": "Literal",
                                    "children": []
                                  }
                                ]
                              },
                              {
                                "label": "\"musicUrl, imageUrl, lyrics, \"",
                                "type": "Literal",
                                "children": []
                              }
                            ]
                          },
                          {
                            "label": "\"publishDate, description, \"",
                            "type": "Literal",
                            "children": []
                          }
                        ]
                      },
                      {
                        "label": "\"uploadedBy, uploadDate, fileLength, musicLength) \"",
                        "type": "Literal",
                        "children": []
                      }
                    ]
                  },
                  {
                    "label": "\"values (? , ? , ? , ? , ?, ?, ?, ? , ? , ?, ?, ?, ?, ?)\"",
                    "type": "Literal",
                    "children": []
                  }
                ]
              }
            ]
          }
        ]
      },
      {
        "label": "PLUS",
        "type": "BinaryOperator",
        "children": [
          {
            "label": "\"insert into inception_music \"",
            "type": "Literal",
            "children": []
          },
          {
            "label": "PLUS",
            "type": "BinaryOperator",
            "children": [
              {
                "label": "PLUS",
                "type": "BinaryOperator",
                "children": [
                  {
                    "label": "PLUS",
                    "type": "BinaryOperator",
                    "children": [
                      {
                        "label": "PLUS",
                        "type": "BinaryOperator",
                        "children": [
                          {
                            "label": "PLUS",
                            "type": "BinaryOperator",
                            "children": [
                              {
                                "label": "\"( musicName, musicStyle,\"",
                                "type": "Literal",
                                "children": []
                              },
                              {
                                "label": "\" musicLanguage, artistName, albumName, \"",
                                "type": "Literal",
                                "children": []
                              }
                            ]
                          },
                          {
                            "label": "\"musicUrl, imageUrl, lyrics, \"",
                            "type": "Literal",
                            "children": []
                          }
                        ]
                      },
                      {
                        "label": "\"publishDate, description, \"",
                        "type": "Literal",
                        "children": []
                      }
                    ]
                  },
                  {
                    "label": "\"uploadedBy, uploadDate, fileLength, musicLength) \"",
                    "type": "Literal",
                    "children": []
                  }
                ]
              },
              {
                "label": "\"values (? , ? , ? , ? , ?, ?, ?, ? , ? , ?, ?, ?, ?, ?)\"",
                "type": "Literal",
                "children": []
              }
            ]
          }
        ]
      },
      {
        "label": "\"values (? , ? , ? , ? , ?, ?, ?, ? , ? , ?, ?, ?, ?, ?)\"",
        "type": "Literal",
        "children": []
      },
      {
        "type": "root",
        "children": [],
        "label": "PreparedStatement"
      },
      {
        "label": "prepareStatement",
        "type": "Invocation",
        "children": [
          {
            "label": "getConnection",
            "type": "Invocation",
            "children": [
              {
                "label": "util",
                "type": "FieldRead",
                "children": []
              }
            ]
          },
          {
            "label": "sql",
            "type": "VariableRead",
            "children": []
          }
        ]
      },
      {
        "label": "setObject",
        "type": "Invocation",
        "children": [
          {
            "label": "ps",
            "type": "VariableRead",
            "children": []
          },
          {
            "label": "1",
            "type": "Literal",
            "children": []
          },
          {
            "label": "getMusicName",
            "type": "Invocation",
            "children": [
              {
                "label": "m",
                "type": "VariableRead",
                "children": []
              }
            ]
          }
        ]
      },
      {
        "label": "setObject",
        "type": "Invocation",
        "children": [
          {
            "label": "ps",
            "type": "VariableRead",
            "children": []
          },
          {
            "label": "2",
            "type": "Literal",
            "children": []
          },
          {
            "label": "getMusicStyle",
            "type": "Invocation",
            "children": [
              {
                "label": "m",
                "type": "VariableRead",
                "children": []
              }
            ]
          }
        ]
      },
      {
        "label": "setObject",
        "type": "Invocation",
        "children": [
          {
            "label": "ps",
            "type": "VariableRead",
            "children": []
          },
          {
            "label": "3",
            "type": "Literal",
            "children": []
          },
          {
            "label": "getMusicLanguage",
            "type": "Invocation",
            "children": [
              {
                "label": "m",
                "type": "VariableRead",
                "children": []
              }
            ]
          }
        ]
      },
      {
        "label": "setObject",
        "type": "Invocation",
        "children": [
          {
            "label": "ps",
            "type": "VariableRead",
            "children": []
          },
          {
            "label": "4",
            "type": "Literal",
            "children": []
          },
          {
            "label": "getArtistName",
            "type": "Invocation",
            "children": [
              {
                "label": "m",
                "type": "VariableRead",
                "children": []
              }
            ]
          }
        ]
      },
      {
        "label": "setObject",
        "type": "Invocation",
        "children": [
          {
            "label": "ps",
            "type": "VariableRead",
            "children": []
          },
          {
            "label": "5",
            "type": "Literal",
            "children": []
          },
          {
            "label": "getAlbumName",
            "type": "Invocation",
            "children": [
              {
                "label": "m",
                "type": "VariableRead",
                "children": []
              }
            ]
          }
        ]
      },
      {
        "label": "setObject",
        "type": "Invocation",
        "children": [
          {
            "label": "ps",
            "type": "VariableRead",
            "children": []
          },
          {
            "label": "6",
            "type": "Literal",
            "children": []
          },
          {
            "label": "getMusicUrl",
            "type": "Invocation",
            "children": [
              {
                "label": "m",
                "type": "VariableRead",
                "children": []
              }
            ]
          }
        ]
      },
      {
        "label": "setObject",
        "type": "Invocation",
        "children": [
          {
            "label": "ps",
            "type": "VariableRead",
            "children": []
          },
          {
            "label": "7",
            "type": "Literal",
            "children": []
          },
          {
            "label": "getImageUrl",
            "type": "Invocation",
            "children": [
              {
                "label": "m",
                "type": "VariableRead",
                "children": []
              }
            ]
          }
        ]
      },
      {
        "label": "setObject",
        "type": "Invocation",
        "children": [
          {
            "label": "ps",
            "type": "VariableRead",
            "children": []
          },
          {
            "label": "8",
            "type": "Literal",
            "children": []
          },
          {
            "label": "getLyrics",
            "type": "Invocation",
            "children": [
              {
                "label": "m",
                "type": "VariableRead",
                "children": []
              }
            ]
          }
        ]
      },
      {
        "label": "setObject",
        "type": "Invocation",
        "children": [
          {
            "label": "ps",
            "type": "VariableRead",
            "children": []
          },
          {
            "label": "9",
            "type": "Literal",
            "children": []
          },
          {
            "label": "getPublishDate",
            "type": "Invocation",
            "children": [
              {
                "label": "m",
                "type": "VariableRead",
                "children": []
              }
            ]
          }
        ]
      },
      {
        "label": "setObject",
        "type": "Invocation",
        "children": [
          {
            "label": "ps",
            "type": "VariableRead",
            "children": []
          },
          {
            "label": "10",
            "type": "Literal",
            "children": []
          },
          {
            "label": "getDescription",
            "type": "Invocation",
            "children": [
              {
                "label": "m",
                "type": "VariableRead",
                "children": []
              }
            ]
          }
        ]
      },
      {
        "label": "setObject",
        "type": "Invocation",
        "children": [
          {
            "label": "ps",
            "type": "VariableRead",
            "children": []
          },
          {
            "label": "11",
            "type": "Literal",
            "children": []
          },
          {
            "label": "getUploadedBy",
            "type": "Invocation",
            "children": [
              {
                "label": "m",
                "type": "VariableRead",
                "children": []
              }
            ]
          }
        ]
      },
      {
        "label": "setObject",
        "type": "Invocation",
        "children": [
          {
            "label": "ps",
            "type": "VariableRead",
            "children": []
          },
          {
            "label": "12",
            "type": "Literal",
            "children": []
          },
          {
            "label": "getDateTime",
            "type": "Invocation",
            "children": [
              {
                "label": "DateUtil",
                "type": "TypeAccess",
                "children": []
              }
            ]
          }
        ]
      },
      {
        "label": "setObject",
        "type": "Invocation",
        "children": [
          {
            "label": "ps",
            "type": "VariableRead",
            "children": []
          },
          {
            "label": "13",
            "type": "Literal",
            "children": []
          },
          {
            "label": "getFileLength",
            "type": "Invocation",
            "children": [
              {
                "label": "m",
                "type": "VariableRead",
                "children": []
              }
            ]
          }
        ]
      },
      {
        "label": "setObject",
        "type": "Invocation",
        "children": [
          {
            "label": "ps",
            "type": "VariableRead",
            "children": []
          },
          {
            "label": "14",
            "type": "Literal",
            "children": []
          },
          {
            "label": "getMusicLength",
            "type": "Invocation",
            "children": [
              {
                "label": "m",
                "type": "VariableRead",
                "children": []
              }
            ]
          }
        ]
      },
      {
        "label": "execute",
        "type": "Invocation",
        "children": [
          {
            "label": "ps",
            "type": "VariableRead",
            "children": []
          }
        ]
      }
    ]
  }
}