{
  "before_code": "Statement\nconn.createStatement()\nconn\nResultSet rs \u003d (mid \u003e\u003d 999999999) ? stmt.executeQuery((\"SELECT message.* FROM message, patients WHERE message.to_id\u003dpatients.mid AND message.from_id\u003d\" + mid) + \" ORDER BY patients.lastName ASC, patients.firstName ASC, message.sent_date ASC\") : stmt.executeQuery((\"SELECT message.* FROM message, personnel WHERE message.to_id\u003dpersonnel.mid AND message.from_id\u003d\" + mid) + \" ORDER BY personnel.lastName ASC, personnel.firstName ASC, message.sent_date ASC\")\n",
  "after_code": "PreparedStatement\n(mid \u003e\u003d 999999999) ? conn.prepareStatement(\"SELECT message.* FROM message, patients WHERE message.to_id\u003dpatients.mid AND message.from_id\u003d? ORDER BY patients.lastName ASC, patients.firstName ASC, message.sent_date ASC\") : conn.prepareStatement(\"SELECT message.* FROM message, personnel WHERE message.to_id\u003dpersonnel.mid AND message.from_id\u003d? ORDER BY personnel.lastName ASC, personnel.firstName ASC, message.sent_date ASC\")\nmid \u003e\u003d 999999999\nconn\nstmt.setLong(1, mid)\nResultSet rs \u003d stmt.executeQuery()\n",
  "before_tree": {
    "label": "edit_root",
    "type": "edit_unit",
    "children": [
      {
        "type": "root",
        "children": [],
        "label": "Statement"
      },
      {
        "label": "createStatement",
        "type": "Invocation",
        "children": [
          {
            "label": "conn",
            "type": "VariableRead",
            "children": []
          }
        ]
      },
      {
        "label": "conn",
        "type": "VariableRead",
        "children": []
      },
      {
        "label": "rs",
        "type": "LocalVariable",
        "children": [
          {
            "label": "ResultSet",
            "type": "VARIABLE_TYPE",
            "children": []
          },
          {
            "label": "",
            "type": "Conditional",
            "children": [
              {
                "label": "GE",
                "type": "BinaryOperator",
                "children": [
                  {
                    "label": "mid",
                    "type": "VariableRead",
                    "children": []
                  },
                  {
                    "label": "999999999",
                    "type": "Literal",
                    "children": []
                  }
                ]
              },
              {
                "label": "executeQuery",
                "type": "Invocation",
                "children": [
                  {
                    "label": "stmt",
                    "type": "VariableRead",
                    "children": []
                  },
                  {
                    "label": "PLUS",
                    "type": "BinaryOperator",
                    "children": [
                      {
                        "label": "PLUS",
                        "type": "BinaryOperator",
                        "children": [
                          {
                            "label": "\"SELECT message.* FROM message, patients WHERE message.to_id\u003dpatients.mid AND message.from_id\u003d\"",
                            "type": "Literal",
                            "children": []
                          },
                          {
                            "label": "mid",
                            "type": "VariableRead",
                            "children": []
                          }
                        ]
                      },
                      {
                        "label": "\" ORDER BY patients.lastName ASC, patients.firstName ASC, message.sent_date ASC\"",
                        "type": "Literal",
                        "children": []
                      }
                    ]
                  }
                ]
              },
              {
                "label": "executeQuery",
                "type": "Invocation",
                "children": [
                  {
                    "label": "stmt",
                    "type": "VariableRead",
                    "children": []
                  },
                  {
                    "label": "PLUS",
                    "type": "BinaryOperator",
                    "children": [
                      {
                        "label": "PLUS",
                        "type": "BinaryOperator",
                        "children": [
                          {
                            "label": "\"SELECT message.* FROM message, personnel WHERE message.to_id\u003dpersonnel.mid AND message.from_id\u003d\"",
                            "type": "Literal",
                            "children": []
                          },
                          {
                            "label": "mid",
                            "type": "VariableRead",
                            "children": []
                          }
                        ]
                      },
                      {
                        "label": "\" ORDER BY personnel.lastName ASC, personnel.firstName ASC, message.sent_date ASC\"",
                        "type": "Literal",
                        "children": []
                      }
                    ]
                  }
                ]
              }
            ]
          }
        ]
      }
    ]
  },
  "after_tree": {
    "label": "edit_root",
    "type": "edit_unit",
    "children": [
      {
        "type": "root",
        "children": [],
        "label": "PreparedStatement"
      },
      {
        "label": "",
        "type": "Conditional",
        "children": [
          {
            "label": "GE",
            "type": "BinaryOperator",
            "children": [
              {
                "label": "mid",
                "type": "VariableRead",
                "children": []
              },
              {
                "label": "999999999",
                "type": "Literal",
                "children": []
              }
            ]
          },
          {
            "label": "prepareStatement",
            "type": "Invocation",
            "children": [
              {
                "label": "conn",
                "type": "VariableRead",
                "children": []
              },
              {
                "label": "\"SELECT message.* FROM message, patients WHERE message.to_id\u003dpatients.mid AND message.from_id\u003d? ORDER BY patients.lastName ASC, patients.firstName ASC, message.sent_date ASC\"",
                "type": "Literal",
                "children": []
              }
            ]
          },
          {
            "label": "prepareStatement",
            "type": "Invocation",
            "children": [
              {
                "label": "conn",
                "type": "VariableRead",
                "children": []
              },
              {
                "label": "\"SELECT message.* FROM message, personnel WHERE message.to_id\u003dpersonnel.mid AND message.from_id\u003d? ORDER BY personnel.lastName ASC, personnel.firstName ASC, message.sent_date ASC\"",
                "type": "Literal",
                "children": []
              }
            ]
          }
        ]
      },
      {
        "label": "GE",
        "type": "BinaryOperator",
        "children": [
          {
            "label": "mid",
            "type": "VariableRead",
            "children": []
          },
          {
            "label": "999999999",
            "type": "Literal",
            "children": []
          }
        ]
      },
      {
        "label": "conn",
        "type": "VariableRead",
        "children": []
      },
      {
        "label": "setLong",
        "type": "Invocation",
        "children": [
          {
            "label": "stmt",
            "type": "VariableRead",
            "children": []
          },
          {
            "label": "1",
            "type": "Literal",
            "children": []
          },
          {
            "label": "mid",
            "type": "VariableRead",
            "children": []
          }
        ]
      },
      {
        "label": "rs",
        "type": "LocalVariable",
        "children": [
          {
            "label": "ResultSet",
            "type": "VARIABLE_TYPE",
            "children": []
          },
          {
            "label": "executeQuery",
            "type": "Invocation",
            "children": [
              {
                "label": "stmt",
                "type": "VariableRead",
                "children": []
              }
            ]
          }
        ]
      }
    ]
  }
}