{
  "before_code": "Statement\n((((((((\"update \" + TBL_NAME) + \" set \") + FIELD_NOME) + \"\u003d\") + mappa.getNome()) + \"where \") + FIELD_ID) + \"\u003d\") + id_mappa\nconn.createStatement()\nst.executeUpdate(query)\n",
  "after_code": "PreparedStatement\n\"update ? set ?\u003d? \" + \"where ?\u003d?\"\nconn.prepareStatement(query)\nst.setObject(1, TBL_NAME)\nst.setObject(2, FIELD_NOME)\nst.setObject(3, mappa.getNome())\nst.setObject(4, FIELD_ID)\nst.setObject(5, id_mappa)\nst.executeUpdate()\n",
  "before_tree": {
    "label": "edit_root",
    "type": "edit_unit",
    "children": [
      {
        "type": "root",
        "children": [],
        "label": "Statement"
      },
      {
        "label": "PLUS",
        "type": "BinaryOperator",
        "children": [
          {
            "label": "PLUS",
            "type": "BinaryOperator",
            "children": [
              {
                "label": "PLUS",
                "type": "BinaryOperator",
                "children": [
                  {
                    "label": "PLUS",
                    "type": "BinaryOperator",
                    "children": [
                      {
                        "label": "PLUS",
                        "type": "BinaryOperator",
                        "children": [
                          {
                            "label": "PLUS",
                            "type": "BinaryOperator",
                            "children": [
                              {
                                "label": "PLUS",
                                "type": "BinaryOperator",
                                "children": [
                                  {
                                    "label": "PLUS",
                                    "type": "BinaryOperator",
                                    "children": [
                                      {
                                        "label": "PLUS",
                                        "type": "BinaryOperator",
                                        "children": [
                                          {
                                            "label": "\"update \"",
                                            "type": "Literal",
                                            "children": []
                                          },
                                          {
                                            "label": "TBL_NAME",
                                            "type": "FieldRead",
                                            "children": []
                                          }
                                        ]
                                      },
                                      {
                                        "label": "\" set \"",
                                        "type": "Literal",
                                        "children": []
                                      }
                                    ]
                                  },
                                  {
                                    "label": "FIELD_NOME",
                                    "type": "FieldRead",
                                    "children": []
                                  }
                                ]
                              },
                              {
                                "label": "\"\u003d\"",
                                "type": "Literal",
                                "children": []
                              }
                            ]
                          },
                          {
                            "label": "getNome",
                            "type": "Invocation",
                            "children": [
                              {
                                "label": "mappa",
                                "type": "VariableRead",
                                "children": []
                              }
                            ]
                          }
                        ]
                      },
                      {
                        "label": "\"where \"",
                        "type": "Literal",
                        "children": []
                      }
                    ]
                  },
                  {
                    "label": "FIELD_ID",
                    "type": "FieldRead",
                    "children": []
                  }
                ]
              },
              {
                "label": "\"\u003d\"",
                "type": "Literal",
                "children": []
              }
            ]
          },
          {
            "label": "id_mappa",
            "type": "VariableRead",
            "children": []
          }
        ]
      },
      {
        "label": "createStatement",
        "type": "Invocation",
        "children": [
          {
            "label": "conn",
            "type": "FieldRead",
            "children": []
          }
        ]
      },
      {
        "label": "executeUpdate",
        "type": "Invocation",
        "children": [
          {
            "label": "st",
            "type": "VariableRead",
            "children": []
          },
          {
            "label": "query",
            "type": "VariableRead",
            "children": []
          }
        ]
      }
    ]
  },
  "after_tree": {
    "label": "edit_root",
    "type": "edit_unit",
    "children": [
      {
        "type": "root",
        "children": [],
        "label": "PreparedStatement"
      },
      {
        "label": "PLUS",
        "type": "BinaryOperator",
        "children": [
          {
            "label": "\"update ? set ?\u003d? \"",
            "type": "Literal",
            "children": []
          },
          {
            "label": "\"where ?\u003d?\"",
            "type": "Literal",
            "children": []
          }
        ]
      },
      {
        "label": "prepareStatement",
        "type": "Invocation",
        "children": [
          {
            "label": "conn",
            "type": "FieldRead",
            "children": []
          },
          {
            "label": "query",
            "type": "VariableRead",
            "children": []
          }
        ]
      },
      {
        "label": "setObject",
        "type": "Invocation",
        "children": [
          {
            "label": "st",
            "type": "VariableRead",
            "children": []
          },
          {
            "label": "1",
            "type": "Literal",
            "children": []
          },
          {
            "label": "TBL_NAME",
            "type": "TypeAccess",
            "children": []
          }
        ]
      },
      {
        "label": "setObject",
        "type": "Invocation",
        "children": [
          {
            "label": "st",
            "type": "VariableRead",
            "children": []
          },
          {
            "label": "2",
            "type": "Literal",
            "children": []
          },
          {
            "label": "FIELD_NOME",
            "type": "TypeAccess",
            "children": []
          }
        ]
      },
      {
        "label": "setObject",
        "type": "Invocation",
        "children": [
          {
            "label": "st",
            "type": "VariableRead",
            "children": []
          },
          {
            "label": "3",
            "type": "Literal",
            "children": []
          },
          {
            "label": "getNome",
            "type": "Invocation",
            "children": [
              {
                "label": "mappa",
                "type": "VariableRead",
                "children": []
              }
            ]
          }
        ]
      },
      {
        "label": "setObject",
        "type": "Invocation",
        "children": [
          {
            "label": "st",
            "type": "VariableRead",
            "children": []
          },
          {
            "label": "4",
            "type": "Literal",
            "children": []
          },
          {
            "label": "FIELD_ID",
            "type": "TypeAccess",
            "children": []
          }
        ]
      },
      {
        "label": "setObject",
        "type": "Invocation",
        "children": [
          {
            "label": "st",
            "type": "VariableRead",
            "children": []
          },
          {
            "label": "5",
            "type": "Literal",
            "children": []
          },
          {
            "label": "id_mappa",
            "type": "VariableRead",
            "children": []
          }
        ]
      },
      {
        "label": "executeUpdate",
        "type": "Invocation",
        "children": [
          {
            "label": "st",
            "type": "VariableRead",
            "children": []
          }
        ]
      }
    ]
  }
}