{
  "before_code": "((((\"SELECT * \" + (\"FROM evolutionary_distance \" + \"WHERE organism_1 like \u0027\")) + organismName) + \"\u0027 OR organism_2 like \u0027\") + organismName)\n\"\u0027 ORDER BY CAST(evolutionary_distance AS float)  \"\n\" LIMIT \"\ntop\nStatement\nconn.createStatement()\nquery\n",
  "after_code": "\"SELECT * \"\n\"FROM evolutionary_distance \"\n\"WHERE organism_1 like \u0027?\u0027 OR organism_2 like \u0027?\u0027 ORDER BY CAST(evolutionary_distance AS float)  \"\n\" LIMIT ?\"\nPreparedStatement\nconn.prepareStatement(query)\nstmt.setObject(1, organismName)\nstmt.setObject(2, organismName)\nstmt.setObject(3, top)\n",
  "before_tree": {
    "label": "edit_root",
    "type": "edit_unit",
    "children": [
      {
        "label": "PLUS",
        "type": "BinaryOperator",
        "children": [
          {
            "label": "PLUS",
            "type": "BinaryOperator",
            "children": [
              {
                "label": "PLUS",
                "type": "BinaryOperator",
                "children": [
                  {
                    "label": "PLUS",
                    "type": "BinaryOperator",
                    "children": [
                      {
                        "label": "\"SELECT * \"",
                        "type": "Literal",
                        "children": []
                      },
                      {
                        "label": "PLUS",
                        "type": "BinaryOperator",
                        "children": [
                          {
                            "label": "\"FROM evolutionary_distance \"",
                            "type": "Literal",
                            "children": []
                          },
                          {
                            "label": "\"WHERE organism_1 like \u0027\"",
                            "type": "Literal",
                            "children": []
                          }
                        ]
                      }
                    ]
                  },
                  {
                    "label": "organismName",
                    "type": "VariableRead",
                    "children": []
                  }
                ]
              },
              {
                "label": "\"\u0027 OR organism_2 like \u0027\"",
                "type": "Literal",
                "children": []
              }
            ]
          },
          {
            "label": "organismName",
            "type": "VariableRead",
            "children": []
          }
        ]
      },
      {
        "label": "\"\u0027 ORDER BY CAST(evolutionary_distance AS float)  \"",
        "type": "Literal",
        "children": []
      },
      {
        "label": "\" LIMIT \"",
        "type": "Literal",
        "children": []
      },
      {
        "label": "top",
        "type": "VariableRead",
        "children": []
      },
      {
        "type": "root",
        "children": [],
        "label": "Statement"
      },
      {
        "label": "createStatement",
        "type": "Invocation",
        "children": [
          {
            "label": "conn",
            "type": "VariableRead",
            "children": []
          }
        ]
      },
      {
        "label": "query",
        "type": "VariableRead",
        "children": []
      }
    ]
  },
  "after_tree": {
    "label": "edit_root",
    "type": "edit_unit",
    "children": [
      {
        "label": "\"SELECT * \"",
        "type": "Literal",
        "children": []
      },
      {
        "label": "\"FROM evolutionary_distance \"",
        "type": "Literal",
        "children": []
      },
      {
        "label": "\"WHERE organism_1 like \u0027?\u0027 OR organism_2 like \u0027?\u0027 ORDER BY CAST(evolutionary_distance AS float)  \"",
        "type": "Literal",
        "children": []
      },
      {
        "label": "\" LIMIT ?\"",
        "type": "Literal",
        "children": []
      },
      {
        "type": "root",
        "children": [],
        "label": "PreparedStatement"
      },
      {
        "label": "prepareStatement",
        "type": "Invocation",
        "children": [
          {
            "label": "conn",
            "type": "VariableRead",
            "children": []
          },
          {
            "label": "query",
            "type": "VariableRead",
            "children": []
          }
        ]
      },
      {
        "label": "setObject",
        "type": "Invocation",
        "children": [
          {
            "label": "stmt",
            "type": "VariableRead",
            "children": []
          },
          {
            "label": "1",
            "type": "Literal",
            "children": []
          },
          {
            "label": "organismName",
            "type": "VariableRead",
            "children": []
          }
        ]
      },
      {
        "label": "setObject",
        "type": "Invocation",
        "children": [
          {
            "label": "stmt",
            "type": "VariableRead",
            "children": []
          },
          {
            "label": "2",
            "type": "Literal",
            "children": []
          },
          {
            "label": "organismName",
            "type": "VariableRead",
            "children": []
          }
        ]
      },
      {
        "label": "setObject",
        "type": "Invocation",
        "children": [
          {
            "label": "stmt",
            "type": "VariableRead",
            "children": []
          },
          {
            "label": "3",
            "type": "Literal",
            "children": []
          },
          {
            "label": "top",
            "type": "VariableRead",
            "children": []
          }
        ]
      }
    ]
  }
}