{
  "before_code": "conn.createStatement()\n(\"SELECT player FROM stats WHERE player \u003d \u0027\" + p.getUniqueId().toString()) + \"\u0027\"\n",
  "after_code": "java.lang.String query \u003d \"SELECT player FROM stats WHERE player \u003d \u0027?\u0027\"\nconn.prepareStatement(query)\nstate.setObject(1, p.getUniqueId().toString())\n",
  "before_tree": {
    "label": "edit_root",
    "type": "edit_unit",
    "children": [
      {
        "label": "createStatement",
        "type": "Invocation",
        "children": [
          {
            "label": "conn",
            "type": "FieldRead",
            "children": []
          }
        ]
      },
      {
        "label": "PLUS",
        "type": "BinaryOperator",
        "children": [
          {
            "label": "PLUS",
            "type": "BinaryOperator",
            "children": [
              {
                "label": "\"SELECT player FROM stats WHERE player \u003d \u0027\"",
                "type": "Literal",
                "children": []
              },
              {
                "label": "toString",
                "type": "Invocation",
                "children": [
                  {
                    "label": "getUniqueId",
                    "type": "Invocation",
                    "children": [
                      {
                        "label": "p",
                        "type": "VariableRead",
                        "children": []
                      }
                    ]
                  }
                ]
              }
            ]
          },
          {
            "label": "\"\u0027\"",
            "type": "Literal",
            "children": []
          }
        ]
      }
    ]
  },
  "after_tree": {
    "label": "edit_root",
    "type": "edit_unit",
    "children": [
      {
        "label": "query",
        "type": "LocalVariable",
        "children": [
          {
            "label": "java.lang.String",
            "type": "VARIABLE_TYPE",
            "children": []
          },
          {
            "label": "\"SELECT player FROM stats WHERE player \u003d \u0027?\u0027\"",
            "type": "Literal",
            "children": []
          }
        ]
      },
      {
        "label": "prepareStatement",
        "type": "Invocation",
        "children": [
          {
            "label": "conn",
            "type": "FieldRead",
            "children": []
          },
          {
            "label": "query",
            "type": "VariableRead",
            "children": []
          }
        ]
      },
      {
        "label": "setObject",
        "type": "Invocation",
        "children": [
          {
            "label": "state",
            "type": "VariableRead",
            "children": []
          },
          {
            "label": "1",
            "type": "Literal",
            "children": []
          },
          {
            "label": "toString",
            "type": "Invocation",
            "children": [
              {
                "label": "getUniqueId",
                "type": "Invocation",
                "children": [
                  {
                    "label": "p",
                    "type": "VariableRead",
                    "children": []
                  }
                ]
              }
            ]
          }
        ]
      }
    ]
  }
}