{
  "before_code": "Statement\nconn.createStatement()\njava.lang.String persona \u003d (\"select * from practica7.PERSONA where ID \u003d \" + ID) + \";\"\npersona\njava.lang.String\njava.lang.String bibliotecari \u003d (\"select * from practica7.BIBLIOTECARI where ID \u003d \" + ID) + \";\"\n",
  "after_code": "java.lang.String persona \u003d \"select * from practica7.PERSONA where ID \u003d ?;\"\nPreparedStatement\nconn.prepareStatement(persona)\nrebBibliotecariStmt.setObject(1, ID)\njava.lang.String\njava.lang.String bibliotecari \u003d \"select * from practica7.BIBLIOTECARI where ID \u003d ?;\"\nrebBibliotecariStmt \u003d conn.prepareStatement(bibliotecari)\nrebBibliotecariStmt.setObject(1, ID)\n",
  "before_tree": {
    "label": "edit_root",
    "type": "edit_unit",
    "children": [
      {
        "type": "root",
        "children": [],
        "label": "Statement"
      },
      {
        "label": "createStatement",
        "type": "Invocation",
        "children": [
          {
            "label": "conn",
            "type": "VariableRead",
            "children": []
          }
        ]
      },
      {
        "label": "persona",
        "type": "LocalVariable",
        "children": [
          {
            "label": "java.lang.String",
            "type": "VARIABLE_TYPE",
            "children": []
          },
          {
            "label": "PLUS",
            "type": "BinaryOperator",
            "children": [
              {
                "label": "PLUS",
                "type": "BinaryOperator",
                "children": [
                  {
                    "label": "\"select * from practica7.PERSONA where ID \u003d \"",
                    "type": "Literal",
                    "children": []
                  },
                  {
                    "label": "ID",
                    "type": "VariableRead",
                    "children": []
                  }
                ]
              },
              {
                "label": "\";\"",
                "type": "Literal",
                "children": []
              }
            ]
          }
        ]
      },
      {
        "label": "persona",
        "type": "VariableRead",
        "children": []
      },
      {
        "type": "root",
        "children": [],
        "label": "java.lang.String"
      },
      {
        "label": "bibliotecari",
        "type": "LocalVariable",
        "children": [
          {
            "label": "java.lang.String",
            "type": "VARIABLE_TYPE",
            "children": []
          },
          {
            "label": "PLUS",
            "type": "BinaryOperator",
            "children": [
              {
                "label": "PLUS",
                "type": "BinaryOperator",
                "children": [
                  {
                    "label": "\"select * from practica7.BIBLIOTECARI where ID \u003d \"",
                    "type": "Literal",
                    "children": []
                  },
                  {
                    "label": "ID",
                    "type": "VariableRead",
                    "children": []
                  }
                ]
              },
              {
                "label": "\";\"",
                "type": "Literal",
                "children": []
              }
            ]
          }
        ]
      }
    ]
  },
  "after_tree": {
    "label": "edit_root",
    "type": "edit_unit",
    "children": [
      {
        "label": "persona",
        "type": "LocalVariable",
        "children": [
          {
            "label": "java.lang.String",
            "type": "VARIABLE_TYPE",
            "children": []
          },
          {
            "label": "\"select * from practica7.PERSONA where ID \u003d ?;\"",
            "type": "Literal",
            "children": []
          }
        ]
      },
      {
        "type": "root",
        "children": [],
        "label": "PreparedStatement"
      },
      {
        "label": "prepareStatement",
        "type": "Invocation",
        "children": [
          {
            "label": "conn",
            "type": "VariableRead",
            "children": []
          },
          {
            "label": "persona",
            "type": "VariableRead",
            "children": []
          }
        ]
      },
      {
        "label": "setObject",
        "type": "Invocation",
        "children": [
          {
            "label": "rebBibliotecariStmt",
            "type": "VariableRead",
            "children": []
          },
          {
            "label": "1",
            "type": "Literal",
            "children": []
          },
          {
            "label": "ID",
            "type": "VariableRead",
            "children": []
          }
        ]
      },
      {
        "type": "root",
        "children": [],
        "label": "java.lang.String"
      },
      {
        "label": "bibliotecari",
        "type": "LocalVariable",
        "children": [
          {
            "label": "java.lang.String",
            "type": "VARIABLE_TYPE",
            "children": []
          },
          {
            "label": "\"select * from practica7.BIBLIOTECARI where ID \u003d ?;\"",
            "type": "Literal",
            "children": []
          }
        ]
      },
      {
        "label": "\u003d",
        "type": "Assignment",
        "children": [
          {
            "label": "rebBibliotecariStmt",
            "type": "VariableWrite",
            "children": []
          },
          {
            "label": "prepareStatement",
            "type": "Invocation",
            "children": [
              {
                "label": "conn",
                "type": "VariableRead",
                "children": []
              },
              {
                "label": "bibliotecari",
                "type": "VariableRead",
                "children": []
              }
            ]
          }
        ]
      },
      {
        "label": "setObject",
        "type": "Invocation",
        "children": [
          {
            "label": "rebBibliotecariStmt",
            "type": "VariableRead",
            "children": []
          },
          {
            "label": "1",
            "type": "Literal",
            "children": []
          },
          {
            "label": "ID",
            "type": "VariableRead",
            "children": []
          }
        ]
      }
    ]
  }
}