{
  "before_code": "Statement\nconn.createStatement()\nstmt.executeUpdate(\"UPDATE message SET been_read\u003d1 WHERE message_id\u003d\" + mBean.getMessageId())\n",
  "after_code": "PreparedStatement\nconn.prepareStatement(\"UPDATE message SET been_read\u003d1 WHERE message_id\u003d?\")\nstmt.setLong(1, mBean.getMessageId())\nstmt.executeUpdate()\n",
  "before_tree": {
    "label": "edit_root",
    "type": "edit_unit",
    "children": [
      {
        "type": "root",
        "children": [],
        "label": "Statement"
      },
      {
        "label": "createStatement",
        "type": "Invocation",
        "children": [
          {
            "label": "conn",
            "type": "VariableRead",
            "children": []
          }
        ]
      },
      {
        "label": "executeUpdate",
        "type": "Invocation",
        "children": [
          {
            "label": "stmt",
            "type": "VariableRead",
            "children": []
          },
          {
            "label": "PLUS",
            "type": "BinaryOperator",
            "children": [
              {
                "label": "\"UPDATE message SET been_read\u003d1 WHERE message_id\u003d\"",
                "type": "Literal",
                "children": []
              },
              {
                "label": "getMessageId",
                "type": "Invocation",
                "children": [
                  {
                    "label": "mBean",
                    "type": "VariableRead",
                    "children": []
                  }
                ]
              }
            ]
          }
        ]
      }
    ]
  },
  "after_tree": {
    "label": "edit_root",
    "type": "edit_unit",
    "children": [
      {
        "type": "root",
        "children": [],
        "label": "PreparedStatement"
      },
      {
        "label": "prepareStatement",
        "type": "Invocation",
        "children": [
          {
            "label": "conn",
            "type": "VariableRead",
            "children": []
          },
          {
            "label": "\"UPDATE message SET been_read\u003d1 WHERE message_id\u003d?\"",
            "type": "Literal",
            "children": []
          }
        ]
      },
      {
        "label": "setLong",
        "type": "Invocation",
        "children": [
          {
            "label": "stmt",
            "type": "VariableRead",
            "children": []
          },
          {
            "label": "1",
            "type": "Literal",
            "children": []
          },
          {
            "label": "getMessageId",
            "type": "Invocation",
            "children": [
              {
                "label": "mBean",
                "type": "VariableRead",
                "children": []
              }
            ]
          }
        ]
      },
      {
        "label": "executeUpdate",
        "type": "Invocation",
        "children": [
          {
            "label": "stmt",
            "type": "VariableRead",
            "children": []
          }
        ]
      }
    ]
  }
}