{
  "before_code": "Statement\n\"SELECT * FROM CUSTOMER WHERE CUSTOMER_ID\u003d\" + customerFetchParams.getCustomerId()\ncon.createStatement()\nquery\n",
  "after_code": "PreparedStatement\n\"SELECT * FROM CUSTOMER WHERE CUSTOMER_ID\u003d?\"\ncon.prepareStatement(query)\nstmt.setLong(1, customerFetchParams.getCustomerId())\n",
  "before_tree": {
    "label": "edit_root",
    "type": "edit_unit",
    "children": [
      {
        "type": "root",
        "children": [],
        "label": "Statement"
      },
      {
        "label": "PLUS",
        "type": "BinaryOperator",
        "children": [
          {
            "label": "\"SELECT * FROM CUSTOMER WHERE CUSTOMER_ID\u003d\"",
            "type": "Literal",
            "children": []
          },
          {
            "label": "getCustomerId",
            "type": "Invocation",
            "children": [
              {
                "label": "customerFetchParams",
                "type": "VariableRead",
                "children": []
              }
            ]
          }
        ]
      },
      {
        "label": "createStatement",
        "type": "Invocation",
        "children": [
          {
            "label": "con",
            "type": "VariableRead",
            "children": []
          }
        ]
      },
      {
        "label": "query",
        "type": "VariableRead",
        "children": []
      }
    ]
  },
  "after_tree": {
    "label": "edit_root",
    "type": "edit_unit",
    "children": [
      {
        "type": "root",
        "children": [],
        "label": "PreparedStatement"
      },
      {
        "label": "\"SELECT * FROM CUSTOMER WHERE CUSTOMER_ID\u003d?\"",
        "type": "Literal",
        "children": []
      },
      {
        "label": "prepareStatement",
        "type": "Invocation",
        "children": [
          {
            "label": "con",
            "type": "VariableRead",
            "children": []
          },
          {
            "label": "query",
            "type": "VariableRead",
            "children": []
          }
        ]
      },
      {
        "label": "setLong",
        "type": "Invocation",
        "children": [
          {
            "label": "stmt",
            "type": "VariableRead",
            "children": []
          },
          {
            "label": "1",
            "type": "Literal",
            "children": []
          },
          {
            "label": "getCustomerId",
            "type": "Invocation",
            "children": [
              {
                "label": "customerFetchParams",
                "type": "VariableRead",
                "children": []
              }
            ]
          }
        ]
      }
    ]
  }
}