{
  "before_code": "Statement statement \u003d connection.createStatement()\ncardNum\nResultSet\nResultSet results \u003d statement.executeQuery(statementBuilder.toString())\nstatement.executeQuery(statementBuilder.toString())\nstatement\nuser.getUsername()\ncardNum\ncardCSV\nstatement.executeUpdate(statementBuilder.toString())\n",
  "after_code": "\"?\"\nPreparedStatement\nPreparedStatement statement \u003d connection.prepareStatement(statementBuilder.toString())\nconnection.prepareStatement(statementBuilder.toString())\nconnection\nstatement.setObject(1, cardNum)\nResultSet results \u003d statement.executeQuery()\n\"?\"\n\"?\"\n\"?\"\nstatement \u003d connection.prepareStatement(statementBuilder.toString())\nstatement.setObject(1, user.getUsername())\nstatement.setObject(2, cardNum)\nstatement.setObject(3, cardCSV)\nstatement.executeUpdate()\n",
  "before_tree": {
    "label": "edit_root",
    "type": "edit_unit",
    "children": [
      {
        "label": "statement",
        "type": "LocalVariable",
        "children": [
          {
            "label": "Statement",
            "type": "VARIABLE_TYPE",
            "children": []
          },
          {
            "label": "createStatement",
            "type": "Invocation",
            "children": [
              {
                "label": "connection",
                "type": "VariableRead",
                "children": []
              }
            ]
          }
        ]
      },
      {
        "label": "cardNum",
        "type": "VariableRead",
        "children": []
      },
      {
        "type": "root",
        "children": [],
        "label": "ResultSet"
      },
      {
        "label": "results",
        "type": "LocalVariable",
        "children": [
          {
            "label": "ResultSet",
            "type": "VARIABLE_TYPE",
            "children": []
          },
          {
            "label": "executeQuery",
            "type": "Invocation",
            "children": [
              {
                "label": "statement",
                "type": "VariableRead",
                "children": []
              },
              {
                "label": "toString",
                "type": "Invocation",
                "children": [
                  {
                    "label": "statementBuilder",
                    "type": "VariableRead",
                    "children": []
                  }
                ]
              }
            ]
          }
        ]
      },
      {
        "label": "executeQuery",
        "type": "Invocation",
        "children": [
          {
            "label": "statement",
            "type": "VariableRead",
            "children": []
          },
          {
            "label": "toString",
            "type": "Invocation",
            "children": [
              {
                "label": "statementBuilder",
                "type": "VariableRead",
                "children": []
              }
            ]
          }
        ]
      },
      {
        "label": "statement",
        "type": "VariableRead",
        "children": []
      },
      {
        "label": "getUsername",
        "type": "Invocation",
        "children": [
          {
            "label": "user",
            "type": "VariableRead",
            "children": []
          }
        ]
      },
      {
        "label": "cardNum",
        "type": "VariableRead",
        "children": []
      },
      {
        "label": "cardCSV",
        "type": "VariableRead",
        "children": []
      },
      {
        "label": "executeUpdate",
        "type": "Invocation",
        "children": [
          {
            "label": "statement",
            "type": "VariableRead",
            "children": []
          },
          {
            "label": "toString",
            "type": "Invocation",
            "children": [
              {
                "label": "statementBuilder",
                "type": "VariableRead",
                "children": []
              }
            ]
          }
        ]
      }
    ]
  },
  "after_tree": {
    "label": "edit_root",
    "type": "edit_unit",
    "children": [
      {
        "label": "\"?\"",
        "type": "Literal",
        "children": []
      },
      {
        "type": "root",
        "children": [],
        "label": "PreparedStatement"
      },
      {
        "label": "statement",
        "type": "LocalVariable",
        "children": [
          {
            "label": "PreparedStatement",
            "type": "VARIABLE_TYPE",
            "children": []
          },
          {
            "label": "prepareStatement",
            "type": "Invocation",
            "children": [
              {
                "label": "connection",
                "type": "VariableRead",
                "children": []
              },
              {
                "label": "toString",
                "type": "Invocation",
                "children": [
                  {
                    "label": "statementBuilder",
                    "type": "VariableRead",
                    "children": []
                  }
                ]
              }
            ]
          }
        ]
      },
      {
        "label": "prepareStatement",
        "type": "Invocation",
        "children": [
          {
            "label": "connection",
            "type": "VariableRead",
            "children": []
          },
          {
            "label": "toString",
            "type": "Invocation",
            "children": [
              {
                "label": "statementBuilder",
                "type": "VariableRead",
                "children": []
              }
            ]
          }
        ]
      },
      {
        "label": "connection",
        "type": "VariableRead",
        "children": []
      },
      {
        "label": "setObject",
        "type": "Invocation",
        "children": [
          {
            "label": "statement",
            "type": "VariableRead",
            "children": []
          },
          {
            "label": "1",
            "type": "Literal",
            "children": []
          },
          {
            "label": "cardNum",
            "type": "VariableRead",
            "children": []
          }
        ]
      },
      {
        "label": "results",
        "type": "LocalVariable",
        "children": [
          {
            "label": "ResultSet",
            "type": "VARIABLE_TYPE",
            "children": []
          },
          {
            "label": "executeQuery",
            "type": "Invocation",
            "children": [
              {
                "label": "statement",
                "type": "VariableRead",
                "children": []
              }
            ]
          }
        ]
      },
      {
        "label": "\"?\"",
        "type": "Literal",
        "children": []
      },
      {
        "label": "\"?\"",
        "type": "Literal",
        "children": []
      },
      {
        "label": "\"?\"",
        "type": "Literal",
        "children": []
      },
      {
        "label": "\u003d",
        "type": "Assignment",
        "children": [
          {
            "label": "statement",
            "type": "VariableWrite",
            "children": []
          },
          {
            "label": "prepareStatement",
            "type": "Invocation",
            "children": [
              {
                "label": "connection",
                "type": "VariableRead",
                "children": []
              },
              {
                "label": "toString",
                "type": "Invocation",
                "children": [
                  {
                    "label": "statementBuilder",
                    "type": "VariableRead",
                    "children": []
                  }
                ]
              }
            ]
          }
        ]
      },
      {
        "label": "setObject",
        "type": "Invocation",
        "children": [
          {
            "label": "statement",
            "type": "VariableRead",
            "children": []
          },
          {
            "label": "1",
            "type": "Literal",
            "children": []
          },
          {
            "label": "getUsername",
            "type": "Invocation",
            "children": [
              {
                "label": "user",
                "type": "VariableRead",
                "children": []
              }
            ]
          }
        ]
      },
      {
        "label": "setObject",
        "type": "Invocation",
        "children": [
          {
            "label": "statement",
            "type": "VariableRead",
            "children": []
          },
          {
            "label": "2",
            "type": "Literal",
            "children": []
          },
          {
            "label": "cardNum",
            "type": "VariableRead",
            "children": []
          }
        ]
      },
      {
        "label": "setObject",
        "type": "Invocation",
        "children": [
          {
            "label": "statement",
            "type": "VariableRead",
            "children": []
          },
          {
            "label": "3",
            "type": "Literal",
            "children": []
          },
          {
            "label": "cardCSV",
            "type": "VariableRead",
            "children": []
          }
        ]
      },
      {
        "label": "executeUpdate",
        "type": "Invocation",
        "children": [
          {
            "label": "statement",
            "type": "VariableRead",
            "children": []
          }
        ]
      }
    ]
  }
}