{
  "before_code": "\"SELECT * FROM cotizaciones WHERE idrequisicion\u003d\" + idrequisicion\nResultSet\nResultSet rs \u003d con.CONSULTAR(sql)\ncon.CONSULTAR(sql)\n",
  "after_code": "\"SELECT * FROM cotizaciones WHERE idrequisicion\u003d?\"\nPreparedStatement\nPreparedStatement pssql \u003d con.prepareStatement(sql)\ncon.prepareStatement(sql)\npssql.setObject(1, idrequisicion)\nResultSet rs \u003d pssql.executeQuery()\n",
  "before_tree": {
    "label": "edit_root",
    "type": "edit_unit",
    "children": [
      {
        "label": "PLUS",
        "type": "BinaryOperator",
        "children": [
          {
            "label": "\"SELECT * FROM cotizaciones WHERE idrequisicion\u003d\"",
            "type": "Literal",
            "children": []
          },
          {
            "label": "idrequisicion",
            "type": "VariableRead",
            "children": []
          }
        ]
      },
      {
        "type": "root",
        "children": [],
        "label": "ResultSet"
      },
      {
        "label": "rs",
        "type": "LocalVariable",
        "children": [
          {
            "label": "ResultSet",
            "type": "VARIABLE_TYPE",
            "children": []
          },
          {
            "label": "CONSULTAR",
            "type": "Invocation",
            "children": [
              {
                "label": "con",
                "type": "VariableRead",
                "children": []
              },
              {
                "label": "sql",
                "type": "VariableRead",
                "children": []
              }
            ]
          }
        ]
      },
      {
        "label": "CONSULTAR",
        "type": "Invocation",
        "children": [
          {
            "label": "con",
            "type": "VariableRead",
            "children": []
          },
          {
            "label": "sql",
            "type": "VariableRead",
            "children": []
          }
        ]
      }
    ]
  },
  "after_tree": {
    "label": "edit_root",
    "type": "edit_unit",
    "children": [
      {
        "label": "\"SELECT * FROM cotizaciones WHERE idrequisicion\u003d?\"",
        "type": "Literal",
        "children": []
      },
      {
        "type": "root",
        "children": [],
        "label": "PreparedStatement"
      },
      {
        "label": "pssql",
        "type": "LocalVariable",
        "children": [
          {
            "label": "PreparedStatement",
            "type": "VARIABLE_TYPE",
            "children": []
          },
          {
            "label": "prepareStatement",
            "type": "Invocation",
            "children": [
              {
                "label": "con",
                "type": "VariableRead",
                "children": []
              },
              {
                "label": "sql",
                "type": "VariableRead",
                "children": []
              }
            ]
          }
        ]
      },
      {
        "label": "prepareStatement",
        "type": "Invocation",
        "children": [
          {
            "label": "con",
            "type": "VariableRead",
            "children": []
          },
          {
            "label": "sql",
            "type": "VariableRead",
            "children": []
          }
        ]
      },
      {
        "label": "setObject",
        "type": "Invocation",
        "children": [
          {
            "label": "pssql",
            "type": "VariableRead",
            "children": []
          },
          {
            "label": "1",
            "type": "Literal",
            "children": []
          },
          {
            "label": "idrequisicion",
            "type": "VariableRead",
            "children": []
          }
        ]
      },
      {
        "label": "rs",
        "type": "LocalVariable",
        "children": [
          {
            "label": "ResultSet",
            "type": "VARIABLE_TYPE",
            "children": []
          },
          {
            "label": "executeQuery",
            "type": "Invocation",
            "children": [
              {
                "label": "pssql",
                "type": "VariableRead",
                "children": []
              }
            ]
          }
        ]
      }
    ]
  }
}