{
  "before_code": "\"SELECT fldProgress FROM tblAchievements WHERE id\u003d\" + ID\nStatement\nconn.createStatement()\nsql\n",
  "after_code": "\"SELECT fldProgress FROM tblAchievements WHERE id\u003d?\"\nPreparedStatement\nconn.prepareStatement(sql)\nstmt.setObject(1, ID)\n",
  "before_tree": {
    "label": "edit_root",
    "type": "edit_unit",
    "children": [
      {
        "label": "PLUS",
        "type": "BinaryOperator",
        "children": [
          {
            "label": "\"SELECT fldProgress FROM tblAchievements WHERE id\u003d\"",
            "type": "Literal",
            "children": []
          },
          {
            "label": "ID",
            "type": "VariableRead",
            "children": []
          }
        ]
      },
      {
        "type": "root",
        "children": [],
        "label": "Statement"
      },
      {
        "label": "createStatement",
        "type": "Invocation",
        "children": [
          {
            "label": "conn",
            "type": "VariableRead",
            "children": []
          }
        ]
      },
      {
        "label": "sql",
        "type": "VariableRead",
        "children": []
      }
    ]
  },
  "after_tree": {
    "label": "edit_root",
    "type": "edit_unit",
    "children": [
      {
        "label": "\"SELECT fldProgress FROM tblAchievements WHERE id\u003d?\"",
        "type": "Literal",
        "children": []
      },
      {
        "type": "root",
        "children": [],
        "label": "PreparedStatement"
      },
      {
        "label": "prepareStatement",
        "type": "Invocation",
        "children": [
          {
            "label": "conn",
            "type": "VariableRead",
            "children": []
          },
          {
            "label": "sql",
            "type": "VariableRead",
            "children": []
          }
        ]
      },
      {
        "label": "setObject",
        "type": "Invocation",
        "children": [
          {
            "label": "stmt",
            "type": "VariableRead",
            "children": []
          },
          {
            "label": "1",
            "type": "Literal",
            "children": []
          },
          {
            "label": "ID",
            "type": "VariableRead",
            "children": []
          }
        ]
      }
    ]
  }
}