{
  "before_code": "Statement\n((\"SELECT * FROM cart WHERE id\u003d\" + id) + \" AND no\u003d\") + no\nconn.createStatement()\nsql\n",
  "after_code": "PreparedStatement\n\"SELECT * FROM cart WHERE id\u003d? AND no\u003d?\"\nconn.prepareStatement(sql)\nps.setObject(1, id)\nps.setObject(2, no)\n",
  "before_tree": {
    "label": "edit_root",
    "type": "edit_unit",
    "children": [
      {
        "type": "root",
        "children": [],
        "label": "Statement"
      },
      {
        "label": "PLUS",
        "type": "BinaryOperator",
        "children": [
          {
            "label": "PLUS",
            "type": "BinaryOperator",
            "children": [
              {
                "label": "PLUS",
                "type": "BinaryOperator",
                "children": [
                  {
                    "label": "\"SELECT * FROM cart WHERE id\u003d\"",
                    "type": "Literal",
                    "children": []
                  },
                  {
                    "label": "id",
                    "type": "VariableRead",
                    "children": []
                  }
                ]
              },
              {
                "label": "\" AND no\u003d\"",
                "type": "Literal",
                "children": []
              }
            ]
          },
          {
            "label": "no",
            "type": "VariableRead",
            "children": []
          }
        ]
      },
      {
        "label": "createStatement",
        "type": "Invocation",
        "children": [
          {
            "label": "conn",
            "type": "VariableRead",
            "children": []
          }
        ]
      },
      {
        "label": "sql",
        "type": "VariableRead",
        "children": []
      }
    ]
  },
  "after_tree": {
    "label": "edit_root",
    "type": "edit_unit",
    "children": [
      {
        "type": "root",
        "children": [],
        "label": "PreparedStatement"
      },
      {
        "label": "\"SELECT * FROM cart WHERE id\u003d? AND no\u003d?\"",
        "type": "Literal",
        "children": []
      },
      {
        "label": "prepareStatement",
        "type": "Invocation",
        "children": [
          {
            "label": "conn",
            "type": "VariableRead",
            "children": []
          },
          {
            "label": "sql",
            "type": "VariableRead",
            "children": []
          }
        ]
      },
      {
        "label": "setObject",
        "type": "Invocation",
        "children": [
          {
            "label": "ps",
            "type": "VariableRead",
            "children": []
          },
          {
            "label": "1",
            "type": "Literal",
            "children": []
          },
          {
            "label": "id",
            "type": "VariableRead",
            "children": []
          }
        ]
      },
      {
        "label": "setObject",
        "type": "Invocation",
        "children": [
          {
            "label": "ps",
            "type": "VariableRead",
            "children": []
          },
          {
            "label": "2",
            "type": "Literal",
            "children": []
          },
          {
            "label": "no",
            "type": "VariableRead",
            "children": []
          }
        ]
      }
    ]
  }
}