{
  "before_code": "Statement\n((((\"select * from \" + TBL_NAME) + \" where \") + FIELD_ID) + \"\u003d\") + search_id\nconn.createStatement()\nquery\n",
  "after_code": "PreparedStatement\n\"select * from ? where ?\u003d?\"\nconn.prepareStatement(query)\nst.setObject(1, TBL_NAME)\nst.setObject(2, FIELD_ID)\nst.setObject(3, search_id)\n",
  "before_tree": {
    "label": "edit_root",
    "type": "edit_unit",
    "children": [
      {
        "type": "root",
        "children": [],
        "label": "Statement"
      },
      {
        "label": "PLUS",
        "type": "BinaryOperator",
        "children": [
          {
            "label": "PLUS",
            "type": "BinaryOperator",
            "children": [
              {
                "label": "PLUS",
                "type": "BinaryOperator",
                "children": [
                  {
                    "label": "PLUS",
                    "type": "BinaryOperator",
                    "children": [
                      {
                        "label": "PLUS",
                        "type": "BinaryOperator",
                        "children": [
                          {
                            "label": "\"select * from \"",
                            "type": "Literal",
                            "children": []
                          },
                          {
                            "label": "TBL_NAME",
                            "type": "FieldRead",
                            "children": []
                          }
                        ]
                      },
                      {
                        "label": "\" where \"",
                        "type": "Literal",
                        "children": []
                      }
                    ]
                  },
                  {
                    "label": "FIELD_ID",
                    "type": "FieldRead",
                    "children": []
                  }
                ]
              },
              {
                "label": "\"\u003d\"",
                "type": "Literal",
                "children": []
              }
            ]
          },
          {
            "label": "search_id",
            "type": "VariableRead",
            "children": []
          }
        ]
      },
      {
        "label": "createStatement",
        "type": "Invocation",
        "children": [
          {
            "label": "conn",
            "type": "FieldRead",
            "children": []
          }
        ]
      },
      {
        "label": "query",
        "type": "VariableRead",
        "children": []
      }
    ]
  },
  "after_tree": {
    "label": "edit_root",
    "type": "edit_unit",
    "children": [
      {
        "type": "root",
        "children": [],
        "label": "PreparedStatement"
      },
      {
        "label": "\"select * from ? where ?\u003d?\"",
        "type": "Literal",
        "children": []
      },
      {
        "label": "prepareStatement",
        "type": "Invocation",
        "children": [
          {
            "label": "conn",
            "type": "FieldRead",
            "children": []
          },
          {
            "label": "query",
            "type": "VariableRead",
            "children": []
          }
        ]
      },
      {
        "label": "setObject",
        "type": "Invocation",
        "children": [
          {
            "label": "st",
            "type": "VariableRead",
            "children": []
          },
          {
            "label": "1",
            "type": "Literal",
            "children": []
          },
          {
            "label": "TBL_NAME",
            "type": "TypeAccess",
            "children": []
          }
        ]
      },
      {
        "label": "setObject",
        "type": "Invocation",
        "children": [
          {
            "label": "st",
            "type": "VariableRead",
            "children": []
          },
          {
            "label": "2",
            "type": "Literal",
            "children": []
          },
          {
            "label": "FIELD_ID",
            "type": "TypeAccess",
            "children": []
          }
        ]
      },
      {
        "label": "setObject",
        "type": "Invocation",
        "children": [
          {
            "label": "st",
            "type": "VariableRead",
            "children": []
          },
          {
            "label": "3",
            "type": "Literal",
            "children": []
          },
          {
            "label": "search_id",
            "type": "VariableRead",
            "children": []
          }
        ]
      }
    ]
  }
}