{
  "before_code": "Statement\nconn.createStatement()\nstate.executeUpdate((\"INSERT INTO `stats` (`player`, `kills`, `deaths`) VALUES (\u0027\" + p.getUniqueId().toString()) + \"\u0027, \u00270\u0027, \u00270\u0027)\")\n",
  "after_code": "PreparedStatement\njava.lang.String query \u003d \"INSERT INTO `stats` (`player`, `kills`, `deaths`) VALUES (\u0027?\u0027, \u00270\u0027, \u00270\u0027)\"\nconn.prepareStatement(query)\nstate.setObject(1, p.getUniqueId().toString())\nstate.executeUpdate()\n",
  "before_tree": {
    "label": "edit_root",
    "type": "edit_unit",
    "children": [
      {
        "type": "root",
        "children": [],
        "label": "Statement"
      },
      {
        "label": "createStatement",
        "type": "Invocation",
        "children": [
          {
            "label": "conn",
            "type": "FieldRead",
            "children": []
          }
        ]
      },
      {
        "label": "executeUpdate",
        "type": "Invocation",
        "children": [
          {
            "label": "state",
            "type": "VariableRead",
            "children": []
          },
          {
            "label": "PLUS",
            "type": "BinaryOperator",
            "children": [
              {
                "label": "PLUS",
                "type": "BinaryOperator",
                "children": [
                  {
                    "label": "\"INSERT INTO `stats` (`player`, `kills`, `deaths`) VALUES (\u0027\"",
                    "type": "Literal",
                    "children": []
                  },
                  {
                    "label": "toString",
                    "type": "Invocation",
                    "children": [
                      {
                        "label": "getUniqueId",
                        "type": "Invocation",
                        "children": [
                          {
                            "label": "p",
                            "type": "VariableRead",
                            "children": []
                          }
                        ]
                      }
                    ]
                  }
                ]
              },
              {
                "label": "\"\u0027, \u00270\u0027, \u00270\u0027)\"",
                "type": "Literal",
                "children": []
              }
            ]
          }
        ]
      }
    ]
  },
  "after_tree": {
    "label": "edit_root",
    "type": "edit_unit",
    "children": [
      {
        "type": "root",
        "children": [],
        "label": "PreparedStatement"
      },
      {
        "label": "query",
        "type": "LocalVariable",
        "children": [
          {
            "label": "java.lang.String",
            "type": "VARIABLE_TYPE",
            "children": []
          },
          {
            "label": "\"INSERT INTO `stats` (`player`, `kills`, `deaths`) VALUES (\u0027?\u0027, \u00270\u0027, \u00270\u0027)\"",
            "type": "Literal",
            "children": []
          }
        ]
      },
      {
        "label": "prepareStatement",
        "type": "Invocation",
        "children": [
          {
            "label": "conn",
            "type": "FieldRead",
            "children": []
          },
          {
            "label": "query",
            "type": "VariableRead",
            "children": []
          }
        ]
      },
      {
        "label": "setObject",
        "type": "Invocation",
        "children": [
          {
            "label": "state",
            "type": "VariableRead",
            "children": []
          },
          {
            "label": "1",
            "type": "Literal",
            "children": []
          },
          {
            "label": "toString",
            "type": "Invocation",
            "children": [
              {
                "label": "getUniqueId",
                "type": "Invocation",
                "children": [
                  {
                    "label": "p",
                    "type": "VariableRead",
                    "children": []
                  }
                ]
              }
            ]
          }
        ]
      },
      {
        "label": "executeUpdate",
        "type": "Invocation",
        "children": [
          {
            "label": "state",
            "type": "VariableRead",
            "children": []
          }
        ]
      }
    ]
  }
}