{
  "before_code": "((((((((((((((\"INSERT INTO Notas\" + \"(aberta,usuario_abriu,titulo,texto,cor,prazo_final_nota,data_criacao) values(\") + nota.getAberta()) + \",\") + nota.getUsuario_abriu()) + \",\") + nota.getTitulo()) + \",\") + nota.getTexto()) + \",\") + nota.getCor()) + \",\") + new Date(nota.getPrazo_final().getTimeInMillis())) + \",\") + new Date(nota.getData_criacao().getTimeInMillis())) + \")\"\nStatement\nconnection.createStatement()\ncatch (SQLException e) {\r\n    e.printStackTrace();\r\n}\nsql\ncatch (SQLException e) {\r\n    e.printStackTrace();\r\n}\n",
  "after_code": "\"INSERT INTO Notas\" + \"(aberta,usuario_abriu,titulo,texto,cor,prazo_final_nota,data_criacao) values(?,?,?,?,?,?,?)\"\nPreparedStatement\nconnection.prepareStatement(sql)\ncatch (SQLException e) {\r\n    e.printStackTrace();\r\n}\ntry {\r\n    stmt.setObject(1, nota.getAberta());\r\n} catch (SQLException e) {\r\n    e.printStackTrace();\r\n}\ntry {\r\n    stmt.setObject(2, nota.getUsuario_abriu());\r\n} catch (SQLException e) {\r\n    e.printStackTrace();\r\n}\ntry {\r\n    stmt.setObject(3, nota.getTitulo());\r\n} catch (SQLException e) {\r\n    e.printStackTrace();\r\n}\ntry {\r\n    stmt.setObject(4, nota.getTexto());\r\n} catch (SQLException e) {\r\n    e.printStackTrace();\r\n}\ntry {\r\n    stmt.setObject(5, nota.getCor());\r\n} catch (SQLException e) {\r\n    e.printStackTrace();\r\n}\ntry {\r\n    stmt.setDate(6, new Date(nota.getPrazo_final().getTimeInMillis()));\r\n} catch (SQLException e) {\r\n    e.printStackTrace();\r\n}\ntry {\r\n    stmt.setDate(7, new Date(nota.getData_criacao().getTimeInMillis()));\r\n} catch (SQLException e) {\r\n    e.printStackTrace();\r\n}\ncatch (SQLException e) {\r\n    e.printStackTrace();\r\n}\n",
  "before_tree": {
    "label": "edit_root",
    "type": "edit_unit",
    "children": [
      {
        "label": "PLUS",
        "type": "BinaryOperator",
        "children": [
          {
            "label": "PLUS",
            "type": "BinaryOperator",
            "children": [
              {
                "label": "PLUS",
                "type": "BinaryOperator",
                "children": [
                  {
                    "label": "PLUS",
                    "type": "BinaryOperator",
                    "children": [
                      {
                        "label": "PLUS",
                        "type": "BinaryOperator",
                        "children": [
                          {
                            "label": "PLUS",
                            "type": "BinaryOperator",
                            "children": [
                              {
                                "label": "PLUS",
                                "type": "BinaryOperator",
                                "children": [
                                  {
                                    "label": "PLUS",
                                    "type": "BinaryOperator",
                                    "children": [
                                      {
                                        "label": "PLUS",
                                        "type": "BinaryOperator",
                                        "children": [
                                          {
                                            "label": "PLUS",
                                            "type": "BinaryOperator",
                                            "children": [
                                              {
                                                "label": "PLUS",
                                                "type": "BinaryOperator",
                                                "children": [
                                                  {
                                                    "label": "PLUS",
                                                    "type": "BinaryOperator",
                                                    "children": [
                                                      {
                                                        "label": "PLUS",
                                                        "type": "BinaryOperator",
                                                        "children": [
                                                          {
                                                            "label": "PLUS",
                                                            "type": "BinaryOperator",
                                                            "children": [
                                                              {
                                                                "label": "PLUS",
                                                                "type": "BinaryOperator",
                                                                "children": [
                                                                  {
                                                                    "label": "\"INSERT INTO Notas\"",
                                                                    "type": "Literal",
                                                                    "children": []
                                                                  },
                                                                  {
                                                                    "label": "\"(aberta,usuario_abriu,titulo,texto,cor,prazo_final_nota,data_criacao) values(\"",
                                                                    "type": "Literal",
                                                                    "children": []
                                                                  }
                                                                ]
                                                              },
                                                              {
                                                                "label": "getAberta",
                                                                "type": "Invocation",
                                                                "children": [
                                                                  {
                                                                    "label": "nota",
                                                                    "type": "VariableRead",
                                                                    "children": []
                                                                  }
                                                                ]
                                                              }
                                                            ]
                                                          },
                                                          {
                                                            "label": "\",\"",
                                                            "type": "Literal",
                                                            "children": []
                                                          }
                                                        ]
                                                      },
                                                      {
                                                        "label": "getUsuario_abriu",
                                                        "type": "Invocation",
                                                        "children": [
                                                          {
                                                            "label": "nota",
                                                            "type": "VariableRead",
                                                            "children": []
                                                          }
                                                        ]
                                                      }
                                                    ]
                                                  },
                                                  {
                                                    "label": "\",\"",
                                                    "type": "Literal",
                                                    "children": []
                                                  }
                                                ]
                                              },
                                              {
                                                "label": "getTitulo",
                                                "type": "Invocation",
                                                "children": [
                                                  {
                                                    "label": "nota",
                                                    "type": "VariableRead",
                                                    "children": []
                                                  }
                                                ]
                                              }
                                            ]
                                          },
                                          {
                                            "label": "\",\"",
                                            "type": "Literal",
                                            "children": []
                                          }
                                        ]
                                      },
                                      {
                                        "label": "getTexto",
                                        "type": "Invocation",
                                        "children": [
                                          {
                                            "label": "nota",
                                            "type": "VariableRead",
                                            "children": []
                                          }
                                        ]
                                      }
                                    ]
                                  },
                                  {
                                    "label": "\",\"",
                                    "type": "Literal",
                                    "children": []
                                  }
                                ]
                              },
                              {
                                "label": "getCor",
                                "type": "Invocation",
                                "children": [
                                  {
                                    "label": "nota",
                                    "type": "VariableRead",
                                    "children": []
                                  }
                                ]
                              }
                            ]
                          },
                          {
                            "label": "\",\"",
                            "type": "Literal",
                            "children": []
                          }
                        ]
                      },
                      {
                        "label": "java.lang.Object()",
                        "type": "ConstructorCall",
                        "children": [
                          {
                            "label": "getTimeInMillis",
                            "type": "Invocation",
                            "children": [
                              {
                                "label": "getPrazo_final",
                                "type": "Invocation",
                                "children": [
                                  {
                                    "label": "nota",
                                    "type": "VariableRead",
                                    "children": []
                                  }
                                ]
                              }
                            ]
                          }
                        ]
                      }
                    ]
                  },
                  {
                    "label": "\",\"",
                    "type": "Literal",
                    "children": []
                  }
                ]
              },
              {
                "label": "java.lang.Object()",
                "type": "ConstructorCall",
                "children": [
                  {
                    "label": "getTimeInMillis",
                    "type": "Invocation",
                    "children": [
                      {
                        "label": "getData_criacao",
                        "type": "Invocation",
                        "children": [
                          {
                            "label": "nota",
                            "type": "VariableRead",
                            "children": []
                          }
                        ]
                      }
                    ]
                  }
                ]
              }
            ]
          },
          {
            "label": "\")\"",
            "type": "Literal",
            "children": []
          }
        ]
      },
      {
        "type": "root",
        "children": [],
        "label": "Statement"
      },
      {
        "label": "createStatement",
        "type": "Invocation",
        "children": [
          {
            "label": "connection",
            "type": "FieldRead",
            "children": []
          }
        ]
      },
      {
        "label": "",
        "type": "Catch",
        "children": [
          {
            "label": "e",
            "type": "CatchVariable",
            "children": [
              {
                "label": "SQLException",
                "type": "VARIABLE_TYPE",
                "children": []
              }
            ]
          },
          {
            "label": "printStackTrace",
            "type": "Invocation",
            "children": [
              {
                "label": "e",
                "type": "VariableRead",
                "children": []
              }
            ]
          }
        ]
      },
      {
        "label": "sql",
        "type": "VariableRead",
        "children": []
      },
      {
        "label": "",
        "type": "Catch",
        "children": [
          {
            "label": "e",
            "type": "CatchVariable",
            "children": [
              {
                "label": "SQLException",
                "type": "VARIABLE_TYPE",
                "children": []
              }
            ]
          },
          {
            "label": "printStackTrace",
            "type": "Invocation",
            "children": [
              {
                "label": "e",
                "type": "VariableRead",
                "children": []
              }
            ]
          }
        ]
      }
    ]
  },
  "after_tree": {
    "label": "edit_root",
    "type": "edit_unit",
    "children": [
      {
        "label": "PLUS",
        "type": "BinaryOperator",
        "children": [
          {
            "label": "\"INSERT INTO Notas\"",
            "type": "Literal",
            "children": []
          },
          {
            "label": "\"(aberta,usuario_abriu,titulo,texto,cor,prazo_final_nota,data_criacao) values(?,?,?,?,?,?,?)\"",
            "type": "Literal",
            "children": []
          }
        ]
      },
      {
        "type": "root",
        "children": [],
        "label": "PreparedStatement"
      },
      {
        "label": "prepareStatement",
        "type": "Invocation",
        "children": [
          {
            "label": "connection",
            "type": "FieldRead",
            "children": []
          },
          {
            "label": "sql",
            "type": "VariableRead",
            "children": []
          }
        ]
      },
      {
        "label": "",
        "type": "Catch",
        "children": [
          {
            "label": "e",
            "type": "CatchVariable",
            "children": [
              {
                "label": "SQLException",
                "type": "VARIABLE_TYPE",
                "children": []
              }
            ]
          },
          {
            "label": "printStackTrace",
            "type": "Invocation",
            "children": [
              {
                "label": "e",
                "type": "VariableRead",
                "children": []
              }
            ]
          }
        ]
      },
      {
        "label": "",
        "type": "Try",
        "children": [
          {
            "label": "setObject",
            "type": "Invocation",
            "children": [
              {
                "label": "stmt",
                "type": "VariableRead",
                "children": []
              },
              {
                "label": "1",
                "type": "Literal",
                "children": []
              },
              {
                "label": "getAberta",
                "type": "Invocation",
                "children": [
                  {
                    "label": "nota",
                    "type": "VariableRead",
                    "children": []
                  }
                ]
              }
            ]
          },
          {
            "label": "",
            "type": "Catch",
            "children": [
              {
                "label": "e",
                "type": "CatchVariable",
                "children": [
                  {
                    "label": "SQLException",
                    "type": "VARIABLE_TYPE",
                    "children": []
                  }
                ]
              },
              {
                "label": "printStackTrace",
                "type": "Invocation",
                "children": [
                  {
                    "label": "e",
                    "type": "VariableRead",
                    "children": []
                  }
                ]
              }
            ]
          }
        ]
      },
      {
        "label": "",
        "type": "Try",
        "children": [
          {
            "label": "setObject",
            "type": "Invocation",
            "children": [
              {
                "label": "stmt",
                "type": "VariableRead",
                "children": []
              },
              {
                "label": "2",
                "type": "Literal",
                "children": []
              },
              {
                "label": "getUsuario_abriu",
                "type": "Invocation",
                "children": [
                  {
                    "label": "nota",
                    "type": "VariableRead",
                    "children": []
                  }
                ]
              }
            ]
          },
          {
            "label": "",
            "type": "Catch",
            "children": [
              {
                "label": "e",
                "type": "CatchVariable",
                "children": [
                  {
                    "label": "SQLException",
                    "type": "VARIABLE_TYPE",
                    "children": []
                  }
                ]
              },
              {
                "label": "printStackTrace",
                "type": "Invocation",
                "children": [
                  {
                    "label": "e",
                    "type": "VariableRead",
                    "children": []
                  }
                ]
              }
            ]
          }
        ]
      },
      {
        "label": "",
        "type": "Try",
        "children": [
          {
            "label": "setObject",
            "type": "Invocation",
            "children": [
              {
                "label": "stmt",
                "type": "VariableRead",
                "children": []
              },
              {
                "label": "3",
                "type": "Literal",
                "children": []
              },
              {
                "label": "getTitulo",
                "type": "Invocation",
                "children": [
                  {
                    "label": "nota",
                    "type": "VariableRead",
                    "children": []
                  }
                ]
              }
            ]
          },
          {
            "label": "",
            "type": "Catch",
            "children": [
              {
                "label": "e",
                "type": "CatchVariable",
                "children": [
                  {
                    "label": "SQLException",
                    "type": "VARIABLE_TYPE",
                    "children": []
                  }
                ]
              },
              {
                "label": "printStackTrace",
                "type": "Invocation",
                "children": [
                  {
                    "label": "e",
                    "type": "VariableRead",
                    "children": []
                  }
                ]
              }
            ]
          }
        ]
      },
      {
        "label": "",
        "type": "Try",
        "children": [
          {
            "label": "setObject",
            "type": "Invocation",
            "children": [
              {
                "label": "stmt",
                "type": "VariableRead",
                "children": []
              },
              {
                "label": "4",
                "type": "Literal",
                "children": []
              },
              {
                "label": "getTexto",
                "type": "Invocation",
                "children": [
                  {
                    "label": "nota",
                    "type": "VariableRead",
                    "children": []
                  }
                ]
              }
            ]
          },
          {
            "label": "",
            "type": "Catch",
            "children": [
              {
                "label": "e",
                "type": "CatchVariable",
                "children": [
                  {
                    "label": "SQLException",
                    "type": "VARIABLE_TYPE",
                    "children": []
                  }
                ]
              },
              {
                "label": "printStackTrace",
                "type": "Invocation",
                "children": [
                  {
                    "label": "e",
                    "type": "VariableRead",
                    "children": []
                  }
                ]
              }
            ]
          }
        ]
      },
      {
        "label": "",
        "type": "Try",
        "children": [
          {
            "label": "setObject",
            "type": "Invocation",
            "children": [
              {
                "label": "stmt",
                "type": "VariableRead",
                "children": []
              },
              {
                "label": "5",
                "type": "Literal",
                "children": []
              },
              {
                "label": "getCor",
                "type": "Invocation",
                "children": [
                  {
                    "label": "nota",
                    "type": "VariableRead",
                    "children": []
                  }
                ]
              }
            ]
          },
          {
            "label": "",
            "type": "Catch",
            "children": [
              {
                "label": "e",
                "type": "CatchVariable",
                "children": [
                  {
                    "label": "SQLException",
                    "type": "VARIABLE_TYPE",
                    "children": []
                  }
                ]
              },
              {
                "label": "printStackTrace",
                "type": "Invocation",
                "children": [
                  {
                    "label": "e",
                    "type": "VariableRead",
                    "children": []
                  }
                ]
              }
            ]
          }
        ]
      },
      {
        "label": "",
        "type": "Try",
        "children": [
          {
            "label": "setDate",
            "type": "Invocation",
            "children": [
              {
                "label": "stmt",
                "type": "VariableRead",
                "children": []
              },
              {
                "label": "6",
                "type": "Literal",
                "children": []
              },
              {
                "label": "java.lang.Object()",
                "type": "ConstructorCall",
                "children": [
                  {
                    "label": "getTimeInMillis",
                    "type": "Invocation",
                    "children": [
                      {
                        "label": "getPrazo_final",
                        "type": "Invocation",
                        "children": [
                          {
                            "label": "nota",
                            "type": "VariableRead",
                            "children": []
                          }
                        ]
                      }
                    ]
                  }
                ]
              }
            ]
          },
          {
            "label": "",
            "type": "Catch",
            "children": [
              {
                "label": "e",
                "type": "CatchVariable",
                "children": [
                  {
                    "label": "SQLException",
                    "type": "VARIABLE_TYPE",
                    "children": []
                  }
                ]
              },
              {
                "label": "printStackTrace",
                "type": "Invocation",
                "children": [
                  {
                    "label": "e",
                    "type": "VariableRead",
                    "children": []
                  }
                ]
              }
            ]
          }
        ]
      },
      {
        "label": "",
        "type": "Try",
        "children": [
          {
            "label": "setDate",
            "type": "Invocation",
            "children": [
              {
                "label": "stmt",
                "type": "VariableRead",
                "children": []
              },
              {
                "label": "7",
                "type": "Literal",
                "children": []
              },
              {
                "label": "java.lang.Object()",
                "type": "ConstructorCall",
                "children": [
                  {
                    "label": "getTimeInMillis",
                    "type": "Invocation",
                    "children": [
                      {
                        "label": "getData_criacao",
                        "type": "Invocation",
                        "children": [
                          {
                            "label": "nota",
                            "type": "VariableRead",
                            "children": []
                          }
                        ]
                      }
                    ]
                  }
                ]
              }
            ]
          },
          {
            "label": "",
            "type": "Catch",
            "children": [
              {
                "label": "e",
                "type": "CatchVariable",
                "children": [
                  {
                    "label": "SQLException",
                    "type": "VARIABLE_TYPE",
                    "children": []
                  }
                ]
              },
              {
                "label": "printStackTrace",
                "type": "Invocation",
                "children": [
                  {
                    "label": "e",
                    "type": "VariableRead",
                    "children": []
                  }
                ]
              }
            ]
          }
        ]
      },
      {
        "label": "",
        "type": "Catch",
        "children": [
          {
            "label": "e",
            "type": "CatchVariable",
            "children": [
              {
                "label": "SQLException",
                "type": "VARIABLE_TYPE",
                "children": []
              }
            ]
          },
          {
            "label": "printStackTrace",
            "type": "Invocation",
            "children": [
              {
                "label": "e",
                "type": "VariableRead",
                "children": []
              }
            ]
          }
        ]
      }
    ]
  }
}