{
  "before_code": "Statement\nconn.createStatement()\np.executeUpdate(((((((\"UPDATE Resurse_Financiare  SET descriere\u003d\" + rf.getDescriere()) + \",suma\u003d\") + rf.getSuma()) + \", tip\u003d\") + tip) + \" where id\u003d\") + rf.getId())\n",
  "after_code": "PreparedStatement\nconn.prepareStatement(\"UPDATE Resurse_Financiare  SET descriere\u003d?, suma\u003d?, tip\u003d? where id\u003d?\")\np.setObject(1, rf.getDescriere())\np.setObject(2, rf.getSuma())\np.setObject(3, tip)\np.setObject(4, rf.getId())\np.executeUpdate()\n",
  "before_tree": {
    "label": "edit_root",
    "type": "edit_unit",
    "children": [
      {
        "type": "root",
        "children": [],
        "label": "Statement"
      },
      {
        "label": "createStatement",
        "type": "Invocation",
        "children": [
          {
            "label": "conn",
            "type": "VariableRead",
            "children": []
          }
        ]
      },
      {
        "label": "executeUpdate",
        "type": "Invocation",
        "children": [
          {
            "label": "p",
            "type": "VariableRead",
            "children": []
          },
          {
            "label": "PLUS",
            "type": "BinaryOperator",
            "children": [
              {
                "label": "PLUS",
                "type": "BinaryOperator",
                "children": [
                  {
                    "label": "PLUS",
                    "type": "BinaryOperator",
                    "children": [
                      {
                        "label": "PLUS",
                        "type": "BinaryOperator",
                        "children": [
                          {
                            "label": "PLUS",
                            "type": "BinaryOperator",
                            "children": [
                              {
                                "label": "PLUS",
                                "type": "BinaryOperator",
                                "children": [
                                  {
                                    "label": "PLUS",
                                    "type": "BinaryOperator",
                                    "children": [
                                      {
                                        "label": "\"UPDATE Resurse_Financiare  SET descriere\u003d\"",
                                        "type": "Literal",
                                        "children": []
                                      },
                                      {
                                        "label": "getDescriere",
                                        "type": "Invocation",
                                        "children": [
                                          {
                                            "label": "rf",
                                            "type": "VariableRead",
                                            "children": []
                                          }
                                        ]
                                      }
                                    ]
                                  },
                                  {
                                    "label": "\",suma\u003d\"",
                                    "type": "Literal",
                                    "children": []
                                  }
                                ]
                              },
                              {
                                "label": "getSuma",
                                "type": "Invocation",
                                "children": [
                                  {
                                    "label": "rf",
                                    "type": "VariableRead",
                                    "children": []
                                  }
                                ]
                              }
                            ]
                          },
                          {
                            "label": "\", tip\u003d\"",
                            "type": "Literal",
                            "children": []
                          }
                        ]
                      },
                      {
                        "label": "tip",
                        "type": "VariableRead",
                        "children": []
                      }
                    ]
                  },
                  {
                    "label": "\" where id\u003d\"",
                    "type": "Literal",
                    "children": []
                  }
                ]
              },
              {
                "label": "getId",
                "type": "Invocation",
                "children": [
                  {
                    "label": "rf",
                    "type": "VariableRead",
                    "children": []
                  }
                ]
              }
            ]
          }
        ]
      }
    ]
  },
  "after_tree": {
    "label": "edit_root",
    "type": "edit_unit",
    "children": [
      {
        "type": "root",
        "children": [],
        "label": "PreparedStatement"
      },
      {
        "label": "prepareStatement",
        "type": "Invocation",
        "children": [
          {
            "label": "conn",
            "type": "VariableRead",
            "children": []
          },
          {
            "label": "\"UPDATE Resurse_Financiare  SET descriere\u003d?, suma\u003d?, tip\u003d? where id\u003d?\"",
            "type": "Literal",
            "children": []
          }
        ]
      },
      {
        "label": "setObject",
        "type": "Invocation",
        "children": [
          {
            "label": "p",
            "type": "VariableRead",
            "children": []
          },
          {
            "label": "1",
            "type": "Literal",
            "children": []
          },
          {
            "label": "getDescriere",
            "type": "Invocation",
            "children": [
              {
                "label": "rf",
                "type": "VariableRead",
                "children": []
              }
            ]
          }
        ]
      },
      {
        "label": "setObject",
        "type": "Invocation",
        "children": [
          {
            "label": "p",
            "type": "VariableRead",
            "children": []
          },
          {
            "label": "2",
            "type": "Literal",
            "children": []
          },
          {
            "label": "getSuma",
            "type": "Invocation",
            "children": [
              {
                "label": "rf",
                "type": "VariableRead",
                "children": []
              }
            ]
          }
        ]
      },
      {
        "label": "setObject",
        "type": "Invocation",
        "children": [
          {
            "label": "p",
            "type": "VariableRead",
            "children": []
          },
          {
            "label": "3",
            "type": "Literal",
            "children": []
          },
          {
            "label": "tip",
            "type": "VariableRead",
            "children": []
          }
        ]
      },
      {
        "label": "setObject",
        "type": "Invocation",
        "children": [
          {
            "label": "p",
            "type": "VariableRead",
            "children": []
          },
          {
            "label": "4",
            "type": "Literal",
            "children": []
          },
          {
            "label": "getId",
            "type": "Invocation",
            "children": [
              {
                "label": "rf",
                "type": "VariableRead",
                "children": []
              }
            ]
          }
        ]
      },
      {
        "label": "executeUpdate",
        "type": "Invocation",
        "children": [
          {
            "label": "p",
            "type": "VariableRead",
            "children": []
          }
        ]
      }
    ]
  }
}