{
  "before_code": "\"SELECT * FROM `movie_feature` WHERE datepost \u003c CURRENT_TIMESTAMP order by datepost desc LIMIT 0,\" + NoPage\nStatement\ncon.createStatement()\ns\n",
  "after_code": "\"SELECT * FROM `movie_feature` WHERE datepost \u003c CURRENT_TIMESTAMP order by datepost desc LIMIT 0,?\"\nPreparedStatement\ncon.prepareStatement(s)\npstm.setObject(1, NoPage)\n",
  "before_tree": {
    "label": "edit_root",
    "type": "edit_unit",
    "children": [
      {
        "label": "PLUS",
        "type": "BinaryOperator",
        "children": [
          {
            "label": "\"SELECT * FROM `movie_feature` WHERE datepost \u003c CURRENT_TIMESTAMP order by datepost desc LIMIT 0,\"",
            "type": "Literal",
            "children": []
          },
          {
            "label": "NoPage",
            "type": "VariableRead",
            "children": []
          }
        ]
      },
      {
        "type": "root",
        "children": [],
        "label": "Statement"
      },
      {
        "label": "createStatement",
        "type": "Invocation",
        "children": [
          {
            "label": "con",
            "type": "VariableRead",
            "children": []
          }
        ]
      },
      {
        "label": "s",
        "type": "VariableRead",
        "children": []
      }
    ]
  },
  "after_tree": {
    "label": "edit_root",
    "type": "edit_unit",
    "children": [
      {
        "label": "\"SELECT * FROM `movie_feature` WHERE datepost \u003c CURRENT_TIMESTAMP order by datepost desc LIMIT 0,?\"",
        "type": "Literal",
        "children": []
      },
      {
        "type": "root",
        "children": [],
        "label": "PreparedStatement"
      },
      {
        "label": "prepareStatement",
        "type": "Invocation",
        "children": [
          {
            "label": "con",
            "type": "VariableRead",
            "children": []
          },
          {
            "label": "s",
            "type": "VariableRead",
            "children": []
          }
        ]
      },
      {
        "label": "setObject",
        "type": "Invocation",
        "children": [
          {
            "label": "pstm",
            "type": "VariableRead",
            "children": []
          },
          {
            "label": "1",
            "type": "Literal",
            "children": []
          },
          {
            "label": "NoPage",
            "type": "VariableRead",
            "children": []
          }
        ]
      }
    ]
  }
}